aarch64-none-elf-as -mcpu=cortex-a53 -c -o build/FreeRTOS_asm_vector.o Demo/FreeRTOS_asm_vector.S
aarch64-none-elf-gcc -mcpu=cortex-a53 -fpic -ffreestanding -std=gnu99 -O2 -Wall -Wextra -IFreeRTOS/Source/include -IFreeRTOS/Source/portable/GCC/ARM_CA53_64_RaspberryPi3 -IDemo -IFreeRTOS_Plus_Cli -IDrivers/serial -IDrivers/Linux/net/wireless -IDrivers/Linux/net/mac80211 -IDrivers/Linux/drivers/net/wireless/virtual -IDrivers/Linux/include -IDrivers/Linux/include/uapi -include stdbool.h -include stddef.h -c -o build/wireless/ap.o Drivers/Linux/net/wireless/ap.c
In file included from Drivers/Linux/net/wireless/ap.c:6:
Drivers/Linux/include/linux/ieee80211.h:300:2: error: expected specifier-qualifier-list before 'struct_group'
  300 |  struct_group(addrs,
      |  ^~~~~~~~~~~~
Drivers/Linux/include/linux/ieee80211.h:312:11: error: 'ETH_ALEN' undeclared here (not in a function)
  312 |  u8 addr1[ETH_ALEN];
      |           ^~~~~~~~
Drivers/Linux/include/linux/ieee80211.h: In function 'ieee80211_has_tods':
Drivers/Linux/include/linux/ieee80211.h:355:15: warning: implicit declaration of function 'cpu_to_le16' [-Wimplicit-function-declaration]
  355 |  return (fc & cpu_to_le16(IEEE80211_FCTL_TODS)) != 0;
      |               ^~~~~~~~~~~
Drivers/Linux/include/linux/ieee80211.h: In function 'ieee80211_is_frag':
Drivers/Linux/include/linux/ieee80211.h:797:12: error: 'struct ieee80211_hdr' has no member named 'seq_ctrl'
  797 |         hdr->seq_ctrl & cpu_to_le16(IEEE80211_SCTL_FRAG);
      |            ^~
Drivers/Linux/include/linux/ieee80211.h: In function 'ieee80211_get_sn':
Drivers/Linux/include/linux/ieee80211.h:802:9: warning: implicit declaration of function 'le16_get_bits' [-Wimplicit-function-declaration]
  802 |  return le16_get_bits(hdr->seq_ctrl, IEEE80211_SCTL_SEQ);
      |         ^~~~~~~~~~~~~
Drivers/Linux/include/linux/ieee80211.h:802:26: error: 'struct ieee80211_hdr' has no member named 'seq_ctrl'
  802 |  return le16_get_bits(hdr->seq_ctrl, IEEE80211_SCTL_SEQ);
      |                          ^~
Drivers/Linux/include/linux/ieee80211.h: At top level:
Drivers/Linux/include/linux/ieee80211.h:919:3: error: expected specifier-qualifier-list before 'DECLARE_FLEX_ARRAY'
  919 |   DECLARE_FLEX_ARRAY(u8, virtual_map);
      |   ^~~~~~~~~~~~~~~~~~
Drivers/Linux/include/linux/ieee80211.h:1037:4: error: expected specifier-qualifier-list before 'DECLARE_FLEX_ARRAY'
 1037 |    DECLARE_FLEX_ARRAY(u8, variable);
      |    ^~~~~~~~~~~~~~~~~~
Drivers/Linux/include/linux/ieee80211.h:1197:3: error: expected specifier-qualifier-list before 'DECLARE_FLEX_ARRAY'
 1197 |   DECLARE_FLEX_ARRAY(u8, body); /* Generic frame body */
      |   ^~~~~~~~~~~~~~~~~~
Drivers/Linux/include/linux/ieee80211.h:2143:43: warning: implicit declaration of function 'BIT' [-Wimplicit-function-declaration]
 2143 |  WLAN_IDLE_OPTIONS_PROTECTED_KEEP_ALIVE = BIT(0),
      |                                           ^~~
Drivers/Linux/include/linux/ieee80211.h:2143:2: error: enumerator value for 'WLAN_IDLE_OPTIONS_PROTECTED_KEEP_ALIVE' is not an integer constant
 2143 |  WLAN_IDLE_OPTIONS_PROTECTED_KEEP_ALIVE = BIT(0),
      |  ^~~~~~~~~~~~~~~~~~~~~~~~~~~~~~~~~~~~~~
Drivers/Linux/include/linux/ieee80211.h: In function 'ieee80211_get_SA':
Drivers/Linux/include/linux/ieee80211.h:2344:13: error: 'struct ieee80211_hdr' has no member named 'addr4'
 2344 |   return hdr->addr4;
      |             ^~
Drivers/Linux/include/linux/ieee80211.h:2346:13: error: 'struct ieee80211_hdr' has no member named 'addr3'
 2346 |   return hdr->addr3;
      |             ^~
Drivers/Linux/include/linux/ieee80211.h:2347:12: error: 'struct ieee80211_hdr' has no member named 'addr2'
 2347 |  return hdr->addr2;
      |            ^~
Drivers/Linux/include/linux/ieee80211.h: In function 'ieee80211_get_DA':
Drivers/Linux/include/linux/ieee80211.h:2364:13: error: 'struct ieee80211_hdr' has no member named 'addr3'
 2364 |   return hdr->addr3;
      |             ^~
Drivers/Linux/include/linux/ieee80211.h:2366:13: error: 'struct ieee80211_hdr' has no member named 'addr1'
 2366 |   return hdr->addr1;
      |             ^~
Drivers/Linux/include/linux/ieee80211.h: At top level:
Drivers/Linux/include/linux/ieee80211.h:2374:57: warning: 'struct sk_buff' declared inside parameter list will not be visible outside of this definition or declaration
 2374 | static inline bool ieee80211_is_bufferable_mmpdu(struct sk_buff *skb)
      |                                                         ^~~~~~~
Drivers/Linux/include/linux/ieee80211.h: In function 'ieee80211_is_bufferable_mmpdu':
Drivers/Linux/include/linux/ieee80211.h:2376:43: error: invalid use of undefined type 'struct sk_buff'
 2376 |  struct ieee80211_mgmt *mgmt = (void *)skb->data;
      |                                           ^~
Drivers/Linux/include/linux/ieee80211.h:2392:9: error: invalid use of undefined type 'struct sk_buff'
 2392 |  if (skb->len < offsetofend(typeof(*mgmt), u.action.u.ftm.action_code))
      |         ^~
Drivers/Linux/include/linux/ieee80211.h:2392:17: warning: implicit declaration of function 'offsetofend'; did you mean 'offsetof'? [-Wimplicit-function-declaration]
 2392 |  if (skb->len < offsetofend(typeof(*mgmt), u.action.u.ftm.action_code))
      |                 ^~~~~~~~~~~
      |                 offsetof
Drivers/Linux/include/linux/ieee80211.h:2392:29: error: expected expression before 'typeof'
 2392 |  if (skb->len < offsetofend(typeof(*mgmt), u.action.u.ftm.action_code))
      |                             ^~~~~~
Drivers/Linux/include/linux/ieee80211.h: At top level:
Drivers/Linux/include/linux/ieee80211.h:2450:58: warning: 'struct sk_buff' declared inside parameter list will not be visible outside of this definition or declaration
 2450 | static inline bool ieee80211_is_robust_mgmt_frame(struct sk_buff *skb)
      |                                                          ^~~~~~~
Drivers/Linux/include/linux/ieee80211.h: In function 'ieee80211_is_robust_mgmt_frame':
Drivers/Linux/include/linux/ieee80211.h:2452:9: error: invalid use of undefined type 'struct sk_buff'
 2452 |  if (skb->len < IEEE80211_MIN_ACTION_SIZE)
      |         ^~
Drivers/Linux/include/linux/ieee80211.h:2454:52: error: invalid use of undefined type 'struct sk_buff'
 2454 |  return _ieee80211_is_robust_mgmt_frame((void *)skb->data);
      |                                                    ^~
Drivers/Linux/include/linux/ieee80211.h: At top level:
Drivers/Linux/include/linux/ieee80211.h:2484:53: warning: 'struct sk_buff' declared inside parameter list will not be visible outside of this definition or declaration
 2484 | ieee80211_is_protected_dual_of_public_action(struct sk_buff *skb)
      |                                                     ^~~~~~~
Drivers/Linux/include/linux/ieee80211.h: In function 'ieee80211_is_protected_dual_of_public_action':
Drivers/Linux/include/linux/ieee80211.h:2488:45: error: invalid use of undefined type 'struct sk_buff'
 2488 |  if (!ieee80211_is_public_action((void *)skb->data, skb->len) ||
      |                                             ^~
Drivers/Linux/include/linux/ieee80211.h:2488:56: error: invalid use of undefined type 'struct sk_buff'
 2488 |  if (!ieee80211_is_public_action((void *)skb->data, skb->len) ||
      |                                                        ^~
Drivers/Linux/include/linux/ieee80211.h:2489:9: error: invalid use of undefined type 'struct sk_buff'
 2489 |      skb->len < IEEE80211_MIN_ACTION_SIZE + 1)
      |         ^~
Drivers/Linux/include/linux/ieee80211.h:2492:22: error: invalid use of undefined type 'struct sk_buff'
 2492 |  action = *(u8 *)(skb->data + IEEE80211_MIN_ACTION_SIZE);
      |                      ^~
Drivers/Linux/include/linux/ieee80211.h: In function '_ieee80211_is_group_privacy_action':
Drivers/Linux/include/linux/ieee80211.h:2516:7: warning: implicit declaration of function 'is_multicast_ether_addr' [-Wimplicit-function-declaration]
 2516 |      !is_multicast_ether_addr(hdr->addr1))
      |       ^~~~~~~~~~~~~~~~~~~~~~~
Drivers/Linux/include/linux/ieee80211.h:2516:34: error: 'struct ieee80211_hdr' has no member named 'addr1'
 2516 |      !is_multicast_ether_addr(hdr->addr1))
      |                                  ^~
Drivers/Linux/include/linux/ieee80211.h: At top level:
Drivers/Linux/include/linux/ieee80211.h:2529:61: warning: 'struct sk_buff' declared inside parameter list will not be visible outside of this definition or declaration
 2529 | static inline bool ieee80211_is_group_privacy_action(struct sk_buff *skb)
      |                                                             ^~~~~~~
Drivers/Linux/include/linux/ieee80211.h: In function 'ieee80211_is_group_privacy_action':
Drivers/Linux/include/linux/ieee80211.h:2531:9: error: invalid use of undefined type 'struct sk_buff'
 2531 |  if (skb->len < IEEE80211_MIN_ACTION_SIZE)
      |         ^~
Drivers/Linux/include/linux/ieee80211.h:2533:55: error: invalid use of undefined type 'struct sk_buff'
 2533 |  return _ieee80211_is_group_privacy_action((void *)skb->data);
      |                                                       ^~
Drivers/Linux/include/linux/ieee80211.h: In function '__ieee80211_check_tim':
Drivers/Linux/include/linux/ieee80211.h:2552:6: warning: implicit declaration of function 'unlikely' [-Wimplicit-function-declaration]
 2552 |  if (unlikely(!tim || tim_len < sizeof(*tim)))
      |      ^~~~~~~~
Drivers/Linux/include/linux/ieee80211.h:2567:15: error: 'const struct ieee80211_tim_ie' has no member named 'virtual_map'
 2567 |  return !!(tim->virtual_map[index] & mask);
      |               ^~
Drivers/Linux/include/linux/ieee80211.h: At top level:
Drivers/Linux/include/linux/ieee80211.h:2579:52: warning: 'struct sk_buff' declared inside parameter list will not be visible outside of this definition or declaration
 2579 | static inline int ieee80211_get_tdls_action(struct sk_buff *skb)
      |                                                    ^~~~~~~
Drivers/Linux/include/linux/ieee80211.h: In function 'ieee80211_get_tdls_action':
Drivers/Linux/include/linux/ieee80211.h:2581:7: warning: implicit declaration of function 'skb_is_nonlinear' [-Wimplicit-function-declaration]
 2581 |  if (!skb_is_nonlinear(skb) &&
      |       ^~~~~~~~~~~~~~~~
Drivers/Linux/include/linux/ieee80211.h:2582:9: error: invalid use of undefined type 'struct sk_buff'
 2582 |      skb->len > (skb_network_offset(skb) + 2)) {
      |         ^~
Drivers/Linux/include/linux/ieee80211.h:2582:18: warning: implicit declaration of function 'skb_network_offset' [-Wimplicit-function-declaration]
 2582 |      skb->len > (skb_network_offset(skb) + 2)) {
      |                  ^~~~~~~~~~~~~~~~~~
Drivers/Linux/include/linux/ieee80211.h:2584:25: warning: implicit declaration of function 'skb_network_header' [-Wimplicit-function-declaration]
 2584 |   const u8 *tdls_data = skb_network_header(skb) - 2;
      |                         ^~~~~~~~~~~~~~~~~~
Drivers/Linux/include/linux/ieee80211.h:2584:25: warning: initialization of 'const u8 *' {aka 'const unsigned char *'} from 'int' makes pointer from integer without a cast [-Wint-conversion]
Drivers/Linux/include/linux/ieee80211.h:2586:7: warning: implicit declaration of function 'get_unaligned_be16' [-Wimplicit-function-declaration]
 2586 |   if (get_unaligned_be16(tdls_data) == ETH_P_TDLS &&
      |       ^~~~~~~~~~~~~~~~~~
Drivers/Linux/include/linux/ieee80211.h:2586:40: error: 'ETH_P_TDLS' undeclared (first use in this function)
 2586 |   if (get_unaligned_be16(tdls_data) == ETH_P_TDLS &&
      |                                        ^~~~~~~~~~
Drivers/Linux/include/linux/ieee80211.h:2586:40: note: each undeclared identifier is reported only once for each function it appears in
Drivers/Linux/include/linux/ieee80211.h: At top level:
Drivers/Linux/include/linux/ieee80211.h:2620:57: warning: 'struct sk_buff' declared inside parameter list will not be visible outside of this definition or declaration
 2620 | static inline bool ieee80211_action_contains_tpc(struct sk_buff *skb)
      |                                                         ^~~~~~~
Drivers/Linux/include/linux/ieee80211.h: In function 'ieee80211_action_contains_tpc':
Drivers/Linux/include/linux/ieee80211.h:2622:43: error: invalid use of undefined type 'struct sk_buff'
 2622 |  struct ieee80211_mgmt *mgmt = (void *)skb->data;
      |                                           ^~
Drivers/Linux/include/linux/ieee80211.h:2627:9: error: invalid use of undefined type 'struct sk_buff'
 2627 |  if (skb->len < IEEE80211_MIN_ACTION_SIZE +
      |         ^~
Drivers/Linux/include/linux/ieee80211.h: At top level:
Drivers/Linux/include/linux/ieee80211.h:2664:59: warning: 'struct sk_buff' declared inside parameter list will not be visible outside of this definition or declaration
 2664 | static inline bool ieee80211_is_timing_measurement(struct sk_buff *skb)
      |                                                           ^~~~~~~
Drivers/Linux/include/linux/ieee80211.h: In function 'ieee80211_is_timing_measurement':
Drivers/Linux/include/linux/ieee80211.h:2666:43: error: invalid use of undefined type 'struct sk_buff'
 2666 |  struct ieee80211_mgmt *mgmt = (void *)skb->data;
      |                                           ^~
Drivers/Linux/include/linux/ieee80211.h:2668:9: error: invalid use of undefined type 'struct sk_buff'
 2668 |  if (skb->len < IEEE80211_MIN_ACTION_SIZE)
      |         ^~
Drivers/Linux/include/linux/ieee80211.h:2677:9: error: invalid use of undefined type 'struct sk_buff'
 2677 |      skb->len >= offsetofend(typeof(*mgmt), u.action.u.wnm_timing_msr))
      |         ^~
Drivers/Linux/include/linux/ieee80211.h:2677:30: error: expected expression before 'typeof'
 2677 |      skb->len >= offsetofend(typeof(*mgmt), u.action.u.wnm_timing_msr))
      |                              ^~~~~~
Drivers/Linux/include/linux/ieee80211.h: At top level:
Drivers/Linux/include/linux/ieee80211.h:2688:44: warning: 'struct sk_buff' declared inside parameter list will not be visible outside of this definition or declaration
 2688 | static inline bool ieee80211_is_ftm(struct sk_buff *skb)
      |                                            ^~~~~~~
Drivers/Linux/include/linux/ieee80211.h: In function 'ieee80211_is_ftm':
Drivers/Linux/include/linux/ieee80211.h:2690:43: error: invalid use of undefined type 'struct sk_buff'
 2690 |  struct ieee80211_mgmt *mgmt = (void *)skb->data;
      |                                           ^~
Drivers/Linux/include/linux/ieee80211.h:2692:51: error: invalid use of undefined type 'struct sk_buff'
 2692 |  if (!ieee80211_is_public_action((void *)mgmt, skb->len))
      |                                                   ^~
Drivers/Linux/include/linux/ieee80211.h:2697:9: error: invalid use of undefined type 'struct sk_buff'
 2697 |      skb->len >= offsetofend(typeof(*mgmt), u.action.u.ftm))
      |         ^~
Drivers/Linux/include/linux/ieee80211.h:2697:30: error: expected expression before 'typeof'
 2697 |      skb->len >= offsetofend(typeof(*mgmt), u.action.u.ftm))
      |                              ^~~~~~
In file included from Drivers/Linux/include/linux/ieee80211.h:2854,
                 from Drivers/Linux/net/wireless/ap.c:6:
Drivers/Linux/include/linux/ieee80211-ht.h: At top level:
Drivers/Linux/include/linux/ieee80211-ht.h:50:2: error: unknown type name '__u8'
   50 |  __u8 ra[ETH_ALEN];
      |  ^~~~
Drivers/Linux/include/linux/ieee80211-ht.h:51:2: error: unknown type name '__u8'
   51 |  __u8 ta[ETH_ALEN];
      |  ^~~~
In file included from Drivers/Linux/include/linux/ieee80211.h:2856,
                 from Drivers/Linux/net/wireless/ap.c:6:
Drivers/Linux/include/linux/ieee80211-he.h: In function 'ieee80211_he_ppe_size':
Drivers/Linux/include/linux/ieee80211-he.h:494:6: warning: implicit declaration of function 'hweight8' [-Wimplicit-function-declaration]
  494 |  n = hweight8(ppe_thres_hdr &
      |      ^~~~~~~~
Drivers/Linux/include/linux/ieee80211-he.h:504:6: warning: implicit declaration of function 'DIV_ROUND_UP' [-Wimplicit-function-declaration]
  504 |  n = DIV_ROUND_UP(n, 8);
      |      ^~~~~~~~~~~~
Drivers/Linux/include/linux/ieee80211-he.h: At top level:
Drivers/Linux/include/linux/ieee80211-he.h:589:2: error: enumerator value for 'IEEE80211_REG_CONN_LPI_VALID' is not an integer constant
  589 |  IEEE80211_REG_CONN_LPI_VALID = BIT(0),
      |  ^~~~~~~~~~~~~~~~~~~~~~~~~~~~
Drivers/Linux/include/linux/ieee80211-he.h:590:2: error: enumerator value for 'IEEE80211_REG_CONN_LPI_VALUE' is not an integer constant
  590 |  IEEE80211_REG_CONN_LPI_VALUE = BIT(1),
      |  ^~~~~~~~~~~~~~~~~~~~~~~~~~~~
Drivers/Linux/include/linux/ieee80211-he.h:591:2: error: enumerator value for 'IEEE80211_REG_CONN_SP_VALID' is not an integer constant
  591 |  IEEE80211_REG_CONN_SP_VALID = BIT(2),
      |  ^~~~~~~~~~~~~~~~~~~~~~~~~~~
Drivers/Linux/include/linux/ieee80211-he.h:592:2: error: enumerator value for 'IEEE80211_REG_CONN_SP_VALUE' is not an integer constant
  592 |  IEEE80211_REG_CONN_SP_VALUE = BIT(3),
      |  ^~~~~~~~~~~~~~~~~~~~~~~~~~~
Drivers/Linux/include/linux/ieee80211-he.h: In function 'ieee80211_valid_tpe_element':
Drivers/Linux/include/linux/ieee80211-he.h:651:10: warning: implicit declaration of function 'u8_get_bits' [-Wimplicit-function-declaration]
  651 |  count = u8_get_bits(env->info, IEEE80211_TX_PWR_ENV_INFO_COUNT);
      |          ^~~~~~~~~~~
Drivers/Linux/include/linux/ieee80211-he.h: In function 'ieee80211_he_oper_size':
Drivers/Linux/include/linux/ieee80211-he.h:724:19: warning: implicit declaration of function 'le32_to_cpu' [-Wimplicit-function-declaration]
  724 |  he_oper_params = le32_to_cpu(he_oper->he_oper_params);
      |                   ^~~~~~~~~~~
In file included from Drivers/Linux/include/linux/ieee80211.h:2857,
                 from Drivers/Linux/net/wireless/ap.c:6:
Drivers/Linux/include/linux/ieee80211-eht.h: In function 'ieee80211_eht_ppe_size':
Drivers/Linux/include/linux/ieee80211-eht.h:332:6: warning: implicit declaration of function 'hweight16' [-Wimplicit-function-declaration]
  332 |  n = hweight16(ppe_thres_hdr &
      |      ^~~~~~~~~
Drivers/Linux/include/linux/ieee80211-eht.h:334:11: warning: implicit declaration of function 'u16_get_bits' [-Wimplicit-function-declaration]
  334 |  n *= 1 + u16_get_bits(ppe_thres_hdr, IEEE80211_EHT_PPE_THRES_NSS_MASK);
      |           ^~~~~~~~~~~~
Drivers/Linux/include/linux/ieee80211-eht.h: In function 'ieee80211_eht_capa_size_ok':
Drivers/Linux/include/linux/ieee80211-eht.h:368:19: warning: implicit declaration of function 'get_unaligned_le16' [-Wimplicit-function-declaration]
  368 |   ppe_thres_hdr = get_unaligned_le16(data + needed);
      |                   ^~~~~~~~~~~~~~~~~~
Drivers/Linux/include/linux/ieee80211-eht.h: In function 'ieee80211_mle_common_size':
Drivers/Linux/include/linux/ieee80211-eht.h:583:16: warning: implicit declaration of function 'le16_to_cpu' [-Wimplicit-function-declaration]
  583 |  u16 control = le16_to_cpu(mle->control);
      |                ^~~~~~~~~~~
Drivers/Linux/include/linux/ieee80211-eht.h:597:3: warning: implicit declaration of function 'WARN_ON' [-Wimplicit-function-declaration]
  597 |   WARN_ON(1);
      |   ^~~~~~~
Drivers/Linux/include/linux/ieee80211-eht.h: In function 'ieee80211_mle_basic_sta_prof_size_ok':
Drivers/Linux/include/linux/ieee80211-eht.h:995:40: warning: comparison of integer expressions of different signedness: 'int' and 'size_t' {aka 'long unsigned int'} [-Wsign-compare]
  995 |         fixed + prof->sta_info_len - 1 <= len;
      |                                        ^~
Drivers/Linux/include/linux/ieee80211-eht.h: In function 'ieee80211_mle_reconf_sta_prof_size_ok':
Drivers/Linux/include/linux/ieee80211-eht.h:1074:40: warning: comparison of integer expressions of different signedness: 'int' and 'size_t' {aka 'long unsigned int'} [-Wsign-compare]
 1074 |         fixed + prof->sta_info_len - 1 <= len;
      |                                        ^~
In file included from Drivers/Linux/include/linux/ieee80211.h:2858,
                 from Drivers/Linux/net/wireless/ap.c:6:
Drivers/Linux/include/linux/ieee80211-uhr.h: In function 'ieee80211_uhr_oper_size_ok':
Drivers/Linux/include/linux/ieee80211-uhr.h:61:22: warning: implicit declaration of function 'cpu_to_le32' [-Wimplicit-function-declaration]
   61 |   if (npca->params & cpu_to_le32(IEEE80211_UHR_NPCA_PARAMS_DIS_SUBCH_BMAP_PRES))
      |                      ^~~~~~~~~~~
Drivers/Linux/include/linux/ieee80211-uhr.h: In function 'ieee80211_uhr_npca_dis_subch_bitmap':
Drivers/Linux/include/linux/ieee80211-uhr.h:93:9: warning: taking address of packed member of 'struct ieee80211_uhr_npca_info' may result in an unaligned pointer value [-Waddress-of-packed-member]
   93 |  return npca->dis_subch_bmap;
      |         ^~~~
In file included from Drivers/Linux/include/linux/ieee80211.h:2860,
                 from Drivers/Linux/net/wireless/ap.c:6:
Drivers/Linux/include/linux/ieee80211-s1g.h: In function 'ieee80211_s1g_len_bitmap':
Drivers/Linux/include/linux/ieee80211-s1g.h:373:11: error: 'EINVAL' undeclared (first use in this function)
  373 |   return -EINVAL;
      |           ^~~~~~
Drivers/Linux/include/linux/ieee80211-s1g.h: In function 'ieee80211_s1g_len_single':
Drivers/Linux/include/linux/ieee80211-s1g.h:386:28: error: 'EINVAL' undeclared (first use in this function)
  386 |  return (ptr + 1 > end) ? -EINVAL : 1;
      |                            ^~~~~~
Drivers/Linux/include/linux/ieee80211-s1g.h: In function 'ieee80211_s1g_len_olb':
Drivers/Linux/include/linux/ieee80211-s1g.h:392:11: error: 'EINVAL' undeclared (first use in this function)
  392 |   return -EINVAL;
      |           ^~~~~~
Drivers/Linux/include/linux/ieee80211-s1g.h: In function 'ieee80211_s1g_find_target_block':
Drivers/Linux/include/linux/ieee80211-s1g.h:442:12: error: 'EOPNOTSUPP' undeclared (first use in this function)
  442 |    return -EOPNOTSUPP;
      |            ^~~~~~~~~~
Drivers/Linux/include/linux/ieee80211-s1g.h:460:10: error: 'ENOENT' undeclared (first use in this function)
  460 |  return -ENOENT;
      |          ^~~~~~
Drivers/Linux/include/linux/ieee80211-s1g.h: In function 'ieee80211_s1g_parse_bitmap':
Drivers/Linux/include/linux/ieee80211-s1g.h:488:28: warning: implicit declaration of function 'GENMASK' [-Wimplicit-function-declaration]
  488 |   ptr += hweight8(blkmap & GENMASK(aid->target_subblk - 1, 0));
      |                            ^~~~~~~
Drivers/Linux/include/linux/ieee80211-s1g.h: In function 'ieee80211_s1g_check_tim':
Drivers/Linux/include/linux/ieee80211-s1g.h:558:15: error: 'const struct ieee80211_tim_ie' has no member named 'virtual_map'
  558 |            tim->virtual_map,
      |               ^~
In file included from Drivers/Linux/include/net/cfg80211.h:21,
                 from Drivers/Linux/net/wireless/ap.c:8:
Drivers/Linux/include/uapi/linux/nl80211.h: At top level:
Drivers/Linux/include/uapi/linux/nl80211.h:3745:2: error: unknown type name '__u32'
 3745 |  __u32 mask;
      |  ^~~~~
Drivers/Linux/include/uapi/linux/nl80211.h:3746:2: error: unknown type name '__u32'
 3746 |  __u32 set;
      |  ^~~~~
Drivers/Linux/include/uapi/linux/nl80211.h:5635:2: error: unknown type name '__u16'
 5635 |  __u16 mcs[NL80211_VHT_NSS_MAX];
      |  ^~~~~
Drivers/Linux/include/uapi/linux/nl80211.h:5644:2: error: unknown type name '__u16'
 5644 |  __u16 mcs[NL80211_HE_NSS_MAX];
      |  ^~~~~
Drivers/Linux/include/uapi/linux/nl80211.h:5659:2: error: unknown type name '__u16'
 5659 |  __u16 mcs[NL80211_EHT_NSS_MAX];
      |  ^~~~~
Drivers/Linux/include/uapi/linux/nl80211.h:5902:2: error: unknown type name '__u32'
 5902 |  __u32 max_patterns;
      |  ^~~~~
Drivers/Linux/include/uapi/linux/nl80211.h:5903:2: error: unknown type name '__u32'
 5903 |  __u32 min_pattern_len;
      |  ^~~~~
Drivers/Linux/include/uapi/linux/nl80211.h:5904:2: error: unknown type name '__u32'
 5904 |  __u32 max_pattern_len;
      |  ^~~~~
Drivers/Linux/include/uapi/linux/nl80211.h:5905:2: error: unknown type name '__u32'
 5905 |  __u32 max_pkt_offset;
      |  ^~~~~
Drivers/Linux/include/uapi/linux/nl80211.h:6070:2: error: unknown type name '__u32'
 6070 |  __u32 start, offset, len;
      |  ^~~~~
Drivers/Linux/include/uapi/linux/nl80211.h:6081:2: error: unknown type name '__u32'
 6081 |  __u32 offset, len;
      |  ^~~~~
Drivers/Linux/include/uapi/linux/nl80211.h:6082:2: error: unknown type name '__u8'
 6082 |  __u8 token_stream[];
      |  ^~~~
Drivers/Linux/include/uapi/linux/nl80211.h:6092:2: error: unknown type name '__u32'
 6092 |  __u32 min_len, max_len, bufsize;
      |  ^~~~~
Drivers/Linux/include/uapi/linux/nl80211.h:6156:2: error: unknown type name '__u32'
 6156 |  __u32 max_rules;
      |  ^~~~~
Drivers/Linux/include/uapi/linux/nl80211.h:6158:2: error: unknown type name '__u32'
 6158 |  __u32 max_delay;
      |  ^~~~~
Drivers/Linux/include/uapi/linux/nl80211.h:7170:2: error: unknown type name '__u32'
 7170 |  __u32 vendor_id;
      |  ^~~~~
Drivers/Linux/include/uapi/linux/nl80211.h:7171:2: error: unknown type name '__u32'
 7171 |  __u32 subcmd;
      |  ^~~~~
Drivers/Linux/include/uapi/linux/nl80211.h:7224:2: error: unknown type name '__u8'
 7224 |  __u8 band;
      |  ^~~~
Drivers/Linux/include/uapi/linux/nl80211.h:7225:2: error: unknown type name '__s8'
 7225 |  __s8 delta;
      |  ^~~~
In file included from Drivers/Linux/net/wireless/ap.c:8:
Drivers/Linux/include/net/cfg80211.h:132:2: error: enumerator value for 'IEEE80211_CHAN_DISABLED' is not an integer constant
  132 |  IEEE80211_CHAN_DISABLED   = BIT(0),
      |  ^~~~~~~~~~~~~~~~~~~~~~~
Drivers/Linux/include/net/cfg80211.h:133:2: error: enumerator value for 'IEEE80211_CHAN_NO_IR' is not an integer constant
  133 |  IEEE80211_CHAN_NO_IR   = BIT(1),
      |  ^~~~~~~~~~~~~~~~~~~~
Drivers/Linux/include/net/cfg80211.h:134:2: error: enumerator value for 'IEEE80211_CHAN_PSD' is not an integer constant
  134 |  IEEE80211_CHAN_PSD   = BIT(2),
      |  ^~~~~~~~~~~~~~~~~~
Drivers/Linux/include/net/cfg80211.h:135:2: error: enumerator value for 'IEEE80211_CHAN_RADAR' is not an integer constant
  135 |  IEEE80211_CHAN_RADAR   = BIT(3),
      |  ^~~~~~~~~~~~~~~~~~~~
Drivers/Linux/include/net/cfg80211.h:136:2: error: enumerator value for 'IEEE80211_CHAN_NO_HT40PLUS' is not an integer constant
  136 |  IEEE80211_CHAN_NO_HT40PLUS  = BIT(4),
      |  ^~~~~~~~~~~~~~~~~~~~~~~~~~
Drivers/Linux/include/net/cfg80211.h:137:2: error: enumerator value for 'IEEE80211_CHAN_NO_HT40MINUS' is not an integer constant
  137 |  IEEE80211_CHAN_NO_HT40MINUS  = BIT(5),
      |  ^~~~~~~~~~~~~~~~~~~~~~~~~~~
Drivers/Linux/include/net/cfg80211.h:138:2: error: enumerator value for 'IEEE80211_CHAN_NO_OFDM' is not an integer constant
  138 |  IEEE80211_CHAN_NO_OFDM   = BIT(6),
      |  ^~~~~~~~~~~~~~~~~~~~~~
Drivers/Linux/include/net/cfg80211.h:139:2: error: enumerator value for 'IEEE80211_CHAN_NO_80MHZ' is not an integer constant
  139 |  IEEE80211_CHAN_NO_80MHZ   = BIT(7),
      |  ^~~~~~~~~~~~~~~~~~~~~~~
Drivers/Linux/include/net/cfg80211.h:140:2: error: enumerator value for 'IEEE80211_CHAN_NO_160MHZ' is not an integer constant
  140 |  IEEE80211_CHAN_NO_160MHZ  = BIT(8),
      |  ^~~~~~~~~~~~~~~~~~~~~~~~
Drivers/Linux/include/net/cfg80211.h:141:2: error: enumerator value for 'IEEE80211_CHAN_INDOOR_ONLY' is not an integer constant
  141 |  IEEE80211_CHAN_INDOOR_ONLY  = BIT(9),
      |  ^~~~~~~~~~~~~~~~~~~~~~~~~~
Drivers/Linux/include/net/cfg80211.h:142:2: error: enumerator value for 'IEEE80211_CHAN_IR_CONCURRENT' is not an integer constant
  142 |  IEEE80211_CHAN_IR_CONCURRENT  = BIT(10),
      |  ^~~~~~~~~~~~~~~~~~~~~~~~~~~~
Drivers/Linux/include/net/cfg80211.h:143:2: error: enumerator value for 'IEEE80211_CHAN_NO_20MHZ' is not an integer constant
  143 |  IEEE80211_CHAN_NO_20MHZ   = BIT(11),
      |  ^~~~~~~~~~~~~~~~~~~~~~~
Drivers/Linux/include/net/cfg80211.h:144:2: error: enumerator value for 'IEEE80211_CHAN_NO_10MHZ' is not an integer constant
  144 |  IEEE80211_CHAN_NO_10MHZ   = BIT(12),
      |  ^~~~~~~~~~~~~~~~~~~~~~~
Drivers/Linux/include/net/cfg80211.h:145:2: error: enumerator value for 'IEEE80211_CHAN_NO_HE' is not an integer constant
  145 |  IEEE80211_CHAN_NO_HE   = BIT(13),
      |  ^~~~~~~~~~~~~~~~~~~~
Drivers/Linux/include/net/cfg80211.h:147:2: error: enumerator value for 'IEEE80211_CHAN_NO_UHR' is not an integer constant
  147 |  IEEE80211_CHAN_NO_UHR   = BIT(18),
      |  ^~~~~~~~~~~~~~~~~~~~~
Drivers/Linux/include/net/cfg80211.h:148:2: error: enumerator value for 'IEEE80211_CHAN_NO_320MHZ' is not an integer constant
  148 |  IEEE80211_CHAN_NO_320MHZ  = BIT(19),
      |  ^~~~~~~~~~~~~~~~~~~~~~~~
Drivers/Linux/include/net/cfg80211.h:149:2: error: enumerator value for 'IEEE80211_CHAN_NO_EHT' is not an integer constant
  149 |  IEEE80211_CHAN_NO_EHT   = BIT(20),
      |  ^~~~~~~~~~~~~~~~~~~~~
Drivers/Linux/include/net/cfg80211.h:150:2: error: enumerator value for 'IEEE80211_CHAN_DFS_CONCURRENT' is not an integer constant
  150 |  IEEE80211_CHAN_DFS_CONCURRENT  = BIT(21),
      |  ^~~~~~~~~~~~~~~~~~~~~~~~~~~~~
Drivers/Linux/include/net/cfg80211.h:151:2: error: enumerator value for 'IEEE80211_CHAN_NO_6GHZ_VLP_CLIENT' is not an integer constant
  151 |  IEEE80211_CHAN_NO_6GHZ_VLP_CLIENT = BIT(22),
      |  ^~~~~~~~~~~~~~~~~~~~~~~~~~~~~~~~~
Drivers/Linux/include/net/cfg80211.h:152:2: error: enumerator value for 'IEEE80211_CHAN_NO_6GHZ_AFC_CLIENT' is not an integer constant
  152 |  IEEE80211_CHAN_NO_6GHZ_AFC_CLIENT = BIT(23),
      |  ^~~~~~~~~~~~~~~~~~~~~~~~~~~~~~~~~
Drivers/Linux/include/net/cfg80211.h:153:2: error: enumerator value for 'IEEE80211_CHAN_CAN_MONITOR' is not an integer constant
  153 |  IEEE80211_CHAN_CAN_MONITOR  = BIT(24),
      |  ^~~~~~~~~~~~~~~~~~~~~~~~~~
Drivers/Linux/include/net/cfg80211.h:154:2: error: enumerator value for 'IEEE80211_CHAN_ALLOW_6GHZ_VLP_AP' is not an integer constant
  154 |  IEEE80211_CHAN_ALLOW_6GHZ_VLP_AP = BIT(25),
      |  ^~~~~~~~~~~~~~~~~~~~~~~~~~~~~~~~
Drivers/Linux/include/net/cfg80211.h:155:2: error: enumerator value for 'IEEE80211_CHAN_ALLOW_20MHZ_ACTIVITY' is not an integer constant
  155 |  IEEE80211_CHAN_ALLOW_20MHZ_ACTIVITY     = BIT(26),
      |  ^~~~~~~~~~~~~~~~~~~~~~~~~~~~~~~~~~~
Drivers/Linux/include/net/cfg80211.h:156:2: error: enumerator value for 'IEEE80211_CHAN_S1G_NO_PRIMARY' is not an integer constant
  156 |  IEEE80211_CHAN_S1G_NO_PRIMARY  = BIT(27),
      |  ^~~~~~~~~~~~~~~~~~~~~~~~~~~~~
Drivers/Linux/include/net/cfg80211.h:157:2: error: enumerator value for 'IEEE80211_CHAN_NO_4MHZ' is not an integer constant
  157 |  IEEE80211_CHAN_NO_4MHZ   = BIT(28),
      |  ^~~~~~~~~~~~~~~~~~~~~~
Drivers/Linux/include/net/cfg80211.h:158:2: error: enumerator value for 'IEEE80211_CHAN_NO_8MHZ' is not an integer constant
  158 |  IEEE80211_CHAN_NO_8MHZ   = BIT(29),
      |  ^~~~~~~~~~~~~~~~~~~~~~
Drivers/Linux/include/net/cfg80211.h:159:2: error: enumerator value for 'IEEE80211_CHAN_NO_16MHZ' is not an integer constant
  159 |  IEEE80211_CHAN_NO_16MHZ   = BIT(30),
      |  ^~~~~~~~~~~~~~~~~~~~~~~
Drivers/Linux/include/net/cfg80211.h:237:2: error: enumerator value for 'IEEE80211_RATE_SHORT_PREAMBLE' is not an integer constant
  237 |  IEEE80211_RATE_SHORT_PREAMBLE = BIT(0),
      |  ^~~~~~~~~~~~~~~~~~~~~~~~~~~~~
Drivers/Linux/include/net/cfg80211.h:238:2: error: enumerator value for 'IEEE80211_RATE_MANDATORY_A' is not an integer constant
  238 |  IEEE80211_RATE_MANDATORY_A = BIT(1),
      |  ^~~~~~~~~~~~~~~~~~~~~~~~~~
Drivers/Linux/include/net/cfg80211.h:239:2: error: enumerator value for 'IEEE80211_RATE_MANDATORY_B' is not an integer constant
  239 |  IEEE80211_RATE_MANDATORY_B = BIT(2),
      |  ^~~~~~~~~~~~~~~~~~~~~~~~~~
Drivers/Linux/include/net/cfg80211.h:240:2: error: enumerator value for 'IEEE80211_RATE_MANDATORY_G' is not an integer constant
  240 |  IEEE80211_RATE_MANDATORY_G = BIT(3),
      |  ^~~~~~~~~~~~~~~~~~~~~~~~~~
Drivers/Linux/include/net/cfg80211.h:241:2: error: enumerator value for 'IEEE80211_RATE_ERP_G' is not an integer constant
  241 |  IEEE80211_RATE_ERP_G  = BIT(4),
      |  ^~~~~~~~~~~~~~~~~~~~
Drivers/Linux/include/net/cfg80211.h:242:2: error: enumerator value for 'IEEE80211_RATE_SUPPORTS_5MHZ' is not an integer constant
  242 |  IEEE80211_RATE_SUPPORTS_5MHZ = BIT(5),
      |  ^~~~~~~~~~~~~~~~~~~~~~~~~~~~
Drivers/Linux/include/net/cfg80211.h:243:2: error: enumerator value for 'IEEE80211_RATE_SUPPORTS_10MHZ' is not an integer constant
  243 |  IEEE80211_RATE_SUPPORTS_10MHZ = BIT(6),
      |  ^~~~~~~~~~~~~~~~~~~~~~~~~~~~~
Drivers/Linux/include/net/cfg80211.h: In function '_ieee80211_set_sband_iftype_data':
Drivers/Linux/include/net/cfg80211.h:612:34: error: expected ')' before '__force'
  612 |  sband->iftype_data = (const void __iftd __force *)iftd;
      |                       ~          ^       ~~~~~~~
      |                                  )
Drivers/Linux/include/net/cfg80211.h:612:21: error: void value not ignored as it ought to be
  612 |  sband->iftype_data = (const void __iftd __force *)iftd;
      |                     ^
Drivers/Linux/include/net/cfg80211.h: In function 'ieee80211_get_sband_iftype_data':
Drivers/Linux/include/net/cfg80211.h:631:33: error: expected ')' before '__force'
  631 |  for (i = 0, iftd = (const void __force *)&(sband)->iftype_data[i]; \
      |                     ~           ^~~~~~~
Drivers/Linux/include/net/cfg80211.h:655:2: note: in expansion of macro 'for_each_sband_iftype_data'
  655 |  for_each_sband_iftype_data(sband, i, data) {
      |  ^~~~~~~~~~~~~~~~~~~~~~~~~~
Drivers/Linux/include/net/cfg80211.h:631:19: error: void value not ignored as it ought to be
  631 |  for (i = 0, iftd = (const void __force *)&(sband)->iftype_data[i]; \
      |                   ^
Drivers/Linux/include/net/cfg80211.h:655:2: note: in expansion of macro 'for_each_sband_iftype_data'
  655 |  for_each_sband_iftype_data(sband, i, data) {
      |  ^~~~~~~~~~~~~~~~~~~~~~~~~~
Drivers/Linux/include/net/cfg80211.h:633:31: error: expected ')' before '__force'
  633 |       i++, iftd = (const void __force *)&(sband)->iftype_data[i])
      |                   ~           ^~~~~~~
Drivers/Linux/include/net/cfg80211.h:655:2: note: in expansion of macro 'for_each_sband_iftype_data'
  655 |  for_each_sband_iftype_data(sband, i, data) {
      |  ^~~~~~~~~~~~~~~~~~~~~~~~~~
Drivers/Linux/include/net/cfg80211.h:633:17: error: void value not ignored as it ought to be
  633 |       i++, iftd = (const void __force *)&(sband)->iftype_data[i])
      |                 ^
Drivers/Linux/include/net/cfg80211.h:655:2: note: in expansion of macro 'for_each_sband_iftype_data'
  655 |  for_each_sband_iftype_data(sband, i, data) {
      |  ^~~~~~~~~~~~~~~~~~~~~~~~~~
Drivers/Linux/include/net/cfg80211.h: In function 'wiphy_read_of_freq_limits':
Drivers/Linux/include/net/cfg80211.h:765:60: warning: unused parameter 'wiphy' [-Wunused-parameter]
  765 | static inline void wiphy_read_of_freq_limits(struct wiphy *wiphy)
      |                                              ~~~~~~~~~~~~~~^~~~~
Drivers/Linux/include/net/cfg80211.h: At top level:
Drivers/Linux/include/net/cfg80211.h:928:37: error: expected ':', ',', ';', '}' or '__attribute__' before '__counted_by'
  928 |  struct cfg80211_tid_cfg tid_conf[] __counted_by(n_tid_conf);
      |                                     ^~~~~~~~~~~~
Drivers/Linux/include/net/cfg80211.h:1150:33: warning: 'struct sk_buff' declared inside parameter list will not be visible outside of this definition or declaration
 1150 | int nl80211_send_chandef(struct sk_buff *msg, const struct cfg80211_chan_def *chandef);
      |                                 ^~~~~~~
Drivers/Linux/include/net/cfg80211.h: In function 'ieee80211_chandef_max_power':
Drivers/Linux/include/net/cfg80211.h:1168:10: warning: implicit declaration of function 'min' [-Wimplicit-function-declaration]
 1168 |   return min(chandef->chan->max_reg_power - 6,
      |          ^~~
Drivers/Linux/include/net/cfg80211.h: At top level:
Drivers/Linux/include/net/cfg80211.h:1209:2: error: enumerator value for 'SURVEY_INFO_NOISE_DBM' is not an integer constant
 1209 |  SURVEY_INFO_NOISE_DBM  = BIT(0),
      |  ^~~~~~~~~~~~~~~~~~~~~
Drivers/Linux/include/net/cfg80211.h:1210:2: error: enumerator value for 'SURVEY_INFO_IN_USE' is not an integer constant
 1210 |  SURVEY_INFO_IN_USE  = BIT(1),
      |  ^~~~~~~~~~~~~~~~~~
Drivers/Linux/include/net/cfg80211.h:1211:2: error: enumerator value for 'SURVEY_INFO_TIME' is not an integer constant
 1211 |  SURVEY_INFO_TIME  = BIT(2),
      |  ^~~~~~~~~~~~~~~~
Drivers/Linux/include/net/cfg80211.h:1212:2: error: enumerator value for 'SURVEY_INFO_TIME_BUSY' is not an integer constant
 1212 |  SURVEY_INFO_TIME_BUSY  = BIT(3),
      |  ^~~~~~~~~~~~~~~~~~~~~
Drivers/Linux/include/net/cfg80211.h:1213:2: error: enumerator value for 'SURVEY_INFO_TIME_EXT_BUSY' is not an integer constant
 1213 |  SURVEY_INFO_TIME_EXT_BUSY = BIT(4),
      |  ^~~~~~~~~~~~~~~~~~~~~~~~~
Drivers/Linux/include/net/cfg80211.h:1214:2: error: enumerator value for 'SURVEY_INFO_TIME_RX' is not an integer constant
 1214 |  SURVEY_INFO_TIME_RX  = BIT(5),
      |  ^~~~~~~~~~~~~~~~~~~
Drivers/Linux/include/net/cfg80211.h:1215:2: error: enumerator value for 'SURVEY_INFO_TIME_TX' is not an integer constant
 1215 |  SURVEY_INFO_TIME_TX  = BIT(6),
      |  ^~~~~~~~~~~~~~~~~~~
Drivers/Linux/include/net/cfg80211.h:1216:2: error: enumerator value for 'SURVEY_INFO_TIME_SCAN' is not an integer constant
 1216 |  SURVEY_INFO_TIME_SCAN  = BIT(7),
      |  ^~~~~~~~~~~~~~~~~~~~~
Drivers/Linux/include/net/cfg80211.h:1217:2: error: enumerator value for 'SURVEY_INFO_TIME_BSS_RX' is not an integer constant
 1217 |  SURVEY_INFO_TIME_BSS_RX  = BIT(8),
      |  ^~~~~~~~~~~~~~~~~~~~~~~
Drivers/Linux/include/net/cfg80211.h:1344:11: error: expected ':', ',', ';', '}' or '__attribute__' before '__counted_by'
 1344 |  } elem[] __counted_by(cnt);
      |           ^~~~~~~~~~~~
Drivers/Linux/include/net/cfg80211.h:1361:11: error: expected ':', ',', ';', '}' or '__attribute__' before '__counted_by'
 1361 |  } elem[] __counted_by(cnt);
      |           ^~~~~~~~~~~~
Drivers/Linux/include/net/cfg80211.h:1439:33: error: expected ':', ',', ';', '}' or '__attribute__' before '__counted_by'
 1439 |  struct mac_address mac_addrs[] __counted_by(n_acl_entries);
      |                                 ^~~~~~~~~~~~
Drivers/Linux/include/net/cfg80211.h:1691:2: error: enumerator value for 'STATION_PARAM_APPLY_UAPSD' is not an integer constant
 1691 |  STATION_PARAM_APPLY_UAPSD = BIT(0),
      |  ^~~~~~~~~~~~~~~~~~~~~~~~~
Drivers/Linux/include/net/cfg80211.h:1692:2: error: enumerator value for 'STATION_PARAM_APPLY_CAPABILITY' is not an integer constant
 1692 |  STATION_PARAM_APPLY_CAPABILITY = BIT(1),
      |  ^~~~~~~~~~~~~~~~~~~~~~~~~~~~~~
Drivers/Linux/include/net/cfg80211.h:1693:2: error: enumerator value for 'STATION_PARAM_APPLY_PLINK_STATE' is not an integer constant
 1693 |  STATION_PARAM_APPLY_PLINK_STATE = BIT(2),
      |  ^~~~~~~~~~~~~~~~~~~~~~~~~~~~~~~
Drivers/Linux/include/net/cfg80211.h:1950:2: error: enumerator value for 'RATE_INFO_FLAGS_MCS' is not an integer constant
 1950 |  RATE_INFO_FLAGS_MCS   = BIT(0),
      |  ^~~~~~~~~~~~~~~~~~~
Drivers/Linux/include/net/cfg80211.h:1951:2: error: enumerator value for 'RATE_INFO_FLAGS_VHT_MCS' is not an integer constant
 1951 |  RATE_INFO_FLAGS_VHT_MCS   = BIT(1),
      |  ^~~~~~~~~~~~~~~~~~~~~~~
Drivers/Linux/include/net/cfg80211.h:1952:2: error: enumerator value for 'RATE_INFO_FLAGS_SHORT_GI' is not an integer constant
 1952 |  RATE_INFO_FLAGS_SHORT_GI  = BIT(2),
      |  ^~~~~~~~~~~~~~~~~~~~~~~~
Drivers/Linux/include/net/cfg80211.h:1953:2: error: enumerator value for 'RATE_INFO_FLAGS_DMG' is not an integer constant
 1953 |  RATE_INFO_FLAGS_DMG   = BIT(3),
      |  ^~~~~~~~~~~~~~~~~~~
Drivers/Linux/include/net/cfg80211.h:1954:2: error: enumerator value for 'RATE_INFO_FLAGS_HE_MCS' is not an integer constant
 1954 |  RATE_INFO_FLAGS_HE_MCS   = BIT(4),
      |  ^~~~~~~~~~~~~~~~~~~~~~
Drivers/Linux/include/net/cfg80211.h:1955:2: error: enumerator value for 'RATE_INFO_FLAGS_EDMG' is not an integer constant
 1955 |  RATE_INFO_FLAGS_EDMG   = BIT(5),
      |  ^~~~~~~~~~~~~~~~~~~~
Drivers/Linux/include/net/cfg80211.h:1956:2: error: enumerator value for 'RATE_INFO_FLAGS_EXTENDED_SC_DMG' is not an integer constant
 1956 |  RATE_INFO_FLAGS_EXTENDED_SC_DMG  = BIT(6),
      |  ^~~~~~~~~~~~~~~~~~~~~~~~~~~~~~~
Drivers/Linux/include/net/cfg80211.h:1957:2: error: enumerator value for 'RATE_INFO_FLAGS_EHT_MCS' is not an integer constant
 1957 |  RATE_INFO_FLAGS_EHT_MCS   = BIT(7),
      |  ^~~~~~~~~~~~~~~~~~~~~~~
Drivers/Linux/include/net/cfg80211.h:1958:2: error: enumerator value for 'RATE_INFO_FLAGS_S1G_MCS' is not an integer constant
 1958 |  RATE_INFO_FLAGS_S1G_MCS   = BIT(8),
      |  ^~~~~~~~~~~~~~~~~~~~~~~
Drivers/Linux/include/net/cfg80211.h:1959:2: error: enumerator value for 'RATE_INFO_FLAGS_UHR_MCS' is not an integer constant
 1959 |  RATE_INFO_FLAGS_UHR_MCS   = BIT(9),
      |  ^~~~~~~~~~~~~~~~~~~~~~~
Drivers/Linux/include/net/cfg80211.h:1960:2: error: enumerator value for 'RATE_INFO_FLAGS_UHR_ELR_MCS' is not an integer constant
 1960 |  RATE_INFO_FLAGS_UHR_ELR_MCS  = BIT(10),
      |  ^~~~~~~~~~~~~~~~~~~~~~~~~~~
Drivers/Linux/include/net/cfg80211.h:1961:2: error: enumerator value for 'RATE_INFO_FLAGS_UHR_IM' is not an integer constant
 1961 |  RATE_INFO_FLAGS_UHR_IM   = BIT(11),
      |  ^~~~~~~~~~~~~~~~~~~~~~
Drivers/Linux/include/net/cfg80211.h:2045:2: error: enumerator value for 'BSS_PARAM_FLAGS_CTS_PROT' is not an integer constant
 2045 |  BSS_PARAM_FLAGS_CTS_PROT = BIT(0),
      |  ^~~~~~~~~~~~~~~~~~~~~~~~
Drivers/Linux/include/net/cfg80211.h:2046:2: error: enumerator value for 'BSS_PARAM_FLAGS_SHORT_PREAMBLE' is not an integer constant
 2046 |  BSS_PARAM_FLAGS_SHORT_PREAMBLE = BIT(1),
      |  ^~~~~~~~~~~~~~~~~~~~~~~~~~~~~~
Drivers/Linux/include/net/cfg80211.h:2047:2: error: enumerator value for 'BSS_PARAM_FLAGS_SHORT_SLOT_TIME' is not an integer constant
 2047 |  BSS_PARAM_FLAGS_SHORT_SLOT_TIME = BIT(2),
      |  ^~~~~~~~~~~~~~~~~~~~~~~~~~~~~~~
Drivers/Linux/include/net/cfg80211.h:2388:44: error: expected ':', ',', ';', '}' or '__attribute__' before '__counted_by'
 2388 |  struct cfg80211_sar_sub_specs sub_specs[] __counted_by(num_sub_specs);
      |                                            ^~~~~~~~~~~~
Drivers/Linux/include/net/cfg80211.h:2417:15: error: missing binary operator before token "("
 2417 | #if IS_ENABLED(CONFIG_CFG80211)
      |               ^
Drivers/Linux/include/net/cfg80211.h: In function 'cfg80211_get_station':
Drivers/Linux/include/net/cfg80211.h:2435:10: error: 'ENOENT' undeclared (first use in this function)
 2435 |  return -ENOENT;
      |          ^~~~~~
Drivers/Linux/include/net/cfg80211.h:2431:59: warning: unused parameter 'dev' [-Wunused-parameter]
 2431 | static inline int cfg80211_get_station(struct net_device *dev,
      |                                        ~~~~~~~~~~~~~~~~~~~^~~
Drivers/Linux/include/net/cfg80211.h:2432:22: warning: unused parameter 'mac_addr' [-Wunused-parameter]
 2432 |            const u8 *mac_addr,
      |            ~~~~~~~~~~^~~~~~~~
Drivers/Linux/include/net/cfg80211.h:2433:33: warning: unused parameter 'sinfo' [-Wunused-parameter]
 2433 |            struct station_info *sinfo)
      |            ~~~~~~~~~~~~~~~~~~~~~^~~~~
Drivers/Linux/include/net/cfg80211.h: At top level:
Drivers/Linux/include/net/cfg80211.h:2455:2: error: enumerator value for 'MONITOR_FLAG_CHANGED' is not an integer constant
 2455 |  MONITOR_FLAG_CHANGED  = BIT(__NL80211_MNTR_FLAG_INVALID),
      |  ^~~~~~~~~~~~~~~~~~~~
Drivers/Linux/include/net/cfg80211.h:2456:2: error: enumerator value for 'MONITOR_FLAG_FCSFAIL' is not an integer constant
 2456 |  MONITOR_FLAG_FCSFAIL  = BIT(NL80211_MNTR_FLAG_FCSFAIL),
      |  ^~~~~~~~~~~~~~~~~~~~
Drivers/Linux/include/net/cfg80211.h:2457:2: error: enumerator value for 'MONITOR_FLAG_PLCPFAIL' is not an integer constant
 2457 |  MONITOR_FLAG_PLCPFAIL  = BIT(NL80211_MNTR_FLAG_PLCPFAIL),
      |  ^~~~~~~~~~~~~~~~~~~~~
Drivers/Linux/include/net/cfg80211.h:2458:2: error: enumerator value for 'MONITOR_FLAG_CONTROL' is not an integer constant
 2458 |  MONITOR_FLAG_CONTROL  = BIT(NL80211_MNTR_FLAG_CONTROL),
      |  ^~~~~~~~~~~~~~~~~~~~
Drivers/Linux/include/net/cfg80211.h:2459:2: error: enumerator value for 'MONITOR_FLAG_OTHER_BSS' is not an integer constant
 2459 |  MONITOR_FLAG_OTHER_BSS  = BIT(NL80211_MNTR_FLAG_OTHER_BSS),
      |  ^~~~~~~~~~~~~~~~~~~~~~
Drivers/Linux/include/net/cfg80211.h:2460:2: error: enumerator value for 'MONITOR_FLAG_COOK_FRAMES' is not an integer constant
 2460 |  MONITOR_FLAG_COOK_FRAMES = BIT(NL80211_MNTR_FLAG_COOK_FRAMES),
      |  ^~~~~~~~~~~~~~~~~~~~~~~~
Drivers/Linux/include/net/cfg80211.h:2461:2: error: enumerator value for 'MONITOR_FLAG_ACTIVE' is not an integer constant
 2461 |  MONITOR_FLAG_ACTIVE  = BIT(NL80211_MNTR_FLAG_ACTIVE),
      |  ^~~~~~~~~~~~~~~~~~~
Drivers/Linux/include/net/cfg80211.h:2462:2: error: enumerator value for 'MONITOR_FLAG_SKIP_TX' is not an integer constant
 2462 |  MONITOR_FLAG_SKIP_TX  = BIT(NL80211_MNTR_FLAG_SKIP_TX),
      |  ^~~~~~~~~~~~~~~~~~~~
Drivers/Linux/include/net/cfg80211.h:2482:2: error: enumerator value for 'MPATH_INFO_FRAME_QLEN' is not an integer constant
 2482 |  MPATH_INFO_FRAME_QLEN  = BIT(0),
      |  ^~~~~~~~~~~~~~~~~~~~~
Drivers/Linux/include/net/cfg80211.h:2483:2: error: enumerator value for 'MPATH_INFO_SN' is not an integer constant
 2483 |  MPATH_INFO_SN   = BIT(1),
      |  ^~~~~~~~~~~~~
Drivers/Linux/include/net/cfg80211.h:2484:2: error: enumerator value for 'MPATH_INFO_METRIC' is not an integer constant
 2484 |  MPATH_INFO_METRIC  = BIT(2),
      |  ^~~~~~~~~~~~~~~~~
Drivers/Linux/include/net/cfg80211.h:2485:2: error: enumerator value for 'MPATH_INFO_EXPTIME' is not an integer constant
 2485 |  MPATH_INFO_EXPTIME  = BIT(3),
      |  ^~~~~~~~~~~~~~~~~~
Drivers/Linux/include/net/cfg80211.h:2486:2: error: enumerator value for 'MPATH_INFO_DISCOVERY_TIMEOUT' is not an integer constant
 2486 |  MPATH_INFO_DISCOVERY_TIMEOUT = BIT(4),
      |  ^~~~~~~~~~~~~~~~~~~~~~~~~~~~
Drivers/Linux/include/net/cfg80211.h:2487:2: error: enumerator value for 'MPATH_INFO_DISCOVERY_RETRIES' is not an integer constant
 2487 |  MPATH_INFO_DISCOVERY_RETRIES = BIT(5),
      |  ^~~~~~~~~~~~~~~~~~~~~~~~~~~~
Drivers/Linux/include/net/cfg80211.h:2488:2: error: enumerator value for 'MPATH_INFO_FLAGS' is not an integer constant
 2488 |  MPATH_INFO_FLAGS  = BIT(6),
      |  ^~~~~~~~~~~~~~~~
Drivers/Linux/include/net/cfg80211.h:2489:2: error: enumerator value for 'MPATH_INFO_HOP_COUNT' is not an integer constant
 2489 |  MPATH_INFO_HOP_COUNT  = BIT(7),
      |  ^~~~~~~~~~~~~~~~~~~~
Drivers/Linux/include/net/cfg80211.h:2490:2: error: enumerator value for 'MPATH_INFO_PATH_CHANGE' is not an integer constant
 2490 |  MPATH_INFO_PATH_CHANGE  = BIT(8),
      |  ^~~~~~~~~~~~~~~~~~~~~~
Drivers/Linux/include/net/cfg80211.h:2541:2: error: enumerator value for 'WIPHY_BSS_PARAM_CTS_PROT' is not an integer constant
 2541 |  WIPHY_BSS_PARAM_CTS_PROT = BIT(0),
      |  ^~~~~~~~~~~~~~~~~~~~~~~~
Drivers/Linux/include/net/cfg80211.h:2542:2: error: enumerator value for 'WIPHY_BSS_PARAM_SHORT_PREAMBLE' is not an integer constant
 2542 |  WIPHY_BSS_PARAM_SHORT_PREAMBLE = BIT(1),
      |  ^~~~~~~~~~~~~~~~~~~~~~~~~~~~~~
Drivers/Linux/include/net/cfg80211.h:2543:2: error: enumerator value for 'WIPHY_BSS_PARAM_SHORT_SLOT_TIME' is not an integer constant
 2543 |  WIPHY_BSS_PARAM_SHORT_SLOT_TIME = BIT(2),
      |  ^~~~~~~~~~~~~~~~~~~~~~~~~~~~~~~
Drivers/Linux/include/net/cfg80211.h:2544:2: error: enumerator value for 'WIPHY_BSS_PARAM_BASIC_RATES' is not an integer constant
 2544 |  WIPHY_BSS_PARAM_BASIC_RATES = BIT(3),
      |  ^~~~~~~~~~~~~~~~~~~~~~~~~~~
Drivers/Linux/include/net/cfg80211.h:2545:2: error: enumerator value for 'WIPHY_BSS_PARAM_AP_ISOLATE' is not an integer constant
 2545 |  WIPHY_BSS_PARAM_AP_ISOLATE = BIT(4),
      |  ^~~~~~~~~~~~~~~~~~~~~~~~~~
Drivers/Linux/include/net/cfg80211.h:2546:2: error: enumerator value for 'WIPHY_BSS_PARAM_HT_OPMODE' is not an integer constant
 2546 |  WIPHY_BSS_PARAM_HT_OPMODE = BIT(5),
      |  ^~~~~~~~~~~~~~~~~~~~~~~~~
Drivers/Linux/include/net/cfg80211.h:2547:2: error: enumerator value for 'WIPHY_BSS_PARAM_P2P_CTWINDOW' is not an integer constant
 2547 |  WIPHY_BSS_PARAM_P2P_CTWINDOW = BIT(6),
      |  ^~~~~~~~~~~~~~~~~~~~~~~~~~~~
Drivers/Linux/include/net/cfg80211.h:2548:2: error: enumerator value for 'WIPHY_BSS_PARAM_P2P_OPPPS' is not an integer constant
 2548 |  WIPHY_BSS_PARAM_P2P_OPPPS = BIT(7),
      |  ^~~~~~~~~~~~~~~~~~~~~~~~~
Drivers/Linux/include/net/cfg80211.h: In function 'get_random_mask_addr':
Drivers/Linux/include/net/cfg80211.h:2920:2: warning: implicit declaration of function 'get_random_bytes' [-Wimplicit-function-declaration]
 2920 |  get_random_bytes(buf, ETH_ALEN);
      |  ^~~~~~~~~~~~~~~~
Drivers/Linux/include/net/cfg80211.h: At top level:
Drivers/Linux/include/net/cfg80211.h:3043:18: error: field 'rcu_head' has incomplete type
 3043 |  struct rcu_head rcu_head;
      |                  ^~~~~~~~
Drivers/Linux/include/net/cfg80211.h:3046:19: error: field 'list' has incomplete type
 3046 |  struct list_head list;
      |                   ^~~~
Drivers/Linux/include/net/cfg80211.h:3049:39: error: expected ':', ',', ';', '}' or '__attribute__' before '__counted_by'
 3049 |  struct ieee80211_channel *channels[] __counted_by(n_channels);
      |                                       ^~~~~~~~~~~~
Drivers/Linux/include/net/cfg80211.h:3117:18: error: field 'rcu_head' has incomplete type
 3117 |  struct rcu_head rcu_head;
      |                  ^~~~~~~~
Drivers/Linux/include/net/cfg80211.h:3168:38: error: expected ':', ',', ';', '}' or '__attribute__' before '*' token
 3168 |  const struct cfg80211_bss_ies __rcu *ies;
      |                                      ^
Drivers/Linux/include/net/cfg80211.h:3318:2: error: enumerator value for 'ASSOC_REQ_DISABLE_HT' is not an integer constant
 3318 |  ASSOC_REQ_DISABLE_HT   = BIT(0),
      |  ^~~~~~~~~~~~~~~~~~~~
Drivers/Linux/include/net/cfg80211.h:3319:2: error: enumerator value for 'ASSOC_REQ_DISABLE_VHT' is not an integer constant
 3319 |  ASSOC_REQ_DISABLE_VHT   = BIT(1),
      |  ^~~~~~~~~~~~~~~~~~~~~
Drivers/Linux/include/net/cfg80211.h:3320:2: error: enumerator value for 'ASSOC_REQ_USE_RRM' is not an integer constant
 3320 |  ASSOC_REQ_USE_RRM   = BIT(2),
      |  ^~~~~~~~~~~~~~~~~
Drivers/Linux/include/net/cfg80211.h:3321:2: error: enumerator value for 'CONNECT_REQ_EXTERNAL_AUTH_SUPPORT' is not an integer constant
 3321 |  CONNECT_REQ_EXTERNAL_AUTH_SUPPORT = BIT(3),
      |  ^~~~~~~~~~~~~~~~~~~~~~~~~~~~~~~~~
Drivers/Linux/include/net/cfg80211.h:3322:2: error: enumerator value for 'ASSOC_REQ_DISABLE_HE' is not an integer constant
 3322 |  ASSOC_REQ_DISABLE_HE   = BIT(4),
      |  ^~~~~~~~~~~~~~~~~~~~
Drivers/Linux/include/net/cfg80211.h:3323:2: error: enumerator value for 'ASSOC_REQ_DISABLE_EHT' is not an integer constant
 3323 |  ASSOC_REQ_DISABLE_EHT   = BIT(5),
      |  ^~~~~~~~~~~~~~~~~~~~~
Drivers/Linux/include/net/cfg80211.h:3324:2: error: enumerator value for 'CONNECT_REQ_MLO_SUPPORT' is not an integer constant
 3324 |  CONNECT_REQ_MLO_SUPPORT   = BIT(6),
      |  ^~~~~~~~~~~~~~~~~~~~~~~
Drivers/Linux/include/net/cfg80211.h:3325:2: error: enumerator value for 'ASSOC_REQ_SPP_AMSDU' is not an integer constant
 3325 |  ASSOC_REQ_SPP_AMSDU   = BIT(7),
      |  ^~~~~~~~~~~~~~~~~~~
Drivers/Linux/include/net/cfg80211.h:3326:2: error: enumerator value for 'ASSOC_REQ_DISABLE_UHR' is not an integer constant
 3326 |  ASSOC_REQ_DISABLE_UHR   = BIT(8),
      |  ^~~~~~~~~~~~~~~~~~~~~
Drivers/Linux/include/net/cfg80211.h:3622:2: error: enumerator value for 'UPDATE_ASSOC_IES' is not an integer constant
 3622 |  UPDATE_ASSOC_IES  = BIT(0),
      |  ^~~~~~~~~~~~~~~~
Drivers/Linux/include/net/cfg80211.h:3623:2: error: enumerator value for 'UPDATE_FILS_ERP_INFO' is not an integer constant
 3623 |  UPDATE_FILS_ERP_INFO  = BIT(1),
      |  ^~~~~~~~~~~~~~~~~~~~
Drivers/Linux/include/net/cfg80211.h:3624:2: error: enumerator value for 'UPDATE_AUTH_TYPE' is not an integer constant
 3624 |  UPDATE_AUTH_TYPE  = BIT(2),
      |  ^~~~~~~~~~~~~~~~
Drivers/Linux/include/net/cfg80211.h:3640:2: error: enumerator value for 'WIPHY_PARAM_RETRY_SHORT' is not an integer constant
 3640 |  WIPHY_PARAM_RETRY_SHORT  = BIT(0),
      |  ^~~~~~~~~~~~~~~~~~~~~~~
Drivers/Linux/include/net/cfg80211.h:3641:2: error: enumerator value for 'WIPHY_PARAM_RETRY_LONG' is not an integer constant
 3641 |  WIPHY_PARAM_RETRY_LONG  = BIT(1),
      |  ^~~~~~~~~~~~~~~~~~~~~~
Drivers/Linux/include/net/cfg80211.h:3642:2: error: enumerator value for 'WIPHY_PARAM_FRAG_THRESHOLD' is not an integer constant
 3642 |  WIPHY_PARAM_FRAG_THRESHOLD = BIT(2),
      |  ^~~~~~~~~~~~~~~~~~~~~~~~~~
Drivers/Linux/include/net/cfg80211.h:3643:2: error: enumerator value for 'WIPHY_PARAM_RTS_THRESHOLD' is not an integer constant
 3643 |  WIPHY_PARAM_RTS_THRESHOLD = BIT(3),
      |  ^~~~~~~~~~~~~~~~~~~~~~~~~
Drivers/Linux/include/net/cfg80211.h:3644:2: error: enumerator value for 'WIPHY_PARAM_COVERAGE_CLASS' is not an integer constant
 3644 |  WIPHY_PARAM_COVERAGE_CLASS = BIT(4),
      |  ^~~~~~~~~~~~~~~~~~~~~~~~~~
Drivers/Linux/include/net/cfg80211.h:3645:2: error: enumerator value for 'WIPHY_PARAM_DYN_ACK' is not an integer constant
 3645 |  WIPHY_PARAM_DYN_ACK  = BIT(5),
      |  ^~~~~~~~~~~~~~~~~~~
Drivers/Linux/include/net/cfg80211.h:3646:2: error: enumerator value for 'WIPHY_PARAM_TXQ_LIMIT' is not an integer constant
 3646 |  WIPHY_PARAM_TXQ_LIMIT  = BIT(6),
      |  ^~~~~~~~~~~~~~~~~~~~~
Drivers/Linux/include/net/cfg80211.h:3647:2: error: enumerator value for 'WIPHY_PARAM_TXQ_MEMORY_LIMIT' is not an integer constant
 3647 |  WIPHY_PARAM_TXQ_MEMORY_LIMIT = BIT(7),
      |  ^~~~~~~~~~~~~~~~~~~~~~~~~~~~
Drivers/Linux/include/net/cfg80211.h:3648:2: error: enumerator value for 'WIPHY_PARAM_TXQ_QUANTUM' is not an integer constant
 3648 |  WIPHY_PARAM_TXQ_QUANTUM  = BIT(8),
      |  ^~~~~~~~~~~~~~~~~~~~~~~
Drivers/Linux/include/net/cfg80211.h:3808:41: error: expected ':', ',', ';', '}' or '__attribute__' before '__counted_by'
 3808 |  struct cfg80211_coalesce_rules rules[] __counted_by(n_rules);
      |                                         ^~~~~~~~~~~~
Drivers/Linux/include/net/cfg80211.h:3823:17: error: expected ':', ',', ';', '}' or '__attribute__' before '__counted_by'
 3823 |  u32 channels[] __counted_by(n_channels);
      |                 ^~~~~~~~~~~~
Drivers/Linux/include/net/cfg80211.h:3837:45: error: expected ':', ',', ';', '}' or '__attribute__' before '__counted_by'
 3837 |  struct cfg80211_wowlan_nd_match *matches[] __counted_by(n_matches);
      |                                             ^~~~~~~~~~~~
Drivers/Linux/include/net/cfg80211.h:4065:2: error: enumerator value for 'CFG80211_NAN_CONF_CHANGED_PREF' is not an integer constant
 4065 |  CFG80211_NAN_CONF_CHANGED_PREF = BIT(0),
      |  ^~~~~~~~~~~~~~~~~~~~~~~~~~~~~~
Drivers/Linux/include/net/cfg80211.h:4066:2: error: enumerator value for 'CFG80211_NAN_CONF_CHANGED_BANDS' is not an integer constant
 4066 |  CFG80211_NAN_CONF_CHANGED_BANDS = BIT(1),
      |  ^~~~~~~~~~~~~~~~~~~~~~~~~~~~~~~
Drivers/Linux/include/net/cfg80211.h:4067:2: error: enumerator value for 'CFG80211_NAN_CONF_CHANGED_CONFIG' is not an integer constant
 4067 |  CFG80211_NAN_CONF_CHANGED_CONFIG = BIT(2),
      |  ^~~~~~~~~~~~~~~~~~~~~~~~~~~~~~~~
Drivers/Linux/include/net/cfg80211.h:4431:19: error: field 'list' has incomplete type
 4431 |  struct list_head list;
      |                   ^~~~
Drivers/Linux/include/net/cfg80211.h:4433:44: error: expected ':', ',', ';', '}' or '__attribute__' before '__counted_by'
 4433 |  struct cfg80211_pmsr_request_peer peers[] __counted_by(n_peers);
      |                                            ^~~~~~~~~~~~
Drivers/Linux/include/net/cfg80211.h:5334:2: error: enumerator value for 'WIPHY_FLAG_SUPPORTS_EXT_KEK_KCK' is not an integer constant
 5334 |  WIPHY_FLAG_SUPPORTS_EXT_KEK_KCK  = BIT(0),
      |  ^~~~~~~~~~~~~~~~~~~~~~~~~~~~~~~
Drivers/Linux/include/net/cfg80211.h:5335:2: error: enumerator value for 'WIPHY_FLAG_SUPPORTS_MLO' is not an integer constant
 5335 |  WIPHY_FLAG_SUPPORTS_MLO   = BIT(1),
      |  ^~~~~~~~~~~~~~~~~~~~~~~
Drivers/Linux/include/net/cfg80211.h:5336:2: error: enumerator value for 'WIPHY_FLAG_SPLIT_SCAN_6GHZ' is not an integer constant
 5336 |  WIPHY_FLAG_SPLIT_SCAN_6GHZ  = BIT(2),
      |  ^~~~~~~~~~~~~~~~~~~~~~~~~~
Drivers/Linux/include/net/cfg80211.h:5337:2: error: enumerator value for 'WIPHY_FLAG_NETNS_OK' is not an integer constant
 5337 |  WIPHY_FLAG_NETNS_OK   = BIT(3),
      |  ^~~~~~~~~~~~~~~~~~~
Drivers/Linux/include/net/cfg80211.h:5338:2: error: enumerator value for 'WIPHY_FLAG_PS_ON_BY_DEFAULT' is not an integer constant
 5338 |  WIPHY_FLAG_PS_ON_BY_DEFAULT  = BIT(4),
      |  ^~~~~~~~~~~~~~~~~~~~~~~~~~~
Drivers/Linux/include/net/cfg80211.h:5339:2: error: enumerator value for 'WIPHY_FLAG_4ADDR_AP' is not an integer constant
 5339 |  WIPHY_FLAG_4ADDR_AP   = BIT(5),
      |  ^~~~~~~~~~~~~~~~~~~
Drivers/Linux/include/net/cfg80211.h:5340:2: error: enumerator value for 'WIPHY_FLAG_4ADDR_STATION' is not an integer constant
 5340 |  WIPHY_FLAG_4ADDR_STATION  = BIT(6),
      |  ^~~~~~~~~~~~~~~~~~~~~~~~
Drivers/Linux/include/net/cfg80211.h:5341:2: error: enumerator value for 'WIPHY_FLAG_CONTROL_PORT_PROTOCOL' is not an integer constant
 5341 |  WIPHY_FLAG_CONTROL_PORT_PROTOCOL = BIT(7),
      |  ^~~~~~~~~~~~~~~~~~~~~~~~~~~~~~~~
Drivers/Linux/include/net/cfg80211.h:5342:2: error: enumerator value for 'WIPHY_FLAG_IBSS_RSN' is not an integer constant
 5342 |  WIPHY_FLAG_IBSS_RSN   = BIT(8),
      |  ^~~~~~~~~~~~~~~~~~~
Drivers/Linux/include/net/cfg80211.h:5343:2: error: enumerator value for 'WIPHY_FLAG_DISABLE_WEXT' is not an integer constant
 5343 |  WIPHY_FLAG_DISABLE_WEXT   = BIT(9),
      |  ^~~~~~~~~~~~~~~~~~~~~~~
Drivers/Linux/include/net/cfg80211.h:5344:2: error: enumerator value for 'WIPHY_FLAG_MESH_AUTH' is not an integer constant
 5344 |  WIPHY_FLAG_MESH_AUTH   = BIT(10),
      |  ^~~~~~~~~~~~~~~~~~~~
Drivers/Linux/include/net/cfg80211.h:5345:2: error: enumerator value for 'WIPHY_FLAG_SUPPORTS_EXT_KCK_32' is not an integer constant
 5345 |  WIPHY_FLAG_SUPPORTS_EXT_KCK_32          = BIT(11),
      |  ^~~~~~~~~~~~~~~~~~~~~~~~~~~~~~
Drivers/Linux/include/net/cfg80211.h:5346:2: error: enumerator value for 'WIPHY_FLAG_SUPPORTS_NSTR_NONPRIMARY' is not an integer constant
 5346 |  WIPHY_FLAG_SUPPORTS_NSTR_NONPRIMARY = BIT(12),
      |  ^~~~~~~~~~~~~~~~~~~~~~~~~~~~~~~~~~~
Drivers/Linux/include/net/cfg80211.h:5347:2: error: enumerator value for 'WIPHY_FLAG_SUPPORTS_FW_ROAM' is not an integer constant
 5347 |  WIPHY_FLAG_SUPPORTS_FW_ROAM  = BIT(13),
      |  ^~~~~~~~~~~~~~~~~~~~~~~~~~~
Drivers/Linux/include/net/cfg80211.h:5348:2: error: enumerator value for 'WIPHY_FLAG_AP_UAPSD' is not an integer constant
 5348 |  WIPHY_FLAG_AP_UAPSD   = BIT(14),
      |  ^~~~~~~~~~~~~~~~~~~
Drivers/Linux/include/net/cfg80211.h:5349:2: error: enumerator value for 'WIPHY_FLAG_SUPPORTS_TDLS' is not an integer constant
 5349 |  WIPHY_FLAG_SUPPORTS_TDLS  = BIT(15),
      |  ^~~~~~~~~~~~~~~~~~~~~~~~
Drivers/Linux/include/net/cfg80211.h:5350:2: error: enumerator value for 'WIPHY_FLAG_TDLS_EXTERNAL_SETUP' is not an integer constant
 5350 |  WIPHY_FLAG_TDLS_EXTERNAL_SETUP  = BIT(16),
      |  ^~~~~~~~~~~~~~~~~~~~~~~~~~~~~~
Drivers/Linux/include/net/cfg80211.h:5351:2: error: enumerator value for 'WIPHY_FLAG_HAVE_AP_SME' is not an integer constant
 5351 |  WIPHY_FLAG_HAVE_AP_SME   = BIT(17),
      |  ^~~~~~~~~~~~~~~~~~~~~~
Drivers/Linux/include/net/cfg80211.h:5352:2: error: enumerator value for 'WIPHY_FLAG_REPORTS_OBSS' is not an integer constant
 5352 |  WIPHY_FLAG_REPORTS_OBSS   = BIT(18),
      |  ^~~~~~~~~~~~~~~~~~~~~~~
Drivers/Linux/include/net/cfg80211.h:5353:2: error: enumerator value for 'WIPHY_FLAG_AP_PROBE_RESP_OFFLOAD' is not an integer constant
 5353 |  WIPHY_FLAG_AP_PROBE_RESP_OFFLOAD = BIT(19),
      |  ^~~~~~~~~~~~~~~~~~~~~~~~~~~~~~~~
Drivers/Linux/include/net/cfg80211.h:5354:2: error: enumerator value for 'WIPHY_FLAG_OFFCHAN_TX' is not an integer constant
 5354 |  WIPHY_FLAG_OFFCHAN_TX   = BIT(20),
      |  ^~~~~~~~~~~~~~~~~~~~~
Drivers/Linux/include/net/cfg80211.h:5355:2: error: enumerator value for 'WIPHY_FLAG_HAS_REMAIN_ON_CHANNEL' is not an integer constant
 5355 |  WIPHY_FLAG_HAS_REMAIN_ON_CHANNEL = BIT(21),
      |  ^~~~~~~~~~~~~~~~~~~~~~~~~~~~~~~~
Drivers/Linux/include/net/cfg80211.h:5356:2: error: enumerator value for 'WIPHY_FLAG_SUPPORTS_5_10_MHZ' is not an integer constant
 5356 |  WIPHY_FLAG_SUPPORTS_5_10_MHZ  = BIT(22),
      |  ^~~~~~~~~~~~~~~~~~~~~~~~~~~~
Drivers/Linux/include/net/cfg80211.h:5357:2: error: enumerator value for 'WIPHY_FLAG_HAS_CHANNEL_SWITCH' is not an integer constant
 5357 |  WIPHY_FLAG_HAS_CHANNEL_SWITCH  = BIT(23),
      |  ^~~~~~~~~~~~~~~~~~~~~~~~~~~~~
Drivers/Linux/include/net/cfg80211.h:5358:2: error: enumerator value for 'WIPHY_FLAG_NOTIFY_REGDOM_BY_DRIVER' is not an integer constant
 5358 |  WIPHY_FLAG_NOTIFY_REGDOM_BY_DRIVER = BIT(24),
      |  ^~~~~~~~~~~~~~~~~~~~~~~~~~~~~~~~~~
Drivers/Linux/include/net/cfg80211.h:5359:2: error: enumerator value for 'WIPHY_FLAG_CHANNEL_CHANGE_ON_BEACON' is not an integer constant
 5359 |  WIPHY_FLAG_CHANNEL_CHANGE_ON_BEACON     = BIT(25),
      |  ^~~~~~~~~~~~~~~~~~~~~~~~~~~~~~~~~~~
Drivers/Linux/include/net/cfg80211.h:5513:2: error: enumerator value for 'WIPHY_WOWLAN_ANY' is not an integer constant
 5513 |  WIPHY_WOWLAN_ANY  = BIT(0),
      |  ^~~~~~~~~~~~~~~~
Drivers/Linux/include/net/cfg80211.h:5514:2: error: enumerator value for 'WIPHY_WOWLAN_MAGIC_PKT' is not an integer constant
 5514 |  WIPHY_WOWLAN_MAGIC_PKT  = BIT(1),
      |  ^~~~~~~~~~~~~~~~~~~~~~
Drivers/Linux/include/net/cfg80211.h:5515:2: error: enumerator value for 'WIPHY_WOWLAN_DISCONNECT' is not an integer constant
 5515 |  WIPHY_WOWLAN_DISCONNECT  = BIT(2),
      |  ^~~~~~~~~~~~~~~~~~~~~~~
Drivers/Linux/include/net/cfg80211.h:5516:2: error: enumerator value for 'WIPHY_WOWLAN_SUPPORTS_GTK_REKEY' is not an integer constant
 5516 |  WIPHY_WOWLAN_SUPPORTS_GTK_REKEY = BIT(3),
      |  ^~~~~~~~~~~~~~~~~~~~~~~~~~~~~~~
Drivers/Linux/include/net/cfg80211.h:5517:2: error: enumerator value for 'WIPHY_WOWLAN_GTK_REKEY_FAILURE' is not an integer constant
 5517 |  WIPHY_WOWLAN_GTK_REKEY_FAILURE = BIT(4),
      |  ^~~~~~~~~~~~~~~~~~~~~~~~~~~~~~
Drivers/Linux/include/net/cfg80211.h:5518:2: error: enumerator value for 'WIPHY_WOWLAN_EAP_IDENTITY_REQ' is not an integer constant
 5518 |  WIPHY_WOWLAN_EAP_IDENTITY_REQ = BIT(5),
      |  ^~~~~~~~~~~~~~~~~~~~~~~~~~~~~
Drivers/Linux/include/net/cfg80211.h:5519:2: error: enumerator value for 'WIPHY_WOWLAN_4WAY_HANDSHAKE' is not an integer constant
 5519 |  WIPHY_WOWLAN_4WAY_HANDSHAKE = BIT(6),
      |  ^~~~~~~~~~~~~~~~~~~~~~~~~~~
Drivers/Linux/include/net/cfg80211.h:5520:2: error: enumerator value for 'WIPHY_WOWLAN_RFKILL_RELEASE' is not an integer constant
 5520 |  WIPHY_WOWLAN_RFKILL_RELEASE = BIT(7),
      |  ^~~~~~~~~~~~~~~~~~~~~~~~~~~
Drivers/Linux/include/net/cfg80211.h:5521:2: error: enumerator value for 'WIPHY_WOWLAN_NET_DETECT' is not an integer constant
 5521 |  WIPHY_WOWLAN_NET_DETECT  = BIT(8),
      |  ^~~~~~~~~~~~~~~~~~~~~~~
Drivers/Linux/include/net/cfg80211.h:5584:2: error: enumerator value for 'WIPHY_VENDOR_CMD_NEED_WDEV' is not an integer constant
 5584 |  WIPHY_VENDOR_CMD_NEED_WDEV = BIT(0),
      |  ^~~~~~~~~~~~~~~~~~~~~~~~~~
Drivers/Linux/include/net/cfg80211.h:5585:2: error: enumerator value for 'WIPHY_VENDOR_CMD_NEED_NETDEV' is not an integer constant
 5585 |  WIPHY_VENDOR_CMD_NEED_NETDEV = BIT(1),
      |  ^~~~~~~~~~~~~~~~~~~~~~~~~~~~
Drivers/Linux/include/net/cfg80211.h:5586:2: error: enumerator value for 'WIPHY_VENDOR_CMD_NEED_RUNNING' is not an integer constant
 5586 |  WIPHY_VENDOR_CMD_NEED_RUNNING = BIT(2),
      |  ^~~~~~~~~~~~~~~~~~~~~~~~~~~~~
Drivers/Linux/include/net/cfg80211.h:5598:2: error: enumerator value for 'STA_OPMODE_MAX_BW_CHANGED' is not an integer constant
 5598 |  STA_OPMODE_MAX_BW_CHANGED = BIT(0),
      |  ^~~~~~~~~~~~~~~~~~~~~~~~~
Drivers/Linux/include/net/cfg80211.h:5599:2: error: enumerator value for 'STA_OPMODE_SMPS_MODE_CHANGED' is not an integer constant
 5599 |  STA_OPMODE_SMPS_MODE_CHANGED = BIT(1),
      |  ^~~~~~~~~~~~~~~~~~~~~~~~~~~~
Drivers/Linux/include/net/cfg80211.h:5600:2: error: enumerator value for 'STA_OPMODE_N_SS_CHANGED' is not an integer constant
 5600 |  STA_OPMODE_N_SS_CHANGED  = BIT(2),
      |  ^~~~~~~~~~~~~~~~~~~~~~~
Drivers/Linux/include/net/cfg80211.h:5644:16: warning: 'struct sk_buff' declared inside parameter list will not be visible outside of this definition or declaration
 5644 |         struct sk_buff *skb, const void *data, int data_len,
      |                ^~~~~~~
Drivers/Linux/include/net/cfg80211.h:5818:2: error: enumerator value for 'WIPHY_NAN_FLAGS_CONFIGURABLE_SYNC' is not an integer constant
 5818 |  WIPHY_NAN_FLAGS_CONFIGURABLE_SYNC = BIT(0),
      |  ^~~~~~~~~~~~~~~~~~~~~~~~~~~~~~~~~
Drivers/Linux/include/net/cfg80211.h:5819:2: error: enumerator value for 'WIPHY_NAN_FLAGS_USERSPACE_DE' is not an integer constant
 5819 |  WIPHY_NAN_FLAGS_USERSPACE_DE   = BIT(1),
      |  ^~~~~~~~~~~~~~~~~~~~~~~~~~~~
Drivers/Linux/include/net/cfg80211.h:6079:15: error: field 'mtx' has incomplete type
 6079 |  struct mutex mtx;
      |               ^~~
Drivers/Linux/include/net/cfg80211.h:6102:5: error: variably modified 'ext_features' at file scope
 6102 |  u8 ext_features[DIV_ROUND_UP(NUM_NL80211_EXT_FEATURES, 8)];
      |     ^~~~~~~~~~~~
Drivers/Linux/include/net/cfg80211.h:6134:18: error: 'ETHTOOL_FWVERS_LEN' undeclared here (not in a function)
 6134 |  char fw_version[ETHTOOL_FWVERS_LEN];
      |                  ^~~~~~~~~~~~~~~~~~
Drivers/Linux/include/net/cfg80211.h:6162:16: warning: 'struct regulatory_request' declared inside parameter list will not be visible outside of this definition or declaration
 6162 |         struct regulatory_request *request);
      |                ^~~~~~~~~~~~~~~~~~
Drivers/Linux/include/net/cfg80211.h:6168:41: error: expected ':', ',', ';', '}' or '__attribute__' before '*' token
 6168 |  const struct ieee80211_regdomain __rcu *regd;
      |                                         ^
Drivers/Linux/include/net/cfg80211.h: In function 'wiphy_net':
Drivers/Linux/include/net/cfg80211.h:6239:9: warning: implicit declaration of function 'read_pnet' [-Wimplicit-function-declaration]
 6239 |  return read_pnet(&wiphy->_net);
      |         ^~~~~~~~~
Drivers/Linux/include/net/cfg80211.h:6239:25: error: 'struct wiphy' has no member named '_net'
 6239 |  return read_pnet(&wiphy->_net);
      |                         ^~
Drivers/Linux/include/net/cfg80211.h: In function 'wiphy_net_set':
Drivers/Linux/include/net/cfg80211.h:6244:2: warning: implicit declaration of function 'write_pnet' [-Wimplicit-function-declaration]
 6244 |  write_pnet(&wiphy->_net, net);
      |  ^~~~~~~~~~
Drivers/Linux/include/net/cfg80211.h:6244:19: error: 'struct wiphy' has no member named '_net'
 6244 |  write_pnet(&wiphy->_net, net);
      |                   ^~
Drivers/Linux/include/net/cfg80211.h: In function 'wiphy_priv':
Drivers/Linux/include/net/cfg80211.h:6255:2: warning: implicit declaration of function 'BUG_ON' [-Wimplicit-function-declaration]
 6255 |  BUG_ON(!wiphy);
      |  ^~~~~~
Drivers/Linux/include/net/cfg80211.h:6256:17: error: 'struct wiphy' has no member named 'priv'; did you mean 'privid'?
 6256 |  return &wiphy->priv;
      |                 ^~~~
      |                 privid
Drivers/Linux/include/net/cfg80211.h: In function 'priv_to_wiphy':
Drivers/Linux/include/net/cfg80211.h:6268:9: warning: implicit declaration of function 'container_of' [-Wimplicit-function-declaration]
 6268 |  return container_of(priv, struct wiphy, priv);
      |         ^~~~~~~~~~~~
Drivers/Linux/include/net/cfg80211.h:6268:28: error: expected expression before 'struct'
 6268 |  return container_of(priv, struct wiphy, priv);
      |                            ^~~~~~
Drivers/Linux/include/net/cfg80211.h: At top level:
Drivers/Linux/include/net/cfg80211.h:6277:62: warning: 'struct device' declared inside parameter list will not be visible outside of this definition or declaration
 6277 | static inline void set_wiphy_dev(struct wiphy *wiphy, struct device *dev)
      |                                                              ^~~~~~
Drivers/Linux/include/net/cfg80211.h: In function 'set_wiphy_dev':
Drivers/Linux/include/net/cfg80211.h:6279:7: error: 'struct wiphy' has no member named 'dev'
 6279 |  wiphy->dev.parent = dev;
      |       ^~
Drivers/Linux/include/net/cfg80211.h: In function 'wiphy_dev':
Drivers/Linux/include/net/cfg80211.h:6290:14: error: 'struct wiphy' has no member named 'dev'
 6290 |  return wiphy->dev.parent;
      |              ^~
Drivers/Linux/include/net/cfg80211.h: In function 'wiphy_name':
Drivers/Linux/include/net/cfg80211.h:6301:9: warning: implicit declaration of function 'dev_name' [-Wimplicit-function-declaration]
 6301 |  return dev_name(&wiphy->dev);
      |         ^~~~~~~~
Drivers/Linux/include/net/cfg80211.h:6301:24: error: 'const struct wiphy' has no member named 'dev'
 6301 |  return dev_name(&wiphy->dev);
      |                        ^~
Drivers/Linux/include/net/cfg80211.h: In function 'wiphy_lock':
Drivers/Linux/include/net/cfg80211.h:6424:2: error: expected declaration specifiers before '__acquires'
 6424 |  __acquires(&wiphy->mtx)
      |  ^~~~~~~~~~
Drivers/Linux/include/net/cfg80211.h:6435:2: error: expected '=', ',', ';', 'asm' or '__attribute__' before '__releases'
 6435 |  __releases(&wiphy->mtx)
      |  ^~~~~~~~~~
Drivers/Linux/include/net/cfg80211.h:6441:1: error: expected declaration specifiers before 'DEFINE_GUARD'
 6441 | DEFINE_GUARD(wiphy, struct wiphy *,
      | ^~~~~~~~~~~~
Drivers/Linux/include/net/cfg80211.h:6446:58: warning: 'struct wiphy_work' declared inside parameter list will not be visible outside of this definition or declaration
 6446 | typedef void (*wiphy_work_func_t)(struct wiphy *, struct wiphy_work *);
      |                                                          ^~~~~~~~~~
Drivers/Linux/include/net/cfg80211.h:6446:16: error: storage class specified for parameter 'wiphy_work_func_t'
 6446 | typedef void (*wiphy_work_func_t)(struct wiphy *, struct wiphy_work *);
      |                ^~~~~~~~~~~~~~~~~
Drivers/Linux/include/net/cfg80211.h:6449:19: error: field 'entry' has incomplete type
 6449 |  struct list_head entry;
      |                   ^~~~~
Drivers/Linux/include/net/cfg80211.h:6450:2: error: expected specifier-qualifier-list before 'wiphy_work_func_t'
 6450 |  wiphy_work_func_t func;
      |  ^~~~~~~~~~~~~~~~~
Drivers/Linux/include/net/cfg80211.h:6448:1: warning: empty declaration
 6448 | struct wiphy_work {
      | ^~~~~~
Drivers/Linux/include/net/cfg80211.h:6454:8: error: expected declaration specifiers or '...' before 'wiphy_work_func_t'
 6454 |        wiphy_work_func_t func)
      |        ^~~~~~~~~~~~~~~~~
Drivers/Linux/include/net/cfg80211.h:6497:20: error: field 'timer' has incomplete type
 6497 |  struct timer_list timer;
      |                    ^~~~~
Drivers/Linux/include/net/cfg80211.h:6494:1: warning: empty declaration
 6494 | struct wiphy_delayed_work {
      | ^~~~~~
Drivers/Linux/include/net/cfg80211.h:6503:9: error: expected declaration specifiers or '...' before 'wiphy_work_func_t'
 6503 |         wiphy_work_func_t func)
      |         ^~~~~~~~~~~~~~~~~
Drivers/Linux/include/net/cfg80211.h:6600:17: error: field 'timer' has incomplete type
 6600 |  struct hrtimer timer;
      |                 ^~~~~
Drivers/Linux/include/net/cfg80211.h:6597:1: warning: empty declaration
 6597 | struct wiphy_hrtimer_work {
      | ^~~~~~
Drivers/Linux/include/net/cfg80211.h:6606:9: error: expected declaration specifiers or '...' before 'wiphy_work_func_t'
 6606 |         wiphy_work_func_t func)
      |         ^~~~~~~~~~~~~~~~~
Drivers/Linux/include/net/cfg80211.h:6630:10: error: unknown type name 'ktime_t'
 6630 |          ktime_t delay);
      |          ^~~~~~~
Drivers/Linux/include/net/cfg80211.h:6678:1: warning: empty declaration
 6678 | enum ieee80211_ap_reg_power {
      | ^~~~
Drivers/Linux/include/net/cfg80211.h:6771:19: error: field 'list' has incomplete type
 6771 |  struct list_head list;
      |                   ^~~~
Drivers/Linux/include/net/cfg80211.h:6776:19: error: field 'mgmt_registrations' has incomplete type
 6776 |  struct list_head mgmt_registrations;
      |                   ^~~~~~~~~~~~~~~~~~
Drivers/Linux/include/net/cfg80211.h:6789:21: error: field 'disconnect_wk' has incomplete type
 6789 |  struct work_struct disconnect_wk;
      |                     ^~~~~~~~~~~~~
Drivers/Linux/include/net/cfg80211.h:6792:19: error: field 'event_list' has incomplete type
 6792 |  struct list_head event_list;
      |                   ^~~~~~~~~~
Drivers/Linux/include/net/cfg80211.h:6793:2: error: unknown type name 'spinlock_t'
 6793 |  spinlock_t event_lock;
      |  ^~~~~~~~~~
Drivers/Linux/include/net/cfg80211.h:6822:35: error: expected ':', ',', ';', '}' or '__attribute__' before '*' token
 6822 |  struct cfg80211_cqm_config __rcu *cqm_config;
      |                                   ^
Drivers/Linux/include/net/cfg80211.h:6766:1: warning: empty declaration
 6766 | struct wireless_dev {
      | ^~~~~~
Drivers/Linux/include/net/cfg80211.h:6885:1: error: expected '=', ',', ';', 'asm' or '__attribute__' before '{' token
 6885 | {
      | ^
Drivers/Linux/include/net/cfg80211.h:6892:1: error: expected '=', ',', ';', 'asm' or '__attribute__' before '{' token
 6892 | {
      | ^
Drivers/Linux/include/net/cfg80211.h:6905:1: error: expected '=', ',', ';', 'asm' or '__attribute__' before '{' token
 6905 | {
      | ^
Drivers/Linux/include/net/cfg80211.h:6922:1: error: expected '=', ',', ';', 'asm' or '__attribute__' before '{' token
 6922 | {
      | ^
Drivers/Linux/include/net/cfg80211.h:6952:1: error: expected '=', ',', ';', 'asm' or '__attribute__' before '{' token
 6952 | {
      | ^
Drivers/Linux/include/net/cfg80211.h:6964:1: error: expected '=', ',', ';', 'asm' or '__attribute__' before '{' token
 6964 | {
      | ^
Drivers/Linux/include/net/cfg80211.h:6984:1: error: expected '=', ',', ';', 'asm' or '__attribute__' before '{' token
 6984 | {
      | ^
Drivers/Linux/include/net/cfg80211.h:7002:1: error: expected '=', ',', ';', 'asm' or '__attribute__' before '{' token
 7002 | {
      | ^
Drivers/Linux/include/net/cfg80211.h:7025:1: error: expected '=', ',', ';', 'asm' or '__attribute__' before '{' token
 7025 | {
      | ^
Drivers/Linux/include/net/cfg80211.h:7039:1: error: expected '=', ',', ';', 'asm' or '__attribute__' before '{' token
 7039 | {
      | ^
Drivers/Linux/include/net/cfg80211.h:7113:1: warning: empty declaration
 7113 | struct radiotap_align_size {
      | ^~~~~~
Drivers/Linux/include/net/cfg80211.h:7117:1: warning: empty declaration
 7117 | struct ieee80211_radiotap_namespace {
      | ^~~~~~
Drivers/Linux/include/net/cfg80211.h:7124:1: warning: empty declaration
 7124 | struct ieee80211_radiotap_vendor_namespaces {
      | ^~~~~~
Drivers/Linux/include/net/cfg80211.h:7158:1: warning: empty declaration
 7158 | struct ieee80211_radiotap_iterator {
      | ^~~~~~
Drivers/Linux/include/net/cfg80211.h:7188:28: error: storage class specified for parameter 'rfc1042_header'
 7188 | extern const unsigned char rfc1042_header[6];
      |                            ^~~~~~~~~~~~~~
Drivers/Linux/include/net/cfg80211.h:7189:28: error: storage class specified for parameter 'bridge_tunnel_header'
 7189 | extern const unsigned char bridge_tunnel_header[6];
      |                            ^~~~~~~~~~~~~~~~~~~~
Drivers/Linux/include/net/cfg80211.h:7203:57: warning: 'struct sk_buff' declared inside parameter list will not be visible outside of this definition or declaration
 7203 | unsigned int ieee80211_get_hdrlen_from_skb(const struct sk_buff *skb);
      |                                                         ^~~~~~~
Drivers/Linux/include/net/cfg80211.h:7210:34: error: expected '=', ',', ';', 'asm' or '__attribute__' before 'ieee80211_hdrlen'
 7210 | unsigned int __attribute_const__ ieee80211_hdrlen(__le16 fc);
      |                                  ^~~~~~~~~~~~~~~~
Drivers/Linux/include/net/cfg80211.h:7240:63: warning: 'struct ethhdr' declared inside parameter list will not be visible outside of this definition or declaration
 7240 | int ieee80211_data_to_8023_exthdr(struct sk_buff *skb, struct ethhdr *ehdr,
      |                                                               ^~~~~~
Drivers/Linux/include/net/cfg80211.h:7240:42: warning: 'struct sk_buff' declared inside parameter list will not be visible outside of this definition or declaration
 7240 | int ieee80211_data_to_8023_exthdr(struct sk_buff *skb, struct ethhdr *ehdr,
      |                                          ^~~~~~~
Drivers/Linux/include/net/cfg80211.h:7251:49: warning: 'struct sk_buff' declared inside parameter list will not be visible outside of this definition or declaration
 7251 | static inline int ieee80211_data_to_8023(struct sk_buff *skb, const u8 *addr,
      |                                                 ^~~~~~~
Drivers/Linux/include/net/cfg80211.h:7253:1: error: expected '=', ',', ';', 'asm' or '__attribute__' before '{' token
 7253 | {
      | ^
Drivers/Linux/include/net/cfg80211.h:7271:38: warning: 'struct sk_buff' declared inside parameter list will not be visible outside of this definition or declaration
 7271 | bool ieee80211_is_valid_amsdu(struct sk_buff *skb, u8 mesh_hdr);
      |                                      ^~~~~~~
Drivers/Linux/include/net/cfg80211.h:7290:59: warning: 'struct sk_buff_head' declared inside parameter list will not be visible outside of this definition or declaration
 7290 | void ieee80211_amsdu_to_8023s(struct sk_buff *skb, struct sk_buff_head *list,
      |                                                           ^~~~~~~~~~~~
Drivers/Linux/include/net/cfg80211.h:7290:38: warning: 'struct sk_buff' declared inside parameter list will not be visible outside of this definition or declaration
 7290 | void ieee80211_amsdu_to_8023s(struct sk_buff *skb, struct sk_buff_head *list,
      |                                      ^~~~~~~
Drivers/Linux/include/net/cfg80211.h:7319:42: warning: 'struct sk_buff' declared inside parameter list will not be visible outside of this definition or declaration
 7319 | int ieee80211_strip_8023_mesh_hdr(struct sk_buff *skb);
      |                                          ^~~~~~~
Drivers/Linux/include/net/cfg80211.h:7327:44: warning: 'struct sk_buff' declared inside parameter list will not be visible outside of this definition or declaration
 7327 | unsigned int cfg80211_classify8021d(struct sk_buff *skb,
      |                                            ^~~~~~~
Drivers/Linux/include/net/cfg80211.h:7385:1: error: expected '=', ',', ';', 'asm' or '__attribute__' before '{' token
 7385 | {
      | ^
Drivers/Linux/include/net/cfg80211.h:7416:1: error: expected '=', ',', ';', 'asm' or '__attribute__' before '{' token
 7416 | {
      | ^
Drivers/Linux/include/net/cfg80211.h:7436:1: error: expected '=', ',', ';', 'asm' or '__attribute__' before '{' token
 7436 | {
      | ^
Drivers/Linux/include/net/cfg80211.h:7457:1: error: expected '=', ',', ';', 'asm' or '__attribute__' before '{' token
 7457 | {
      | ^
Drivers/Linux/include/net/cfg80211.h:7478:1: error: expected '=', ',', ';', 'asm' or '__attribute__' before '{' token
 7478 | {
      | ^
Drivers/Linux/include/net/cfg80211.h:7521:1: error: expected '=', ',', ';', 'asm' or '__attribute__' before '{' token
 7521 | {
      | ^
Drivers/Linux/include/net/cfg80211.h:7531:1: warning: empty declaration
 7531 | enum cfg80211_rnr_iter_ret {
      | ^~~~
Drivers/Linux/include/net/cfg80211.h:7575:1: error: unknown type name 'ssize_t'; did you mean 'size_t'?
 7575 | ssize_t cfg80211_defragment_element(const struct element *elem, const u8 *ies,
      | ^~~~~~~
      | size_t
Drivers/Linux/include/net/cfg80211.h:7798:1: error: expected '=', ',', ';', 'asm' or '__attribute__' before 'cfg80211_inform_bss_frame_data'
 7798 | cfg80211_inform_bss_frame_data(struct wiphy *wiphy,
      | ^~~~~~~~~~~~~~~~~~~~~~~~~~~~~~
Drivers/Linux/include/net/cfg80211.h:7804:1: error: expected '=', ',', ';', 'asm' or '__attribute__' before 'cfg80211_inform_bss_frame'
 7804 | cfg80211_inform_bss_frame(struct wiphy *wiphy,
      | ^~~~~~~~~~~~~~~~~~~~~~~~~
Drivers/Linux/include/net/cfg80211.h:7826:1: error: expected '=', ',', ';', 'asm' or '__attribute__' before '{' token
 7826 | {
      | ^
Drivers/Linux/include/net/cfg80211.h:7872:1: warning: empty declaration
 7872 | enum cfg80211_bss_frame_type {
      | ^~~~
Drivers/Linux/include/net/cfg80211.h:7899:1: error: expected '=', ',', ';', 'asm' or '__attribute__' before '{' token
 7899 | {
      | ^
Drivers/Linux/include/net/cfg80211.h:7928:1: error: expected '=', ',', ';', 'asm' or '__attribute__' before 'cfg80211_inform_bss_data'
 7928 | cfg80211_inform_bss_data(struct wiphy *wiphy,
      | ^~~~~~~~~~~~~~~~~~~~~~~~
Drivers/Linux/include/net/cfg80211.h:7936:1: error: expected '=', ',', ';', 'asm' or '__attribute__' before 'cfg80211_inform_bss'
 7936 | cfg80211_inform_bss(struct wiphy *wiphy,
      | ^~~~~~~~~~~~~~~~~~~
Drivers/Linux/include/net/cfg80211.h:7993:1: error: expected '=', ',', ';', 'asm' or '__attribute__' before '{' token
 7993 | {
      | ^
Drivers/Linux/include/net/cfg80211.h:8003:1: error: expected '=', ',', ';', 'asm' or '__attribute__' before '{' token
 8003 | {
      | ^
Drivers/Linux/include/net/cfg80211.h:8106:1: warning: empty declaration
 8106 | struct cfg80211_rx_assoc_resp_data {
      | ^~~~~~
Drivers/Linux/include/net/cfg80211.h:8142:1: warning: empty declaration
 8142 | struct cfg80211_assoc_failure {
      | ^~~~~~
Drivers/Linux/include/net/cfg80211.h:8205:22: error: unknown type name 'gfp_t'
 8205 |       const u8 *tsc, gfp_t gfp);
      |                      ^~~~~
Drivers/Linux/include/net/cfg80211.h:8223:41: error: unknown type name 'gfp_t'
 8223 |      struct ieee80211_channel *channel, gfp_t gfp);
      |                                         ^~~~~
Drivers/Linux/include/net/cfg80211.h:8242:16: error: unknown type name 'gfp_t'
 8242 |   int sig_dbm, gfp_t gfp);
      |                ^~~~~
Drivers/Linux/include/net/cfg80211.h:8265:16: warning: 'enum rfkill_hard_block_reasons' declared inside parameter list will not be visible outside of this definition or declaration
 8265 |           enum rfkill_hard_block_reasons reason);
      |                ^~~~~~~~~~~~~~~~~~~~~~~~~
Drivers/Linux/include/net/cfg80211.h:8268:1: error: expected '=', ',', ';', 'asm' or '__attribute__' before '{' token
 8268 | {
      | ^
Drivers/Linux/include/net/cfg80211.h:8284:1: error: expected '=', ',', ';', 'asm' or '__attribute__' before '{' token
 8284 | {
      | ^
Drivers/Linux/include/net/cfg80211.h:8319:24: error: unknown type name 'gfp_t'
 8319 |         int approxlen, gfp_t gfp);
      |                        ^~~~~
Drivers/Linux/include/net/cfg80211.h:8321:53: error: unknown type name 'gfp_t'
 8321 | void __cfg80211_send_event_skb(struct sk_buff *skb, gfp_t gfp);
      |                                                     ^~~~~
Drivers/Linux/include/net/cfg80211.h:8348:1: error: expected '=', ',', ';', 'asm' or '__attribute__' before '{' token
 8348 | {
      | ^
Drivers/Linux/include/net/cfg80211.h:8400:39: error: unknown type name 'gfp_t'
 8400 |         int approxlen, int event_idx, gfp_t gfp)
      |                                       ^~~~~
Drivers/Linux/include/net/cfg80211.h:8435:22: error: unknown type name 'gfp_t'
 8435 |       int event_idx, gfp_t gfp)
      |                      ^~~~~
Drivers/Linux/include/net/cfg80211.h:8450:63: error: unknown type name 'gfp_t'
 8450 | static inline void cfg80211_vendor_event(struct sk_buff *skb, gfp_t gfp)
      |                                                               ^~~~~
Drivers/Linux/include/net/cfg80211.h:8579:1: warning: empty declaration
 8579 | struct cfg80211_fils_resp_params {
      | ^~~~~~
Drivers/Linux/include/net/cfg80211.h:8632:1: warning: empty declaration
 8632 | struct cfg80211_connect_resp_params {
      | ^~~~~~
Drivers/Linux/include/net/cfg80211.h:8667:7: error: unknown type name 'gfp_t'
 8667 |       gfp_t gfp);
      |       ^~~~~
Drivers/Linux/include/net/cfg80211.h:8711:40: error: unknown type name 'gfp_t'
 8711 |        size_t resp_ie_len, int status, gfp_t gfp,
      |                                        ^~~~~
Drivers/Linux/include/net/cfg80211.h:8753:16: error: unknown type name 'gfp_t'
 8753 |    u16 status, gfp_t gfp)
      |                ^~~~~
Drivers/Linux/include/net/cfg80211.h:8780:42: error: unknown type name 'gfp_t'
 8780 |     const u8 *req_ie, size_t req_ie_len, gfp_t gfp,
      |                                          ^~~~~
Drivers/Linux/include/net/cfg80211.h:8809:1: warning: empty declaration
 8809 | struct cfg80211_roam_info {
      | ^~~~~~
Drivers/Linux/include/net/cfg80211.h:8845:8: error: unknown type name 'gfp_t'
 8845 |        gfp_t gfp);
      |        ^~~~~
Drivers/Linux/include/net/cfg80211.h:8868:49: error: unknown type name 'gfp_t'
 8868 |          const u8* td_bitmap, u8 td_bitmap_len, gfp_t gfp);
      |                                                 ^~~~~
Drivers/Linux/include/net/cfg80211.h:8885:31: error: unknown type name 'gfp_t'
 8885 |       bool locally_generated, gfp_t gfp);
      |                               ^~~~~
Drivers/Linux/include/net/cfg80211.h:8898:34: error: unknown type name 'gfp_t'
 8898 |           unsigned int duration, gfp_t gfp);
      |                                  ^~~~~
Drivers/Linux/include/net/cfg80211.h:8909:6: error: unknown type name 'gfp_t'
 8909 |      gfp_t gfp);
      |      ^~~~~
Drivers/Linux/include/net/cfg80211.h:8919:42: error: unknown type name 'gfp_t'
 8919 |          struct ieee80211_channel *chan, gfp_t gfp);
      |                                          ^~~~~
Drivers/Linux/include/net/cfg80211.h:8929:64: error: unknown type name 'gfp_t'
 8929 | int cfg80211_sinfo_alloc_tid_stats(struct station_info *sinfo, gfp_t gfp);
      |                                                                ^~~~~
Drivers/Linux/include/net/cfg80211.h:8940:6: error: unknown type name 'gfp_t'
 8940 |      gfp_t gfp);
      |      ^~~~~
Drivers/Linux/include/net/cfg80211.h:8951:1: error: expected '=', ',', ';', 'asm' or '__attribute__' before '{' token
 8951 | {
      | ^
Drivers/Linux/include/net/cfg80211.h:8971:37: error: unknown type name 'gfp_t'
 8971 |         struct station_info *sinfo, gfp_t gfp);
      |                                     ^~~~~
Drivers/Linux/include/net/cfg80211.h:8981:36: error: unknown type name 'gfp_t'
 8981 |        struct station_info *sinfo, gfp_t gfp);
      |                                    ^~~~~
Drivers/Linux/include/net/cfg80211.h:8991:29: error: unknown type name 'gfp_t'
 8991 |         const u8 *mac_addr, gfp_t gfp)
      |                             ^~~~~
Drivers/Linux/include/net/cfg80211.h:9013:6: error: unknown type name 'gfp_t'
 9013 |      gfp_t gfp);
      |      ^~~~~
Drivers/Linux/include/net/cfg80211.h:9029:1: warning: empty declaration
 9029 | struct cfg80211_rx_info {
      | ^~~~~~
Drivers/Linux/include/net/cfg80211.h:9077:1: error: expected '=', ',', ';', 'asm' or '__attribute__' before '{' token
 9077 | {
      | ^
Drivers/Linux/include/net/cfg80211.h:9109:1: error: expected '=', ',', ';', 'asm' or '__attribute__' before '{' token
 9109 | {
      | ^
Drivers/Linux/include/net/cfg80211.h:9131:1: warning: empty declaration
 9131 | struct cfg80211_tx_status {
      | ^~~~~~
Drivers/Linux/include/net/cfg80211.h:9151:41: error: unknown type name 'gfp_t'
 9151 |      struct cfg80211_tx_status *status, gfp_t gfp);
      |                                         ^~~~~
Drivers/Linux/include/net/cfg80211.h:9168:31: error: unknown type name 'gfp_t'
 9168 |         size_t len, bool ack, gfp_t gfp)
      |                               ^~~~~
Drivers/Linux/include/net/cfg80211.h:9196:10: error: unknown type name 'gfp_t'
 9196 |          gfp_t gfp);
      |          ^~~~~
Drivers/Linux/include/net/cfg80211.h:9233:26: error: unknown type name 'gfp_t'
 9233 |          s32 rssi_level, gfp_t gfp);
      |                          ^~~~~
Drivers/Linux/include/net/cfg80211.h:9245:39: error: unknown type name 'gfp_t'
 9245 |      const u8 *peer, u32 num_packets, gfp_t gfp);
      |                                       ^~~~~
Drivers/Linux/include/net/cfg80211.h:9260:47: error: unknown type name 'gfp_t'
 9260 |         u32 num_packets, u32 rate, u32 intvl, gfp_t gfp);
      |                                               ^~~~~
Drivers/Linux/include/net/cfg80211.h:9269:62: error: unknown type name 'gfp_t'
 9269 | void cfg80211_cqm_beacon_loss_notify(struct net_device *dev, gfp_t gfp);
      |                                                              ^~~~~
Drivers/Linux/include/net/cfg80211.h:9282:22: error: unknown type name 'gfp_t'
 9282 |        bool offchan, gfp_t gfp);
      |                      ^~~~~
Drivers/Linux/include/net/cfg80211.h:9287:8: error: unknown type name 'gfp_t'
 9287 |        gfp_t gfp)
      |        ^~~~~
Drivers/Linux/include/net/cfg80211.h:9295:5: error: unknown type name 'gfp_t'
 9295 |     gfp_t gfp)
      |     ^~~~~
Drivers/Linux/include/net/cfg80211.h:9312:12: error: unknown type name 'gfp_t'
 9312 |            gfp_t gfp);
      |            ^~~~~
Drivers/Linux/include/net/cfg80211.h:9328:36: error: unknown type name 'gfp_t'
 9328 |    enum nl80211_radar_event event, gfp_t gfp,
      |                                    ^~~~~
Drivers/Linux/include/net/cfg80211.h:9348:33: error: unknown type name 'gfp_t'
 9348 |           const u8 *replay_ctr, gfp_t gfp);
      |                                 ^~~~~
Drivers/Linux/include/net/cfg80211.h:9359:41: error: unknown type name 'gfp_t'
 9359 |          const u8 *bssid, bool preauth, gfp_t gfp);
      |                                         ^~~~~
Drivers/Linux/include/net/cfg80211.h:9375:18: error: unknown type name 'gfp_t'
 9375 |     int link_id, gfp_t gfp);
      |                  ^~~~~
Drivers/Linux/include/net/cfg80211.h:9392:19: error: unknown type name 'gfp_t'
 9392 |      int link_id, gfp_t gfp);
      |                   ^~~~~
Drivers/Linux/include/net/cfg80211.h:9406:33: error: unknown type name 'gfp_t'
 9406 |       bool is_valid_ack_signal, gfp_t gfp);
      |                                 ^~~~~
Drivers/Linux/include/net/cfg80211.h:9438:1: error: expected '=', ',', ';', 'asm' or '__attribute__' before '{' token
 9438 | {
      | ^
Drivers/Linux/include/net/cfg80211.h:9452:1: warning: empty declaration
 9452 | struct cfg80211_beaconing_check_config {
      | ^~~~~~
Drivers/Linux/include/net/cfg80211.h:9484:1: error: expected '=', ',', ';', 'asm' or '__attribute__' before '{' token
 9484 | {
      | ^
Drivers/Linux/include/net/cfg80211.h:9509:1: error: expected '=', ',', ';', 'asm' or '__attribute__' before '{' token
 9509 | {
      | ^
Drivers/Linux/include/net/cfg80211.h:9592:1: error: expected '=', ',', ';', 'asm' or '__attribute__' before '{' token
 9592 | {
      | ^
Drivers/Linux/include/net/cfg80211.h:9613:22: error: unknown type name 'gfp_t'
 9613 |     u16 reason_code, gfp_t gfp);
      |                      ^~~~~
Drivers/Linux/include/net/cfg80211.h:9664:1: error: expected '=', ',', ';', 'asm' or '__attribute__' before '{' token
 9664 | {
      | ^
Drivers/Linux/include/net/cfg80211.h:9665:15: error: missing binary operator before token "("
 9665 | #if IS_ENABLED(CONFIG_CFG80211)
      |               ^
Drivers/Linux/include/net/cfg80211.h:9678:1: warning: empty declaration
 9678 | struct cfg80211_ft_event_params {
      | ^~~~~~
Drivers/Linux/include/net/cfg80211.h:9773:1: error: expected '=', ',', ';', 'asm' or '__attribute__' before '{' token
 9773 | {
      | ^
Drivers/Linux/include/net/cfg80211.h:9802:8: error: unknown type name 'gfp_t'
 9802 |        gfp_t gfp);
      |        ^~~~~
Drivers/Linux/include/net/cfg80211.h:9814:61: error: unknown type name 'gfp_t'
 9814 | void cfg80211_crit_proto_stopped(struct wireless_dev *wdev, gfp_t gfp);
      |                                                             ^~~~~
Drivers/Linux/include/net/cfg80211.h:9883:17: error: unknown type name 'gfp_t'
 9883 |    int link_id, gfp_t gfp);
      |                 ^~~~~
Drivers/Linux/include/net/cfg80211.h:9898:69: error: unknown type name 'gfp_t'
 9898 | cfg80211_stop_iface(struct wiphy *wiphy, struct wireless_dev *wdev, gfp_t gfp)
      |                                                                     ^~~~~
Drivers/Linux/include/net/cfg80211.h:9928:1: error: expected '=', ',', ';', 'asm' or '__attribute__' before '{' token
 9928 | {
      | ^
Drivers/Linux/include/net/cfg80211.h:9949:1: error: expected '=', ',', ';', 'asm' or '__attribute__' before '{' token
 9949 | {
      | ^
Drivers/Linux/include/net/cfg80211.h:9978:1: warning: empty declaration
 9978 | struct cfg80211_nan_match_params {
      | ^~~~~~
Drivers/Linux/include/net/cfg80211.h:9999:45: error: unknown type name 'gfp_t'
 9999 |    struct cfg80211_nan_match_params *match, gfp_t gfp);
      |                                             ^~~~~
Drivers/Linux/include/net/cfg80211.h:10015:19: error: unknown type name 'gfp_t'
10015 |       u64 cookie, gfp_t gfp);
      |                   ^~~~~
Drivers/Linux/include/net/cfg80211.h:10018:58: warning: 'struct ethtool_drvinfo' declared inside parameter list will not be visible outside of this definition or declaration
10018 | void cfg80211_get_drvinfo(struct net_device *dev, struct ethtool_drvinfo *info);
      |                                                          ^~~~~~~~~~~~~~~
Drivers/Linux/include/net/cfg80211.h:10029:8: error: unknown type name 'gfp_t'
10029 |        gfp_t gfp);
      |        ^~~~~
Drivers/Linux/include/net/cfg80211.h:10041:6: error: unknown type name 'gfp_t'
10041 |      gfp_t gfp);
      |      ^~~~~
Drivers/Linux/include/net/cfg80211.h:10054:8: error: unknown type name 'gfp_t'
10054 |        gfp_t gfp);
      |        ^~~~~
Drivers/Linux/include/net/cfg80211.h:10146:9: error: unknown type name 'gfp_t'
10146 |         gfp_t gfp);
      |         ^~~~~
Drivers/Linux/include/net/cfg80211.h:10179:1: error: expected '=', ',', ';', 'asm' or '__attribute__' before '{' token
10179 | {
      | ^
Drivers/Linux/include/net/cfg80211.h:10196:1: error: expected '=', ',', ';', 'asm' or '__attribute__' before '{' token
10196 | {
      | ^
Drivers/Linux/include/net/cfg80211.h:10212:1: error: expected '=', ',', ';', 'asm' or '__attribute__' before '{' token
10212 | {
      | ^
Drivers/Linux/include/net/cfg80211.h:10228:1: error: expected '=', ',', ';', 'asm' or '__attribute__' before '{' token
10228 | {
      | ^
Drivers/Linux/include/net/cfg80211.h:10244:1: error: expected '=', ',', ';', 'asm' or '__attribute__' before '{' token
10244 | {
      | ^
Drivers/Linux/include/net/cfg80211.h:10295:1: warning: empty declaration
10295 | struct cfg80211_mlo_reconf_done_data {
      | ^~~~~~
Drivers/Linux/include/net/cfg80211.h:10341:37: error: unknown type name 'gfp_t'
10341 |     struct ieee80211_channel *chan, gfp_t gfp);
      |                                     ^~~~~
Drivers/Linux/include/net/cfg80211.h:10355:6: error: unknown type name 'gfp_t'
10355 |      gfp_t gfp);
      |      ^~~~~
Drivers/Linux/include/net/cfg80211.h:10415:1: error: expected '=', ',', ';', 'asm' or '__attribute__' before '{' token
10415 | {
      | ^
Drivers/Linux/include/net/cfg80211.h:10430:1: error: expected '=', ',', ';', 'asm' or '__attribute__' before '{' token
10430 | {
      | ^
Drivers/Linux/include/net/cfg80211.h:10453:1: error: expected '=', ',', ';', 'asm' or '__attribute__' before '{' token
10453 | {
      | ^
In file included from Drivers/Linux/net/wireless/core.h:19,
                 from Drivers/Linux/net/wireless/nl80211.h:9,
                 from Drivers/Linux/net/wireless/ap.c:9:
Drivers/Linux/net/wireless/reg.h:23:1: warning: empty declaration
   23 | enum ieee80211_regd_source {
      | ^~~~
Drivers/Linux/net/wireless/reg.h:29:47: error: expected '=', ',', ';', 'asm' or '__attribute__' before '*' token
   29 | extern const struct ieee80211_regdomain __rcu *cfg80211_regdomain;
      |                                               ^
Drivers/Linux/net/wireless/reg.h:56:12: error: expected '=', ',', ';', 'asm' or '__attribute__' before 'regulatory_init'
   56 | int __init regulatory_init(void);
      |            ^~~~~~~~~~~~~~~
Drivers/Linux/net/wireless/reg.h:87:7: error: unknown type name 'gfp_t'
   87 |       gfp_t gfp);
      |       ^~~~~
Drivers/Linux/net/wireless/reg.h:192:17: error: storage class specified for parameter 'shipped_regdb_certs'
  192 | extern const u8 shipped_regdb_certs[];
      |                 ^~~~~~~~~~~~~~~~~~~
Drivers/Linux/net/wireless/reg.h:193:21: error: storage class specified for parameter 'shipped_regdb_certs_len'
  193 | extern unsigned int shipped_regdb_certs_len;
      |                     ^~~~~~~~~~~~~~~~~~~~~~~
Drivers/Linux/net/wireless/reg.h:194:17: error: storage class specified for parameter 'extra_regdb_certs'
  194 | extern const u8 extra_regdb_certs[];
      |                 ^~~~~~~~~~~~~~~~~
Drivers/Linux/net/wireless/reg.h:195:21: error: storage class specified for parameter 'extra_regdb_certs_len'
  195 | extern unsigned int extra_regdb_certs_len;
      |                     ^~~~~~~~~~~~~~~~~~~~~
In file included from Drivers/Linux/net/wireless/nl80211.h:9,
                 from Drivers/Linux/net/wireless/ap.c:9:
Drivers/Linux/net/wireless/core.h:24:1: warning: empty declaration
   24 | struct cfg80211_scan_request_int {
      | ^~~~~~
Drivers/Linux/net/wireless/core.h:33:19: error: field 'list' has incomplete type
   33 |  struct list_head list;
      |                   ^~~~
Drivers/Linux/net/wireless/core.h:36:20: error: field 'rfkill_ops' has incomplete type
   36 |  struct rfkill_ops rfkill_ops;
      |                    ^~~~~~~~~~
Drivers/Linux/net/wireless/core.h:37:21: error: field 'rfkill_block' has incomplete type
   37 |  struct work_struct rfkill_block;
      |                     ^~~~~~~~~~~~
Drivers/Linux/net/wireless/core.h:56:23: error: field 'env' has incomplete type
   56 |  enum environment_cap env;
      |                       ^~~
Drivers/Linux/net/wireless/core.h:64:2: error: unknown type name 'wait_queue_head_t'
   64 |  wait_queue_head_t dev_wait;
      |  ^~~~~~~~~~~~~~~~~
Drivers/Linux/net/wireless/core.h:66:19: error: field 'beacon_registrations' has incomplete type
   66 |  struct list_head beacon_registrations;
      |                   ^~~~~~~~~~~~~~~~~~~~
Drivers/Linux/net/wireless/core.h:67:2: error: unknown type name 'spinlock_t'
   67 |  spinlock_t beacon_registrations_lock;
      |  ^~~~~~~~~~
Drivers/Linux/net/wireless/core.h:75:2: error: unknown type name 'spinlock_t'
   75 |  spinlock_t bss_lock;
      |  ^~~~~~~~~~
Drivers/Linux/net/wireless/core.h:76:19: error: field 'bss_list' has incomplete type
   76 |  struct list_head bss_list;
      |                   ^~~~~~~~
Drivers/Linux/net/wireless/core.h:77:17: error: field 'bss_tree' has incomplete type
   77 |  struct rb_root bss_tree;
      |                 ^~~~~~~~
Drivers/Linux/net/wireless/core.h:83:19: error: field 'sched_scan_req_list' has incomplete type
   83 |  struct list_head sched_scan_req_list;
      |                   ^~~~~~~~~~~~~~~~~~~
Drivers/Linux/net/wireless/core.h:84:2: error: unknown type name 'time64_t'
   84 |  time64_t suspend_at;
      |  ^~~~~~~~
Drivers/Linux/net/wireless/core.h:89:21: error: field 'conn_work' has incomplete type
   89 |  struct work_struct conn_work;
      |                     ^~~~~~~~~
Drivers/Linux/net/wireless/core.h:90:21: error: field 'event_work' has incomplete type
   90 |  struct work_struct event_work;
      |                     ^~~~~~~~~~
Drivers/Linux/net/wireless/core.h:92:22: error: field 'dfs_update_channels_wk' has incomplete type
   92 |  struct delayed_work dfs_update_channels_wk;
      |                      ^~~~~~~~~~~~~~~~~~~~~~
Drivers/Linux/net/wireless/core.h:96:22: error: field 'background_cac_done_wk' has incomplete type
   96 |  struct delayed_work background_cac_done_wk;
      |                      ^~~~~~~~~~~~~~~~~~~~~~
Drivers/Linux/net/wireless/core.h:97:21: error: field 'background_cac_abort_wk' has incomplete type
   97 |  struct work_struct background_cac_abort_wk;
      |                     ^~~~~~~~~~~~~~~~~~~~~~~
Drivers/Linux/net/wireless/core.h:104:21: error: field 'destroy_work' has incomplete type
  104 |  struct work_struct destroy_work;
      |                     ^~~~~~~~~~~~
Drivers/Linux/net/wireless/core.h:106:21: error: field 'sched_scan_res_wk' has incomplete type
  106 |  struct work_struct sched_scan_res_wk;
      |                     ^~~~~~~~~~~~~~~~~
Drivers/Linux/net/wireless/core.h:109:21: error: field 'propagate_radar_detect_wk' has incomplete type
  109 |  struct work_struct propagate_radar_detect_wk;
      |                     ^~~~~~~~~~~~~~~~~~~~~~~~~
Drivers/Linux/net/wireless/core.h:112:21: error: field 'propagate_cac_done_wk' has incomplete type
  112 |  struct work_struct propagate_cac_done_wk;
      |                     ^~~~~~~~~~~~~~~~~~~~~
Drivers/Linux/net/wireless/core.h:114:21: error: field 'mgmt_registrations_update_wk' has incomplete type
  114 |  struct work_struct mgmt_registrations_update_wk;
      |                     ^~~~~~~~~~~~~~~~~~~~~~~~~~~~
Drivers/Linux/net/wireless/core.h:116:2: error: unknown type name 'spinlock_t'
  116 |  spinlock_t mgmt_registrations_lock;
      |  ^~~~~~~~~~
Drivers/Linux/net/wireless/core.h:118:21: error: field 'wiphy_work' has incomplete type
  118 |  struct work_struct wiphy_work;
      |                     ^~~~~~~~~~
Drivers/Linux/net/wireless/core.h:119:19: error: field 'wiphy_work_list' has incomplete type
  119 |  struct list_head wiphy_work_list;
      |                   ^~~~~~~~~~~~~~~
Drivers/Linux/net/wireless/core.h:121:2: error: unknown type name 'spinlock_t'
  121 |  spinlock_t wiphy_work_lock;
      |  ^~~~~~~~~~
In file included from Drivers/Linux/include/linux/ieee80211.h:18,
                 from Drivers/Linux/net/wireless/ap.c:6:
Drivers/Linux/net/wireless/core.h:126:31: error: 'NETDEV_ALIGN' undeclared (first use in this function)
  126 |  struct wiphy wiphy __aligned(NETDEV_ALIGN);
      |                               ^~~~~~~~~~~~
Drivers/Linux/include/linux/types.h:29:45: note: in definition of macro '__aligned'
   29 | #define __aligned(x) __attribute__((aligned(x)))
      |                                             ^
In file included from Drivers/Linux/net/wireless/nl80211.h:9,
                 from Drivers/Linux/net/wireless/ap.c:9:
Drivers/Linux/net/wireless/core.h:31:1: warning: empty declaration
   31 | struct cfg80211_registered_device {
      | ^~~~~~
Drivers/Linux/net/wireless/core.h:131:1: error: expected '=', ',', ';', 'asm' or '__attribute__' before '{' token
  131 | {
      | ^
Drivers/Linux/net/wireless/core.h:138:1: error: expected '=', ',', ';', 'asm' or '__attribute__' before '{' token
  138 | {
      | ^
Drivers/Linux/net/wireless/core.h:157:1: error: expected '=', ',', ';', 'asm' or '__attribute__' before '{' token
  157 | {
      | ^
Drivers/Linux/net/wireless/core.h:166:33: error: storage class specified for parameter 'cfg80211_wq'
  166 | extern struct workqueue_struct *cfg80211_wq;
      |                                 ^~~~~~~~~~~
Drivers/Linux/net/wireless/core.h:167:25: error: storage class specified for parameter 'cfg80211_rdev_list'
  167 | extern struct list_head cfg80211_rdev_list;
      |                         ^~~~~~~~~~~~~~~~~~
Drivers/Linux/net/wireless/core.h:168:12: error: storage class specified for parameter 'cfg80211_rdev_list_generation'
  168 | extern int cfg80211_rdev_list_generation;
      |            ^~~~~~~~~~~~~~~~~~~~~~~~~~~~~
Drivers/Linux/net/wireless/core.h:172:1: error: expected '=', ',', ';', 'asm' or '__attribute__' before '{' token
  172 | {
      | ^
Drivers/Linux/net/wireless/core.h:180:1: warning: empty declaration
  180 | enum bss_source_type {
      | ^~~~
Drivers/Linux/net/wireless/core.h:187:19: error: field 'list' has incomplete type
  187 |  struct list_head list;
      |                   ^~~~
Drivers/Linux/net/wireless/core.h:188:19: error: field 'hidden_list' has incomplete type
  188 |  struct list_head hidden_list;
      |                   ^~~~~~~~~~~
Drivers/Linux/net/wireless/core.h:189:17: error: field 'rbn' has incomplete type
  189 |  struct rb_node rbn;
      |                 ^~~
Drivers/Linux/net/wireless/core.h:192:2: error: unknown type name 'atomic_t'
  192 |  atomic_t hold;
      |  ^~~~~~~~
Drivers/Linux/net/wireless/core.h:186:1: warning: empty declaration
  186 | struct cfg80211_internal_bss {
      | ^~~~~~
Drivers/Linux/net/wireless/core.h:213:1: error: expected '=', ',', ';', 'asm' or '__attribute__' before '{' token
  213 | {
      | ^
Drivers/Linux/net/wireless/core.h:218:1: error: expected '=', ',', ';', 'asm' or '__attribute__' before '{' token
  218 | {
      | ^
Drivers/Linux/net/wireless/core.h:228:1: error: expected '=', ',', ';', 'asm' or '__attribute__' before '{' token
  228 | {
      | ^
Drivers/Linux/net/wireless/core.h:253:1: error: expected '=', ',', ';', 'asm' or '__attribute__' before '{' token
  253 | {
      | ^
Drivers/Linux/net/wireless/core.h:260:1: warning: empty declaration
  260 | enum cfg80211_event_type {
      | ^~~~
Drivers/Linux/net/wireless/core.h:270:19: error: field 'list' has incomplete type
  270 |  struct list_head list;
      |                   ^~~~
Drivers/Linux/net/wireless/core.h:269:1: warning: empty declaration
  269 | struct cfg80211_event {
      | ^~~~~~
Drivers/Linux/net/wireless/core.h:295:1: warning: empty declaration
  295 | struct cfg80211_cached_keys {
      | ^~~~~~
Drivers/Linux/net/wireless/core.h:302:19: error: field 'list' has incomplete type
  302 |  struct list_head list;
      |                   ^~~~
Drivers/Linux/net/wireless/core.h:301:1: warning: empty declaration
  301 | struct cfg80211_beacon_registration {
      | ^~~~~~
Drivers/Linux/net/wireless/core.h:307:18: error: field 'rcu_head' has incomplete type
  307 |  struct rcu_head rcu_head;
      |                  ^~~~~~~~
Drivers/Linux/net/wireless/core.h:313:24: error: expected ':', ',', ';', '}' or '__attribute__' before '__counted_by'
  313 |  s32 rssi_thresholds[] __counted_by(n_rssi_thresholds);
      |                        ^~~~~~~~~~~~
Drivers/Linux/net/wireless/core.h:306:1: warning: empty declaration
  306 | struct cfg80211_cqm_config {
      | ^~~~~~
Drivers/Linux/net/wireless/core.h:350:33: error: storage class specified for parameter 'default_mesh_config'
  350 | extern const struct mesh_config default_mesh_config;
      |                                 ^~~~~~~~~~~~~~~~~~~
Drivers/Linux/net/wireless/core.h:351:32: error: storage class specified for parameter 'default_mesh_setup'
  351 | extern const struct mesh_setup default_mesh_setup;
      |                                ^~~~~~~~~~~~~~~~~~
Drivers/Linux/net/wireless/core.h:381:11: warning: 'struct netlink_ext_ack' declared inside parameter list will not be visible outside of this definition or declaration
  381 |    struct netlink_ext_ack *extack);
      |           ^~~~~~~~~~~~~~~
Drivers/Linux/net/wireless/core.h:395:12: warning: 'struct netlink_ext_ack' declared inside parameter list will not be visible outside of this definition or declaration
  395 |     struct netlink_ext_ack *extack);
      |            ^~~~~~~~~~~~~~~
Drivers/Linux/net/wireless/core.h:470:46: warning: 'struct ieee80211_freq_range' declared inside parameter list will not be visible outside of this definition or declaration
  470 | bool cfg80211_does_bw_fit_range(const struct ieee80211_freq_range *freq_range,
      |                                              ^~~~~~~~~~~~~~~~~~~~
Drivers/Linux/net/wireless/core.h:475:27: error: storage class specified for parameter 'cfg80211_disconnect_work'
  475 | extern struct work_struct cfg80211_disconnect_work;
      |                           ^~~~~~~~~~~~~~~~~~~~~~~~
Drivers/Linux/net/wireless/core.h:517:1: error: expected '=', ',', ';', 'asm' or '__attribute__' before '{' token
  517 | {
      | ^
Drivers/Linux/net/wireless/core.h:607:19: error: field 'list' has incomplete type
  607 |  struct list_head list;
      |                   ^~~~
Drivers/Linux/net/wireless/core.h:606:1: warning: empty declaration
  606 | struct cfg80211_colocated_ap {
      | ^~~~~~
Drivers/Linux/net/wireless/core.h:623:15: error: missing binary operator before token "("
  623 | #if IS_ENABLED(CONFIG_CFG80211_KUNIT_TEST)
      |               ^
In file included from Drivers/Linux/net/wireless/ap.c:9:
Drivers/Linux/net/wireless/nl80211.h:20:1: error: expected '=', ',', ';', 'asm' or '__attribute__' before '{' token
   20 | {
      | ^
Drivers/Linux/net/wireless/nl80211.h:28:37: warning: 'struct nlattr' declared inside parameter list will not be visible outside of this definition or declaration
   28 | int nl80211_parse_random_mac(struct nlattr **attrs,
      |                                     ^~~~~~
Drivers/Linux/net/wireless/nl80211.h:44:17: warning: 'struct regulatory_request' declared inside parameter list will not be visible outside of this definition or declaration
   44 |          struct regulatory_request *request);
      |                 ^~~~~~~~~~~~~~~~~~
Drivers/Linux/net/wireless/nl80211.h:47:38: warning: 'struct regulatory_request' declared inside parameter list will not be visible outside of this definition or declaration
   47 | nl80211_send_reg_change_event(struct regulatory_request *request)
      |                                      ^~~~~~~~~~~~~~~~~~
Drivers/Linux/net/wireless/nl80211.h:48:1: error: expected '=', ',', ';', 'asm' or '__attribute__' before '{' token
   48 | {
      | ^
Drivers/Linux/net/wireless/nl80211.h:53:44: warning: 'struct regulatory_request' declared inside parameter list will not be visible outside of this definition or declaration
   53 | nl80211_send_wiphy_reg_change_event(struct regulatory_request *request)
      |                                            ^~~~~~~~~~~~~~~~~~
Drivers/Linux/net/wireless/nl80211.h:54:1: error: expected '=', ',', ';', 'asm' or '__attribute__' before '{' token
   54 | {
      | ^
Drivers/Linux/net/wireless/nl80211.h:60:33: error: unknown type name 'gfp_t'
   60 |      const u8 *buf, size_t len, gfp_t gfp);
      |                                 ^~~~~
Drivers/Linux/net/wireless/nl80211.h:67:21: error: unknown type name 'gfp_t'
   67 |     bool reconnect, gfp_t gfp);
      |                     ^~~~~
Drivers/Linux/net/wireless/nl80211.h:71:23: error: unknown type name 'gfp_t'
   71 |       bool reconnect, gfp_t gfp);
      |                       ^~~~~
Drivers/Linux/net/wireless/nl80211.h:74:27: error: unknown type name 'gfp_t'
   74 |           const u8 *addr, gfp_t gfp);
      |                           ^~~~~
Drivers/Linux/net/wireless/nl80211.h:77:21: error: unknown type name 'gfp_t'
   77 |     const u8 *addr, gfp_t gfp);
      |                     ^~~~~
Drivers/Linux/net/wireless/nl80211.h:81:6: error: unknown type name 'gfp_t'
   81 |      gfp_t gfp);
      |      ^~~~~
Drivers/Linux/net/wireless/nl80211.h:84:38: error: unknown type name 'gfp_t'
   84 |     struct cfg80211_roam_info *info, gfp_t gfp);
      |                                      ^~~~~
Drivers/Linux/net/wireless/nl80211.h:99:35: error: unknown type name 'gfp_t'
   99 |        int key_id, const u8 *tsc, gfp_t gfp);
      |                                   ^~~~~
Drivers/Linux/net/wireless/nl80211.h:108:9: error: unknown type name 'gfp_t'
  108 |         gfp_t gfp);
      |         ^~~~~
Drivers/Linux/net/wireless/nl80211.h:112:40: error: unknown type name 'gfp_t'
  112 |         struct cfg80211_rx_info *info, gfp_t gfp);
      |                                        ^~~~~
Drivers/Linux/net/wireless/nl80211.h:118:35: error: unknown type name 'gfp_t'
  118 |        struct net_device *netdev, gfp_t gfp);
      |                                   ^~~~~
In file included from Drivers/Linux/net/wireless/rdev-ops.h:13,
                 from Drivers/Linux/net/wireless/ap.c:11:
Drivers/Linux/net/wireless/trace.h:249:1: error: expected declaration specifiers before 'DECLARE_EVENT_CLASS'
  249 | DECLARE_EVENT_CLASS(wiphy_work_event,
      | ^~~~~~~~~~~~~~~~~~~
Drivers/Linux/net/wireless/trace.h:259:3: error: expected declaration specifiers before '__entry'
  259 |   __entry->instance = work;
      |   ^~~~~~~
Drivers/Linux/net/wireless/trace.h:260:3: error: expected declaration specifiers before '__entry'
  260 |   __entry->func = work ? work->func : NULL;
      |   ^~~~~~~
Drivers/Linux/net/wireless/trace.h:261:2: error: expected declaration specifiers before ')' token
  261 |  ),
      |  ^
Drivers/Linux/net/wireless/trace.h:266:1: error: expected declaration specifiers before 'DEFINE_EVENT'
  266 | DEFINE_EVENT(wiphy_work_event, wiphy_work_queue,
      | ^~~~~~~~~~~~
Drivers/Linux/net/wireless/trace.h:271:1: error: expected declaration specifiers before 'DEFINE_EVENT'
  271 | DEFINE_EVENT(wiphy_work_event, wiphy_work_run,
      | ^~~~~~~~~~~~
Drivers/Linux/net/wireless/trace.h:276:1: error: expected declaration specifiers before 'DEFINE_EVENT'
  276 | DEFINE_EVENT(wiphy_work_event, wiphy_work_cancel,
      | ^~~~~~~~~~~~
Drivers/Linux/net/wireless/trace.h:281:1: error: expected declaration specifiers before 'DEFINE_EVENT'
  281 | DEFINE_EVENT(wiphy_work_event, wiphy_work_flush,
      | ^~~~~~~~~~~~
Drivers/Linux/net/wireless/trace.h:286:1: error: expected declaration specifiers before 'TRACE_EVENT'
  286 | TRACE_EVENT(wiphy_delayed_work_queue,
      | ^~~~~~~~~~~
Drivers/Linux/net/wireless/trace.h:298:3: error: expected declaration specifiers before '__entry'
  298 |   __entry->instance = work;
      |   ^~~~~~~
Drivers/Linux/net/wireless/trace.h:299:3: error: expected declaration specifiers before '__entry'
  299 |   __entry->func = work->func;
      |   ^~~~~~~
Drivers/Linux/net/wireless/trace.h:300:3: error: expected declaration specifiers before '__entry'
  300 |   __entry->delay = delay;
      |   ^~~~~~~
Drivers/Linux/net/wireless/trace.h:301:2: error: expected declaration specifiers before ')' token
  301 |  ),
      |  ^
Drivers/Linux/net/wireless/trace.h:307:1: error: expected declaration specifiers before 'TRACE_EVENT'
  307 | TRACE_EVENT(wiphy_hrtimer_work_queue,
      | ^~~~~~~~~~~
Drivers/Linux/net/wireless/trace.h:319:3: error: expected declaration specifiers before '__entry'
  319 |   __entry->instance = work;
      |   ^~~~~~~
Drivers/Linux/net/wireless/trace.h:320:3: error: expected declaration specifiers before '__entry'
  320 |   __entry->func = work->func;
      |   ^~~~~~~
Drivers/Linux/net/wireless/trace.h:321:3: error: expected declaration specifiers before '__entry'
  321 |   __entry->delay = delay;
      |   ^~~~~~~
Drivers/Linux/net/wireless/trace.h:322:2: error: expected declaration specifiers before ')' token
  322 |  ),
      |  ^
Drivers/Linux/net/wireless/trace.h:328:1: error: expected declaration specifiers before 'TRACE_EVENT'
  328 | TRACE_EVENT(wiphy_work_worker_start,
      | ^~~~~~~~~~~
Drivers/Linux/net/wireless/trace.h:336:2: error: expected declaration specifiers before ')' token
  336 |  ),
      |  ^
Drivers/Linux/net/wireless/trace.h:344:1: error: expected declaration specifiers before 'TRACE_EVENT'
  344 | TRACE_EVENT(rdev_suspend,
      | ^~~~~~~~~~~
Drivers/Linux/net/wireless/trace.h:360:3: error: expected declaration specifiers before 'if'
  360 |   if (wow) {
      |   ^~
Drivers/Linux/net/wireless/trace.h:369:5: error: expected declaration specifiers before 'else'
  369 |   } else {
      |     ^~~~
Drivers/Linux/net/wireless/trace.h:372:2: error: expected declaration specifiers before ')' token
  372 |  ),
      |  ^
Drivers/Linux/net/wireless/trace.h:382:1: error: expected declaration specifiers before 'TRACE_EVENT'
  382 | TRACE_EVENT(rdev_return_int,
      | ^~~~~~~~~~~
Drivers/Linux/net/wireless/trace.h:391:3: error: expected declaration specifiers before '__entry'
  391 |   __entry->ret = ret;
      |   ^~~~~~~
Drivers/Linux/net/wireless/trace.h:392:2: error: expected declaration specifiers before ')' token
  392 |  ),
      |  ^
Drivers/Linux/net/wireless/trace.h:396:1: error: expected declaration specifiers before 'TRACE_EVENT'
  396 | TRACE_EVENT(rdev_scan,
      | ^~~~~~~~~~~
Drivers/Linux/net/wireless/trace.h:405:2: error: expected declaration specifiers before ')' token
  405 |  ),
      |  ^
Drivers/Linux/net/wireless/trace.h:409:1: error: expected declaration specifiers before 'DECLARE_EVENT_CLASS'
  409 | DECLARE_EVENT_CLASS(wiphy_only_evt,
      | ^~~~~~~~~~~~~~~~~~~
Drivers/Linux/net/wireless/trace.h:417:2: error: expected declaration specifiers before ')' token
  417 |  ),
      |  ^
Drivers/Linux/net/wireless/trace.h:421:1: error: expected declaration specifiers before 'DEFINE_EVENT'
  421 | DEFINE_EVENT(wiphy_only_evt, rdev_resume,
      | ^~~~~~~~~~~~
Drivers/Linux/net/wireless/trace.h:426:1: error: expected declaration specifiers before 'DEFINE_EVENT'
  426 | DEFINE_EVENT(wiphy_only_evt, rdev_return_void,
      | ^~~~~~~~~~~~
Drivers/Linux/net/wireless/trace.h:431:1: error: expected declaration specifiers before 'TRACE_EVENT'
  431 | TRACE_EVENT(rdev_get_antenna,
      | ^~~~~~~~~~~
Drivers/Linux/net/wireless/trace.h:440:3: error: expected declaration specifiers before '__entry'
  440 |   __entry->radio_idx = radio_idx;
      |   ^~~~~~~
Drivers/Linux/net/wireless/trace.h:441:2: error: expected declaration specifiers before ')' token
  441 |  ),
      |  ^
Drivers/Linux/net/wireless/trace.h:446:1: error: expected declaration specifiers before 'DEFINE_EVENT'
  446 | DEFINE_EVENT(wiphy_only_evt, rdev_rfkill_poll,
      | ^~~~~~~~~~~~
Drivers/Linux/net/wireless/trace.h:451:1: error: expected declaration specifiers before 'DECLARE_EVENT_CLASS'
  451 | DECLARE_EVENT_CLASS(wiphy_enabled_evt,
      | ^~~~~~~~~~~~~~~~~~~
Drivers/Linux/net/wireless/trace.h:460:3: error: expected declaration specifiers before '__entry'
  460 |   __entry->enabled = enabled;
      |   ^~~~~~~
Drivers/Linux/net/wireless/trace.h:461:2: error: expected declaration specifiers before ')' token
  461 |  ),
      |  ^
Drivers/Linux/net/wireless/trace.h:466:1: error: expected declaration specifiers before 'DEFINE_EVENT'
  466 | DEFINE_EVENT(wiphy_enabled_evt, rdev_set_wakeup,
      | ^~~~~~~~~~~~
Drivers/Linux/net/wireless/trace.h:471:1: error: expected declaration specifiers before 'TRACE_EVENT'
  471 | TRACE_EVENT(rdev_add_virtual_intf,
      | ^~~~~~~~~~~
Drivers/Linux/net/wireless/trace.h:481:3: error: expected declaration specifiers before '__assign_str'
  481 |   __assign_str(vir_intf_name);
      |   ^~~~~~~~~~~~
Drivers/Linux/net/wireless/trace.h:482:3: error: expected declaration specifiers before '__entry'
  482 |   __entry->type = type;
      |   ^~~~~~~
Drivers/Linux/net/wireless/trace.h:483:2: error: expected declaration specifiers before ')' token
  483 |  ),
      |  ^
Drivers/Linux/net/wireless/trace.h:488:1: error: expected declaration specifiers before 'DECLARE_EVENT_CLASS'
  488 | DECLARE_EVENT_CLASS(wiphy_wdev_evt,
      | ^~~~~~~~~~~~~~~~~~~
Drivers/Linux/net/wireless/trace.h:35:21: error: expected declaration specifiers before '(' token
   35 | #define WDEV_ASSIGN (__entry->id) = (!IS_ERR_OR_NULL(wdev) \
      |                     ^
Drivers/Linux/net/wireless/trace.h:497:3: note: in expansion of macro 'WDEV_ASSIGN'
  497 |   WDEV_ASSIGN;
      |   ^~~~~~~~~~~
Drivers/Linux/net/wireless/trace.h:498:2: error: expected declaration specifiers before ')' token
  498 |  ),
      |  ^
Drivers/Linux/net/wireless/trace.h:502:1: error: expected declaration specifiers before 'DECLARE_EVENT_CLASS'
  502 | DECLARE_EVENT_CLASS(wiphy_wdev_cookie_evt,
      | ^~~~~~~~~~~~~~~~~~~
Drivers/Linux/net/wireless/trace.h:35:21: error: expected declaration specifiers before '(' token
   35 | #define WDEV_ASSIGN (__entry->id) = (!IS_ERR_OR_NULL(wdev) \
      |                     ^
Drivers/Linux/net/wireless/trace.h:512:3: note: in expansion of macro 'WDEV_ASSIGN'
  512 |   WDEV_ASSIGN;
      |   ^~~~~~~~~~~
Drivers/Linux/net/wireless/trace.h:513:3: error: expected declaration specifiers before '__entry'
  513 |   __entry->cookie = cookie;
      |   ^~~~~~~
Drivers/Linux/net/wireless/trace.h:514:2: error: expected declaration specifiers before ')' token
  514 |  ),
      |  ^
Drivers/Linux/net/wireless/trace.h:520:1: error: expected declaration specifiers before 'DEFINE_EVENT'
  520 | DEFINE_EVENT(wiphy_wdev_evt, rdev_return_wdev,
      | ^~~~~~~~~~~~
Drivers/Linux/net/wireless/trace.h:525:1: error: expected declaration specifiers before 'DEFINE_EVENT'
  525 | DEFINE_EVENT(wiphy_wdev_evt, rdev_del_virtual_intf,
      | ^~~~~~~~~~~~
Drivers/Linux/net/wireless/trace.h:530:1: error: expected declaration specifiers before 'TRACE_EVENT'
  530 | TRACE_EVENT(rdev_change_virtual_intf,
      | ^~~~~~~~~~~
Drivers/Linux/net/wireless/trace.h:43:2: error: expected declaration specifiers before 'do'
   43 |  do {             \
      |  ^~
Drivers/Linux/net/wireless/trace.h:541:3: note: in expansion of macro 'NETDEV_ASSIGN'
  541 |   NETDEV_ASSIGN;
      |   ^~~~~~~~~~~~~
Drivers/Linux/net/wireless/trace.h:46:4: error: expected declaration specifiers before 'while'
   46 |  } while (0)
      |    ^~~~~
Drivers/Linux/net/wireless/trace.h:541:3: note: in expansion of macro 'NETDEV_ASSIGN'
  541 |   NETDEV_ASSIGN;
      |   ^~~~~~~~~~~~~
Drivers/Linux/net/wireless/trace.h:542:3: error: expected declaration specifiers before '__entry'
  542 |   __entry->type = type;
      |   ^~~~~~~
Drivers/Linux/net/wireless/trace.h:543:2: error: expected declaration specifiers before ')' token
  543 |  ),
      |  ^
Drivers/Linux/net/wireless/trace.h:548:1: error: expected declaration specifiers before 'DECLARE_EVENT_CLASS'
  548 | DECLARE_EVENT_CLASS(key_handle,
      | ^~~~~~~~~~~~~~~~~~~
Drivers/Linux/net/wireless/trace.h:43:2: error: expected declaration specifiers before 'do'
   43 |  do {             \
      |  ^~
Drivers/Linux/net/wireless/trace.h:562:3: note: in expansion of macro 'NETDEV_ASSIGN'
  562 |   NETDEV_ASSIGN;
      |   ^~~~~~~~~~~~~
Drivers/Linux/net/wireless/trace.h:46:4: error: expected declaration specifiers before 'while'
   46 |  } while (0)
      |    ^~~~~
Drivers/Linux/net/wireless/trace.h:562:3: note: in expansion of macro 'NETDEV_ASSIGN'
  562 |   NETDEV_ASSIGN;
      |   ^~~~~~~~~~~~~
Drivers/Linux/net/wireless/trace.h:21:42: error: expected declaration specifiers before 'do'
   21 | #define MAC_ASSIGN(entry_mac, given_mac) do {        \
      |                                          ^~
Drivers/Linux/net/wireless/trace.h:563:3: note: in expansion of macro 'MAC_ASSIGN'
  563 |   MAC_ASSIGN(mac_addr, mac_addr);
      |   ^~~~~~~~~~
Drivers/Linux/net/wireless/trace.h:26:4: error: expected declaration specifiers before 'while'
   26 |  } while (0)
      |    ^~~~~
Drivers/Linux/net/wireless/trace.h:563:3: note: in expansion of macro 'MAC_ASSIGN'
  563 |   MAC_ASSIGN(mac_addr, mac_addr);
      |   ^~~~~~~~~~
Drivers/Linux/net/wireless/trace.h:564:3: error: expected declaration specifiers before '__entry'
  564 |   __entry->link_id = link_id;
      |   ^~~~~~~
Drivers/Linux/net/wireless/trace.h:565:3: error: expected declaration specifiers before '__entry'
  565 |   __entry->key_index = key_index;
      |   ^~~~~~~
Drivers/Linux/net/wireless/trace.h:566:3: error: expected declaration specifiers before '__entry'
  566 |   __entry->pairwise = pairwise;
      |   ^~~~~~~
Drivers/Linux/net/wireless/trace.h:567:2: error: expected declaration specifiers before ')' token
  567 |  ),
      |  ^
Drivers/Linux/net/wireless/trace.h:575:1: error: expected declaration specifiers before 'DEFINE_EVENT'
  575 | DEFINE_EVENT(key_handle, rdev_get_key,
      | ^~~~~~~~~~~~
Drivers/Linux/net/wireless/trace.h:581:1: error: expected declaration specifiers before 'DEFINE_EVENT'
  581 | DEFINE_EVENT(key_handle, rdev_del_key,
      | ^~~~~~~~~~~~
Drivers/Linux/net/wireless/trace.h:587:1: error: expected declaration specifiers before 'TRACE_EVENT'
  587 | TRACE_EVENT(rdev_add_key,
      | ^~~~~~~~~~~
Drivers/Linux/net/wireless/trace.h:43:2: error: expected declaration specifiers before 'do'
   43 |  do {             \
      |  ^~
Drivers/Linux/net/wireless/trace.h:602:3: note: in expansion of macro 'NETDEV_ASSIGN'
  602 |   NETDEV_ASSIGN;
      |   ^~~~~~~~~~~~~
Drivers/Linux/net/wireless/trace.h:46:4: error: expected declaration specifiers before 'while'
   46 |  } while (0)
      |    ^~~~~
Drivers/Linux/net/wireless/trace.h:602:3: note: in expansion of macro 'NETDEV_ASSIGN'
  602 |   NETDEV_ASSIGN;
      |   ^~~~~~~~~~~~~
Drivers/Linux/net/wireless/trace.h:21:42: error: expected declaration specifiers before 'do'
   21 | #define MAC_ASSIGN(entry_mac, given_mac) do {        \
      |                                          ^~
Drivers/Linux/net/wireless/trace.h:603:3: note: in expansion of macro 'MAC_ASSIGN'
  603 |   MAC_ASSIGN(mac_addr, mac_addr);
      |   ^~~~~~~~~~
Drivers/Linux/net/wireless/trace.h:26:4: error: expected declaration specifiers before 'while'
   26 |  } while (0)
      |    ^~~~~
Drivers/Linux/net/wireless/trace.h:603:3: note: in expansion of macro 'MAC_ASSIGN'
  603 |   MAC_ASSIGN(mac_addr, mac_addr);
      |   ^~~~~~~~~~
Drivers/Linux/net/wireless/trace.h:604:3: error: expected declaration specifiers before '__entry'
  604 |   __entry->link_id = link_id;
      |   ^~~~~~~
Drivers/Linux/net/wireless/trace.h:605:3: error: expected declaration specifiers before '__entry'
  605 |   __entry->key_index = key_index;
      |   ^~~~~~~
Drivers/Linux/net/wireless/trace.h:606:3: error: expected declaration specifiers before '__entry'
  606 |   __entry->pairwise = pairwise;
      |   ^~~~~~~
Drivers/Linux/net/wireless/trace.h:607:3: error: expected declaration specifiers before '__entry'
  607 |   __entry->mode = mode;
      |   ^~~~~~~
Drivers/Linux/net/wireless/trace.h:608:2: error: expected declaration specifiers before ')' token
  608 |  ),
      |  ^
Drivers/Linux/net/wireless/trace.h:617:1: error: expected declaration specifiers before 'TRACE_EVENT'
  617 | TRACE_EVENT(rdev_set_default_key,
      | ^~~~~~~~~~~
Drivers/Linux/net/wireless/trace.h:43:2: error: expected declaration specifiers before 'do'
   43 |  do {             \
      |  ^~
Drivers/Linux/net/wireless/trace.h:631:3: note: in expansion of macro 'NETDEV_ASSIGN'
  631 |   NETDEV_ASSIGN;
      |   ^~~~~~~~~~~~~
Drivers/Linux/net/wireless/trace.h:46:4: error: expected declaration specifiers before 'while'
   46 |  } while (0)
      |    ^~~~~
Drivers/Linux/net/wireless/trace.h:631:3: note: in expansion of macro 'NETDEV_ASSIGN'
  631 |   NETDEV_ASSIGN;
      |   ^~~~~~~~~~~~~
Drivers/Linux/net/wireless/trace.h:632:3: error: expected declaration specifiers before '__entry'
  632 |   __entry->link_id = link_id;
      |   ^~~~~~~
Drivers/Linux/net/wireless/trace.h:633:3: error: expected declaration specifiers before '__entry'
  633 |   __entry->key_index = key_index;
      |   ^~~~~~~
Drivers/Linux/net/wireless/trace.h:634:3: error: expected declaration specifiers before '__entry'
  634 |   __entry->unicast = unicast;
      |   ^~~~~~~
Drivers/Linux/net/wireless/trace.h:635:3: error: expected declaration specifiers before '__entry'
  635 |   __entry->multicast = multicast;
      |   ^~~~~~~
Drivers/Linux/net/wireless/trace.h:636:2: error: expected declaration specifiers before ')' token
  636 |  ),
      |  ^
Drivers/Linux/net/wireless/trace.h:644:1: error: expected declaration specifiers before 'TRACE_EVENT'
  644 | TRACE_EVENT(rdev_set_default_mgmt_key,
      | ^~~~~~~~~~~
Drivers/Linux/net/wireless/trace.h:43:2: error: expected declaration specifiers before 'do'
   43 |  do {             \
      |  ^~
Drivers/Linux/net/wireless/trace.h:656:3: note: in expansion of macro 'NETDEV_ASSIGN'
  656 |   NETDEV_ASSIGN;
      |   ^~~~~~~~~~~~~
Drivers/Linux/net/wireless/trace.h:46:4: error: expected declaration specifiers before 'while'
   46 |  } while (0)
      |    ^~~~~
Drivers/Linux/net/wireless/trace.h:656:3: note: in expansion of macro 'NETDEV_ASSIGN'
  656 |   NETDEV_ASSIGN;
      |   ^~~~~~~~~~~~~
Drivers/Linux/net/wireless/trace.h:657:3: error: expected declaration specifiers before '__entry'
  657 |   __entry->link_id = link_id;
      |   ^~~~~~~
Drivers/Linux/net/wireless/trace.h:658:3: error: expected declaration specifiers before '__entry'
  658 |   __entry->key_index = key_index;
      |   ^~~~~~~
Drivers/Linux/net/wireless/trace.h:659:2: error: expected declaration specifiers before ')' token
  659 |  ),
      |  ^
Drivers/Linux/net/wireless/trace.h:665:1: error: expected declaration specifiers before 'TRACE_EVENT'
  665 | TRACE_EVENT(rdev_set_default_beacon_key,
      | ^~~~~~~~~~~
Drivers/Linux/net/wireless/trace.h:43:2: error: expected declaration specifiers before 'do'
   43 |  do {             \
      |  ^~
Drivers/Linux/net/wireless/trace.h:677:3: note: in expansion of macro 'NETDEV_ASSIGN'
  677 |   NETDEV_ASSIGN;
      |   ^~~~~~~~~~~~~
Drivers/Linux/net/wireless/trace.h:46:4: error: expected declaration specifiers before 'while'
   46 |  } while (0)
      |    ^~~~~
Drivers/Linux/net/wireless/trace.h:677:3: note: in expansion of macro 'NETDEV_ASSIGN'
  677 |   NETDEV_ASSIGN;
      |   ^~~~~~~~~~~~~
Drivers/Linux/net/wireless/trace.h:678:3: error: expected declaration specifiers before '__entry'
  678 |   __entry->link_id = link_id;
      |   ^~~~~~~
Drivers/Linux/net/wireless/trace.h:679:3: error: expected declaration specifiers before '__entry'
  679 |   __entry->key_index = key_index;
      |   ^~~~~~~
Drivers/Linux/net/wireless/trace.h:680:2: error: expected declaration specifiers before ')' token
  680 |  ),
      |  ^
Drivers/Linux/net/wireless/trace.h:686:1: error: expected declaration specifiers before 'TRACE_EVENT'
  686 | TRACE_EVENT(rdev_start_ap,
      | ^~~~~~~~~~~
Drivers/Linux/net/wireless/trace.h:43:2: error: expected declaration specifiers before 'do'
   43 |  do {             \
      |  ^~
Drivers/Linux/net/wireless/trace.h:706:3: note: in expansion of macro 'NETDEV_ASSIGN'
  706 |   NETDEV_ASSIGN;
      |   ^~~~~~~~~~~~~
Drivers/Linux/net/wireless/trace.h:46:4: error: expected declaration specifiers before 'while'
   46 |  } while (0)
      |    ^~~~~
Drivers/Linux/net/wireless/trace.h:706:3: note: in expansion of macro 'NETDEV_ASSIGN'
  706 |   NETDEV_ASSIGN;
      |   ^~~~~~~~~~~~~
Drivers/Linux/net/wireless/trace.h:146:2: error: expected declaration specifiers before 'do'
  146 |  do {        \
      |  ^~
Drivers/Linux/net/wireless/trace.h:707:3: note: in expansion of macro 'CHAN_DEF_ASSIGN'
  707 |   CHAN_DEF_ASSIGN(&settings->chandef);
      |   ^~~~~~~~~~~~~~~
Drivers/Linux/net/wireless/trace.h:168:4: error: expected declaration specifiers before 'while'
  168 |  } while (0)
      |    ^~~~~
Drivers/Linux/net/wireless/trace.h:707:3: note: in expansion of macro 'CHAN_DEF_ASSIGN'
  707 |   CHAN_DEF_ASSIGN(&settings->chandef);
      |   ^~~~~~~~~~~~~~~
Drivers/Linux/net/wireless/trace.h:708:3: error: expected declaration specifiers before '__entry'
  708 |   __entry->beacon_interval = settings->beacon_interval;
      |   ^~~~~~~
Drivers/Linux/net/wireless/trace.h:709:3: error: expected declaration specifiers before '__entry'
  709 |   __entry->dtim_period = settings->dtim_period;
      |   ^~~~~~~
Drivers/Linux/net/wireless/trace.h:710:3: error: expected declaration specifiers before '__entry'
  710 |   __entry->hidden_ssid = settings->hidden_ssid;
      |   ^~~~~~~
Drivers/Linux/net/wireless/trace.h:711:3: error: expected declaration specifiers before '__entry'
  711 |   __entry->wpa_ver = settings->crypto.wpa_versions;
      |   ^~~~~~~
Drivers/Linux/net/wireless/trace.h:712:3: error: expected declaration specifiers before '__entry'
  712 |   __entry->privacy = settings->privacy;
      |   ^~~~~~~
Drivers/Linux/net/wireless/trace.h:713:3: error: expected declaration specifiers before '__entry'
  713 |   __entry->auth_type = settings->auth_type;
      |   ^~~~~~~
Drivers/Linux/net/wireless/trace.h:714:3: error: expected declaration specifiers before '__entry'
  714 |   __entry->inactivity_timeout = settings->inactivity_timeout;
      |   ^~~~~~~
Drivers/Linux/net/wireless/trace.h:715:3: error: expected declaration specifiers before 'memset'
  715 |   memset(__entry->ssid, 0, IEEE80211_MAX_SSID_LEN + 1);
      |   ^~~~~~
Drivers/Linux/net/wireless/trace.h:716:3: error: expected declaration specifiers before 'memcpy'
  716 |   memcpy(__entry->ssid, settings->ssid, settings->ssid_len);
      |   ^~~~~~
Drivers/Linux/net/wireless/trace.h:717:3: error: expected declaration specifiers before '__entry'
  717 |   __entry->link_id = settings->beacon.link_id;
      |   ^~~~~~~
Drivers/Linux/net/wireless/trace.h:718:2: error: expected declaration specifiers before ')' token
  718 |  ),
      |  ^
Drivers/Linux/net/wireless/trace.h:730:1: error: expected declaration specifiers before 'TRACE_EVENT'
  730 | TRACE_EVENT(rdev_change_beacon,
      | ^~~~~~~~~~~
Drivers/Linux/net/wireless/trace.h:43:2: error: expected declaration specifiers before 'do'
   43 |  do {             \
      |  ^~
Drivers/Linux/net/wireless/trace.h:747:3: note: in expansion of macro 'NETDEV_ASSIGN'
  747 |   NETDEV_ASSIGN;
      |   ^~~~~~~~~~~~~
Drivers/Linux/net/wireless/trace.h:46:4: error: expected declaration specifiers before 'while'
   46 |  } while (0)
      |    ^~~~~
Drivers/Linux/net/wireless/trace.h:747:3: note: in expansion of macro 'NETDEV_ASSIGN'
  747 |   NETDEV_ASSIGN;
      |   ^~~~~~~~~~~~~
Drivers/Linux/net/wireless/trace.h:748:3: error: expected declaration specifiers before '__entry'
  748 |   __entry->link_id = info->beacon.link_id;
      |   ^~~~~~~
Drivers/Linux/net/wireless/trace.h:749:3: error: expected declaration specifiers before 'if'
  749 |   if (info->beacon.head)
      |   ^~
Drivers/Linux/net/wireless/trace.h:753:3: error: expected declaration specifiers before 'if'
  753 |   if (info->beacon.tail)
      |   ^~
Drivers/Linux/net/wireless/trace.h:757:3: error: expected declaration specifiers before 'if'
  757 |   if (info->beacon.beacon_ies)
      |   ^~
Drivers/Linux/net/wireless/trace.h:761:3: error: expected declaration specifiers before 'if'
  761 |   if (info->beacon.proberesp_ies)
      |   ^~
Drivers/Linux/net/wireless/trace.h:765:3: error: expected declaration specifiers before 'if'
  765 |   if (info->beacon.assocresp_ies)
      |   ^~
Drivers/Linux/net/wireless/trace.h:769:3: error: expected declaration specifiers before 'if'
  769 |   if (info->beacon.probe_resp)
      |   ^~
Drivers/Linux/net/wireless/trace.h:773:2: error: expected declaration specifiers before ')' token
  773 |  ),
      |  ^
Drivers/Linux/net/wireless/trace.h:778:1: error: expected declaration specifiers before 'TRACE_EVENT'
  778 | TRACE_EVENT(rdev_stop_ap,
      | ^~~~~~~~~~~
Drivers/Linux/net/wireless/trace.h:43:2: error: expected declaration specifiers before 'do'
   43 |  do {             \
      |  ^~
Drivers/Linux/net/wireless/trace.h:789:3: note: in expansion of macro 'NETDEV_ASSIGN'
  789 |   NETDEV_ASSIGN;
      |   ^~~~~~~~~~~~~
Drivers/Linux/net/wireless/trace.h:46:4: error: expected declaration specifiers before 'while'
   46 |  } while (0)
      |    ^~~~~
Drivers/Linux/net/wireless/trace.h:789:3: note: in expansion of macro 'NETDEV_ASSIGN'
  789 |   NETDEV_ASSIGN;
      |   ^~~~~~~~~~~~~
Drivers/Linux/net/wireless/trace.h:790:3: error: expected declaration specifiers before '__entry'
  790 |   __entry->link_id = link_id;
      |   ^~~~~~~
Drivers/Linux/net/wireless/trace.h:791:2: error: expected declaration specifiers before ')' token
  791 |  ),
      |  ^
Drivers/Linux/net/wireless/trace.h:796:1: error: expected declaration specifiers before 'DECLARE_EVENT_CLASS'
  796 | DECLARE_EVENT_CLASS(wiphy_netdev_evt,
      | ^~~~~~~~~~~~~~~~~~~
Drivers/Linux/net/wireless/trace.h:43:2: error: expected declaration specifiers before 'do'
   43 |  do {             \
      |  ^~
Drivers/Linux/net/wireless/trace.h:805:3: note: in expansion of macro 'NETDEV_ASSIGN'
  805 |   NETDEV_ASSIGN;
      |   ^~~~~~~~~~~~~
Drivers/Linux/net/wireless/trace.h:46:4: error: expected declaration specifiers before 'while'
   46 |  } while (0)
      |    ^~~~~
Drivers/Linux/net/wireless/trace.h:805:3: note: in expansion of macro 'NETDEV_ASSIGN'
  805 |   NETDEV_ASSIGN;
      |   ^~~~~~~~~~~~~
Drivers/Linux/net/wireless/trace.h:806:2: error: expected declaration specifiers before ')' token
  806 |  ),
      |  ^
Drivers/Linux/net/wireless/trace.h:810:1: error: expected declaration specifiers before 'DEFINE_EVENT'
  810 | DEFINE_EVENT(wiphy_netdev_evt, rdev_set_rekey_data,
      | ^~~~~~~~~~~~
Drivers/Linux/net/wireless/trace.h:815:1: error: expected declaration specifiers before 'DEFINE_EVENT'
  815 | DEFINE_EVENT(wiphy_netdev_evt, rdev_get_mesh_config,
      | ^~~~~~~~~~~~
Drivers/Linux/net/wireless/trace.h:820:1: error: expected declaration specifiers before 'DEFINE_EVENT'
  820 | DEFINE_EVENT(wiphy_netdev_evt, rdev_leave_mesh,
      | ^~~~~~~~~~~~
Drivers/Linux/net/wireless/trace.h:825:1: error: expected declaration specifiers before 'DEFINE_EVENT'
  825 | DEFINE_EVENT(wiphy_netdev_evt, rdev_leave_ibss,
      | ^~~~~~~~~~~~
Drivers/Linux/net/wireless/trace.h:830:1: error: expected declaration specifiers before 'DEFINE_EVENT'
  830 | DEFINE_EVENT(wiphy_netdev_evt, rdev_leave_ocb,
      | ^~~~~~~~~~~~
Drivers/Linux/net/wireless/trace.h:835:1: error: expected declaration specifiers before 'DEFINE_EVENT'
  835 | DEFINE_EVENT(wiphy_netdev_evt, rdev_flush_pmksa,
      | ^~~~~~~~~~~~
Drivers/Linux/net/wireless/trace.h:840:1: error: expected declaration specifiers before 'TRACE_EVENT'
  840 | TRACE_EVENT(rdev_end_cac,
      | ^~~~~~~~~~~
Drivers/Linux/net/wireless/trace.h:43:2: error: expected declaration specifiers before 'do'
   43 |  do {             \
      |  ^~
Drivers/Linux/net/wireless/trace.h:851:3: note: in expansion of macro 'NETDEV_ASSIGN'
  851 |   NETDEV_ASSIGN;
      |   ^~~~~~~~~~~~~
Drivers/Linux/net/wireless/trace.h:46:4: error: expected declaration specifiers before 'while'
   46 |  } while (0)
      |    ^~~~~
Drivers/Linux/net/wireless/trace.h:851:3: note: in expansion of macro 'NETDEV_ASSIGN'
  851 |   NETDEV_ASSIGN;
      |   ^~~~~~~~~~~~~
Drivers/Linux/net/wireless/trace.h:852:3: error: expected declaration specifiers before '__entry'
  852 |   __entry->link_id = link_id;
      |   ^~~~~~~
Drivers/Linux/net/wireless/trace.h:853:2: error: expected declaration specifiers before ')' token
  853 |  ),
      |  ^
Drivers/Linux/net/wireless/trace.h:858:1: error: expected declaration specifiers before 'DECLARE_EVENT_CLASS'
  858 | DECLARE_EVENT_CLASS(station_add_change,
      | ^~~~~~~~~~~~~~~~~~~
Drivers/Linux/net/wireless/trace.h:43:2: error: expected declaration specifiers before 'do'
   43 |  do {             \
      |  ^~
Drivers/Linux/net/wireless/trace.h:891:3: note: in expansion of macro 'NETDEV_ASSIGN'
  891 |   NETDEV_ASSIGN;
      |   ^~~~~~~~~~~~~
Drivers/Linux/net/wireless/trace.h:46:4: error: expected declaration specifiers before 'while'
   46 |  } while (0)
      |    ^~~~~
Drivers/Linux/net/wireless/trace.h:891:3: note: in expansion of macro 'NETDEV_ASSIGN'
  891 |   NETDEV_ASSIGN;
      |   ^~~~~~~~~~~~~
Drivers/Linux/net/wireless/trace.h:21:42: error: expected declaration specifiers before 'do'
   21 | #define MAC_ASSIGN(entry_mac, given_mac) do {        \
      |                                          ^~
Drivers/Linux/net/wireless/trace.h:892:3: note: in expansion of macro 'MAC_ASSIGN'
  892 |   MAC_ASSIGN(sta_mac, mac);
      |   ^~~~~~~~~~
Drivers/Linux/net/wireless/trace.h:26:4: error: expected declaration specifiers before 'while'
   26 |  } while (0)
      |    ^~~~~
Drivers/Linux/net/wireless/trace.h:892:3: note: in expansion of macro 'MAC_ASSIGN'
  892 |   MAC_ASSIGN(sta_mac, mac);
      |   ^~~~~~~~~~
Drivers/Linux/net/wireless/trace.h:893:3: error: expected declaration specifiers before '__entry'
  893 |   __entry->sta_flags_mask = params->sta_flags_mask;
      |   ^~~~~~~
Drivers/Linux/net/wireless/trace.h:894:3: error: expected declaration specifiers before '__entry'
  894 |   __entry->sta_flags_set = params->sta_flags_set;
      |   ^~~~~~~
Drivers/Linux/net/wireless/trace.h:895:3: error: expected declaration specifiers before '__entry'
  895 |   __entry->sta_modify_mask = params->sta_modify_mask;
      |   ^~~~~~~
Drivers/Linux/net/wireless/trace.h:896:3: error: expected declaration specifiers before '__entry'
  896 |   __entry->listen_interval = params->listen_interval;
      |   ^~~~~~~
Drivers/Linux/net/wireless/trace.h:897:3: error: expected declaration specifiers before '__entry'
  897 |   __entry->aid = params->aid;
      |   ^~~~~~~
Drivers/Linux/net/wireless/trace.h:898:3: error: expected declaration specifiers before '__entry'
  898 |   __entry->plink_action = params->plink_action;
      |   ^~~~~~~
Drivers/Linux/net/wireless/trace.h:899:3: error: expected declaration specifiers before '__entry'
  899 |   __entry->plink_state = params->plink_state;
      |   ^~~~~~~
Drivers/Linux/net/wireless/trace.h:900:3: error: expected declaration specifiers before '__entry'
  900 |   __entry->uapsd_queues = params->uapsd_queues;
      |   ^~~~~~~
Drivers/Linux/net/wireless/trace.h:901:3: error: expected declaration specifiers before 'memset'
  901 |   memset(__entry->ht_capa, 0, sizeof(struct ieee80211_ht_cap));
      |   ^~~~~~
Drivers/Linux/net/wireless/trace.h:902:3: error: expected declaration specifiers before 'if'
  902 |   if (params->link_sta_params.ht_capa)
      |   ^~
Drivers/Linux/net/wireless/trace.h:906:3: error: expected declaration specifiers before 'memset'
  906 |   memset(__entry->vht_capa, 0, sizeof(struct ieee80211_vht_cap));
      |   ^~~~~~
Drivers/Linux/net/wireless/trace.h:907:3: error: expected declaration specifiers before 'if'
  907 |   if (params->link_sta_params.vht_capa)
      |   ^~
Drivers/Linux/net/wireless/trace.h:911:3: error: expected declaration specifiers before 'memset'
  911 |   memset(__entry->vlan, 0, sizeof(__entry->vlan));
      |   ^~~~~~
Drivers/Linux/net/wireless/trace.h:912:3: error: expected declaration specifiers before 'if'
  912 |   if (params->vlan)
      |   ^~
Drivers/Linux/net/wireless/trace.h:914:3: error: expected declaration specifiers before 'if'
  914 |   if (params->link_sta_params.supported_rates &&
      |   ^~
Drivers/Linux/net/wireless/trace.h:919:3: error: expected declaration specifiers before 'if'
  919 |   if (params->ext_capab && params->ext_capab_len)
      |   ^~
Drivers/Linux/net/wireless/trace.h:923:3: error: expected declaration specifiers before 'if'
  923 |   if (params->supported_channels &&
      |   ^~
Drivers/Linux/net/wireless/trace.h:928:3: error: expected declaration specifiers before 'if'
  928 |   if (params->supported_oper_classes &&
      |   ^~
Drivers/Linux/net/wireless/trace.h:933:3: error: expected declaration specifiers before '__entry'
  933 |   __entry->max_sp = params->max_sp;
      |   ^~~~~~~
Drivers/Linux/net/wireless/trace.h:934:3: error: expected declaration specifiers before '__entry'
  934 |   __entry->capability = params->capability;
      |   ^~~~~~~
Drivers/Linux/net/wireless/trace.h:935:3: error: expected declaration specifiers before '__entry'
  935 |   __entry->opmode_notif = params->link_sta_params.opmode_notif;
      |   ^~~~~~~
Drivers/Linux/net/wireless/trace.h:936:3: error: expected declaration specifiers before '__entry'
  936 |   __entry->opmode_notif_used =
      |   ^~~~~~~
Drivers/Linux/net/wireless/trace.h:938:2: error: expected declaration specifiers before ')' token
  938 |  ),
      |  ^
Drivers/Linux/net/wireless/trace.h:950:1: error: expected declaration specifiers before 'DEFINE_EVENT'
  950 | DEFINE_EVENT(station_add_change, rdev_add_station,
      | ^~~~~~~~~~~~
Drivers/Linux/net/wireless/trace.h:956:1: error: expected declaration specifiers before 'DEFINE_EVENT'
  956 | DEFINE_EVENT(station_add_change, rdev_change_station,
      | ^~~~~~~~~~~~
Drivers/Linux/net/wireless/trace.h:962:1: error: expected declaration specifiers before 'DECLARE_EVENT_CLASS'
  962 | DECLARE_EVENT_CLASS(wiphy_netdev_mac_evt,
      | ^~~~~~~~~~~~~~~~~~~
Drivers/Linux/net/wireless/trace.h:43:2: error: expected declaration specifiers before 'do'
   43 |  do {             \
      |  ^~
Drivers/Linux/net/wireless/trace.h:972:3: note: in expansion of macro 'NETDEV_ASSIGN'
  972 |   NETDEV_ASSIGN;
      |   ^~~~~~~~~~~~~
Drivers/Linux/net/wireless/trace.h:46:4: error: expected declaration specifiers before 'while'
   46 |  } while (0)
      |    ^~~~~
Drivers/Linux/net/wireless/trace.h:972:3: note: in expansion of macro 'NETDEV_ASSIGN'
  972 |   NETDEV_ASSIGN;
      |   ^~~~~~~~~~~~~
Drivers/Linux/net/wireless/trace.h:21:42: error: expected declaration specifiers before 'do'
   21 | #define MAC_ASSIGN(entry_mac, given_mac) do {        \
      |                                          ^~
Drivers/Linux/net/wireless/trace.h:973:3: note: in expansion of macro 'MAC_ASSIGN'
  973 |   MAC_ASSIGN(sta_mac, mac);
      |   ^~~~~~~~~~
Drivers/Linux/net/wireless/trace.h:26:4: error: expected declaration specifiers before 'while'
   26 |  } while (0)
      |    ^~~~~
Drivers/Linux/net/wireless/trace.h:973:3: note: in expansion of macro 'MAC_ASSIGN'
  973 |   MAC_ASSIGN(sta_mac, mac);
      |   ^~~~~~~~~~
Drivers/Linux/net/wireless/trace.h:974:2: error: expected declaration specifiers before ')' token
  974 |  ),
      |  ^
Drivers/Linux/net/wireless/trace.h:979:1: error: expected declaration specifiers before 'DECLARE_EVENT_CLASS'
  979 | DECLARE_EVENT_CLASS(station_del,
      | ^~~~~~~~~~~~~~~~~~~
Drivers/Linux/net/wireless/trace.h:43:2: error: expected declaration specifiers before 'do'
   43 |  do {             \
      |  ^~
Drivers/Linux/net/wireless/trace.h:993:3: note: in expansion of macro 'NETDEV_ASSIGN'
  993 |   NETDEV_ASSIGN;
      |   ^~~~~~~~~~~~~
Drivers/Linux/net/wireless/trace.h:46:4: error: expected declaration specifiers before 'while'
   46 |  } while (0)
      |    ^~~~~
Drivers/Linux/net/wireless/trace.h:993:3: note: in expansion of macro 'NETDEV_ASSIGN'
  993 |   NETDEV_ASSIGN;
      |   ^~~~~~~~~~~~~
Drivers/Linux/net/wireless/trace.h:21:42: error: expected declaration specifiers before 'do'
   21 | #define MAC_ASSIGN(entry_mac, given_mac) do {        \
      |                                          ^~
Drivers/Linux/net/wireless/trace.h:994:3: note: in expansion of macro 'MAC_ASSIGN'
  994 |   MAC_ASSIGN(sta_mac, params->mac);
      |   ^~~~~~~~~~
Drivers/Linux/net/wireless/trace.h:26:4: error: expected declaration specifiers before 'while'
   26 |  } while (0)
      |    ^~~~~
Drivers/Linux/net/wireless/trace.h:994:3: note: in expansion of macro 'MAC_ASSIGN'
  994 |   MAC_ASSIGN(sta_mac, params->mac);
      |   ^~~~~~~~~~
Drivers/Linux/net/wireless/trace.h:995:3: error: expected declaration specifiers before '__entry'
  995 |   __entry->subtype = params->subtype;
      |   ^~~~~~~
Drivers/Linux/net/wireless/trace.h:996:3: error: expected declaration specifiers before '__entry'
  996 |   __entry->reason_code = params->reason_code;
      |   ^~~~~~~
Drivers/Linux/net/wireless/trace.h:997:3: error: expected declaration specifiers before '__entry'
  997 |   __entry->link_id = params->link_id;
      |   ^~~~~~~
Drivers/Linux/net/wireless/trace.h:998:2: error: expected declaration specifiers before ')' token
  998 |  ),
      |  ^
Drivers/Linux/net/wireless/trace.h:1006:1: error: expected declaration specifiers before 'DEFINE_EVENT'
 1006 | DEFINE_EVENT(station_del, rdev_del_station,
      | ^~~~~~~~~~~~
Drivers/Linux/net/wireless/trace.h:1012:1: error: expected declaration specifiers before 'DEFINE_EVENT'
 1012 | DEFINE_EVENT(wiphy_netdev_mac_evt, rdev_get_station,
      | ^~~~~~~~~~~~
Drivers/Linux/net/wireless/trace.h:1017:1: error: expected declaration specifiers before 'DEFINE_EVENT'
 1017 | DEFINE_EVENT(wiphy_netdev_mac_evt, rdev_del_mpath,
      | ^~~~~~~~~~~~
Drivers/Linux/net/wireless/trace.h:1022:1: error: expected declaration specifiers before 'TRACE_EVENT'
 1022 | TRACE_EVENT(rdev_dump_station,
      | ^~~~~~~~~~~
Drivers/Linux/net/wireless/trace.h:43:2: error: expected declaration specifiers before 'do'
   43 |  do {             \
      |  ^~
Drivers/Linux/net/wireless/trace.h:1034:3: note: in expansion of macro 'NETDEV_ASSIGN'
 1034 |   NETDEV_ASSIGN;
      |   ^~~~~~~~~~~~~
Drivers/Linux/net/wireless/trace.h:46:4: error: expected declaration specifiers before 'while'
   46 |  } while (0)
      |    ^~~~~
Drivers/Linux/net/wireless/trace.h:1034:3: note: in expansion of macro 'NETDEV_ASSIGN'
 1034 |   NETDEV_ASSIGN;
      |   ^~~~~~~~~~~~~
Drivers/Linux/net/wireless/trace.h:21:42: error: expected declaration specifiers before 'do'
   21 | #define MAC_ASSIGN(entry_mac, given_mac) do {        \
      |                                          ^~
Drivers/Linux/net/wireless/trace.h:1035:3: note: in expansion of macro 'MAC_ASSIGN'
 1035 |   MAC_ASSIGN(sta_mac, mac);
      |   ^~~~~~~~~~
Drivers/Linux/net/wireless/trace.h:26:4: error: expected declaration specifiers before 'while'
   26 |  } while (0)
      |    ^~~~~
Drivers/Linux/net/wireless/trace.h:1035:3: note: in expansion of macro 'MAC_ASSIGN'
 1035 |   MAC_ASSIGN(sta_mac, mac);
      |   ^~~~~~~~~~
Drivers/Linux/net/wireless/trace.h:1036:3: error: expected declaration specifiers before '__entry'
 1036 |   __entry->idx = _idx;
      |   ^~~~~~~
Drivers/Linux/net/wireless/trace.h:1037:2: error: expected declaration specifiers before ')' token
 1037 |  ),
      |  ^
Drivers/Linux/net/wireless/trace.h:1043:1: error: expected declaration specifiers before 'TRACE_EVENT'
 1043 | TRACE_EVENT(rdev_return_int_station_info,
      | ^~~~~~~~~~~
Drivers/Linux/net/wireless/trace.h:1053:3: error: expected declaration specifiers before '__entry'
 1053 |   __entry->ret = ret;
      |   ^~~~~~~
Drivers/Linux/net/wireless/trace.h:204:2: error: expected declaration specifiers before 'do'
  204 |  do {              \
      |  ^~
Drivers/Linux/net/wireless/trace.h:1054:3: note: in expansion of macro 'SINFO_ASSIGN'
 1054 |   SINFO_ASSIGN;
      |   ^~~~~~~~~~~~
Drivers/Linux/net/wireless/trace.h:219:4: error: expected declaration specifiers before 'while'
  219 |  } while (0)
      |    ^~~~~
Drivers/Linux/net/wireless/trace.h:1054:3: note: in expansion of macro 'SINFO_ASSIGN'
 1054 |   SINFO_ASSIGN;
      |   ^~~~~~~~~~~~
Drivers/Linux/net/wireless/trace.h:1055:2: error: expected declaration specifiers before ')' token
 1055 |  ),
      |  ^
Drivers/Linux/net/wireless/trace.h:1060:1: error: expected declaration specifiers before 'DECLARE_EVENT_CLASS'
 1060 | DECLARE_EVENT_CLASS(mpath_evt,
      | ^~~~~~~~~~~~~~~~~~~
Drivers/Linux/net/wireless/trace.h:43:2: error: expected declaration specifiers before 'do'
   43 |  do {             \
      |  ^~
Drivers/Linux/net/wireless/trace.h:1072:3: note: in expansion of macro 'NETDEV_ASSIGN'
 1072 |   NETDEV_ASSIGN;
      |   ^~~~~~~~~~~~~
Drivers/Linux/net/wireless/trace.h:46:4: error: expected declaration specifiers before 'while'
   46 |  } while (0)
      |    ^~~~~
Drivers/Linux/net/wireless/trace.h:1072:3: note: in expansion of macro 'NETDEV_ASSIGN'
 1072 |   NETDEV_ASSIGN;
      |   ^~~~~~~~~~~~~
Drivers/Linux/net/wireless/trace.h:21:42: error: expected declaration specifiers before 'do'
   21 | #define MAC_ASSIGN(entry_mac, given_mac) do {        \
      |                                          ^~
Drivers/Linux/net/wireless/trace.h:1073:3: note: in expansion of macro 'MAC_ASSIGN'
 1073 |   MAC_ASSIGN(dst, dst);
      |   ^~~~~~~~~~
Drivers/Linux/net/wireless/trace.h:26:4: error: expected declaration specifiers before 'while'
   26 |  } while (0)
      |    ^~~~~
Drivers/Linux/net/wireless/trace.h:1073:3: note: in expansion of macro 'MAC_ASSIGN'
 1073 |   MAC_ASSIGN(dst, dst);
      |   ^~~~~~~~~~
Drivers/Linux/net/wireless/trace.h:21:42: error: expected declaration specifiers before 'do'
   21 | #define MAC_ASSIGN(entry_mac, given_mac) do {        \
      |                                          ^~
Drivers/Linux/net/wireless/trace.h:1074:3: note: in expansion of macro 'MAC_ASSIGN'
 1074 |   MAC_ASSIGN(next_hop, next_hop);
      |   ^~~~~~~~~~
Drivers/Linux/net/wireless/trace.h:26:4: error: expected declaration specifiers before 'while'
   26 |  } while (0)
      |    ^~~~~
Drivers/Linux/net/wireless/trace.h:1074:3: note: in expansion of macro 'MAC_ASSIGN'
 1074 |   MAC_ASSIGN(next_hop, next_hop);
      |   ^~~~~~~~~~
Drivers/Linux/net/wireless/trace.h:1075:2: error: expected declaration specifiers before ')' token
 1075 |  ),
      |  ^
Drivers/Linux/net/wireless/trace.h:1081:1: error: expected declaration specifiers before 'DEFINE_EVENT'
 1081 | DEFINE_EVENT(mpath_evt, rdev_add_mpath,
      | ^~~~~~~~~~~~
Drivers/Linux/net/wireless/trace.h:1087:1: error: expected declaration specifiers before 'DEFINE_EVENT'
 1087 | DEFINE_EVENT(mpath_evt, rdev_change_mpath,
      | ^~~~~~~~~~~~
Drivers/Linux/net/wireless/trace.h:1093:1: error: expected declaration specifiers before 'DEFINE_EVENT'
 1093 | DEFINE_EVENT(mpath_evt, rdev_get_mpath,
      | ^~~~~~~~~~~~
Drivers/Linux/net/wireless/trace.h:1099:1: error: expected declaration specifiers before 'TRACE_EVENT'
 1099 | TRACE_EVENT(rdev_dump_mpath,
      | ^~~~~~~~~~~
Drivers/Linux/net/wireless/trace.h:43:2: error: expected declaration specifiers before 'do'
   43 |  do {             \
      |  ^~
Drivers/Linux/net/wireless/trace.h:1112:3: note: in expansion of macro 'NETDEV_ASSIGN'
 1112 |   NETDEV_ASSIGN;
      |   ^~~~~~~~~~~~~
Drivers/Linux/net/wireless/trace.h:46:4: error: expected declaration specifiers before 'while'
   46 |  } while (0)
      |    ^~~~~
Drivers/Linux/net/wireless/trace.h:1112:3: note: in expansion of macro 'NETDEV_ASSIGN'
 1112 |   NETDEV_ASSIGN;
      |   ^~~~~~~~~~~~~
Drivers/Linux/net/wireless/trace.h:21:42: error: expected declaration specifiers before 'do'
   21 | #define MAC_ASSIGN(entry_mac, given_mac) do {        \
      |                                          ^~
Drivers/Linux/net/wireless/trace.h:1113:3: note: in expansion of macro 'MAC_ASSIGN'
 1113 |   MAC_ASSIGN(dst, dst);
      |   ^~~~~~~~~~
Drivers/Linux/net/wireless/trace.h:26:4: error: expected declaration specifiers before 'while'
   26 |  } while (0)
      |    ^~~~~
Drivers/Linux/net/wireless/trace.h:1113:3: note: in expansion of macro 'MAC_ASSIGN'
 1113 |   MAC_ASSIGN(dst, dst);
      |   ^~~~~~~~~~
Drivers/Linux/net/wireless/trace.h:21:42: error: expected declaration specifiers before 'do'
   21 | #define MAC_ASSIGN(entry_mac, given_mac) do {        \
      |                                          ^~
Drivers/Linux/net/wireless/trace.h:1114:3: note: in expansion of macro 'MAC_ASSIGN'
 1114 |   MAC_ASSIGN(next_hop, next_hop);
      |   ^~~~~~~~~~
Drivers/Linux/net/wireless/trace.h:26:4: error: expected declaration specifiers before 'while'
   26 |  } while (0)
      |    ^~~~~
Drivers/Linux/net/wireless/trace.h:1114:3: note: in expansion of macro 'MAC_ASSIGN'
 1114 |   MAC_ASSIGN(next_hop, next_hop);
      |   ^~~~~~~~~~
Drivers/Linux/net/wireless/trace.h:1115:3: error: expected declaration specifiers before '__entry'
 1115 |   __entry->idx = _idx;
      |   ^~~~~~~
Drivers/Linux/net/wireless/trace.h:1116:2: error: expected declaration specifiers before ')' token
 1116 |  ),
      |  ^
Drivers/Linux/net/wireless/trace.h:1122:1: error: expected declaration specifiers before 'TRACE_EVENT'
 1122 | TRACE_EVENT(rdev_get_mpp,
      | ^~~~~~~~~~~
Drivers/Linux/net/wireless/trace.h:43:2: error: expected declaration specifiers before 'do'
   43 |  do {             \
      |  ^~
Drivers/Linux/net/wireless/trace.h:1134:3: note: in expansion of macro 'NETDEV_ASSIGN'
 1134 |   NETDEV_ASSIGN;
      |   ^~~~~~~~~~~~~
Drivers/Linux/net/wireless/trace.h:46:4: error: expected declaration specifiers before 'while'
   46 |  } while (0)
      |    ^~~~~
Drivers/Linux/net/wireless/trace.h:1134:3: note: in expansion of macro 'NETDEV_ASSIGN'
 1134 |   NETDEV_ASSIGN;
      |   ^~~~~~~~~~~~~
Drivers/Linux/net/wireless/trace.h:21:42: error: expected declaration specifiers before 'do'
   21 | #define MAC_ASSIGN(entry_mac, given_mac) do {        \
      |                                          ^~
Drivers/Linux/net/wireless/trace.h:1135:3: note: in expansion of macro 'MAC_ASSIGN'
 1135 |   MAC_ASSIGN(dst, dst);
      |   ^~~~~~~~~~
Drivers/Linux/net/wireless/trace.h:26:4: error: expected declaration specifiers before 'while'
   26 |  } while (0)
      |    ^~~~~
Drivers/Linux/net/wireless/trace.h:1135:3: note: in expansion of macro 'MAC_ASSIGN'
 1135 |   MAC_ASSIGN(dst, dst);
      |   ^~~~~~~~~~
Drivers/Linux/net/wireless/trace.h:21:42: error: expected declaration specifiers before 'do'
   21 | #define MAC_ASSIGN(entry_mac, given_mac) do {        \
      |                                          ^~
Drivers/Linux/net/wireless/trace.h:1136:3: note: in expansion of macro 'MAC_ASSIGN'
 1136 |   MAC_ASSIGN(mpp, mpp);
      |   ^~~~~~~~~~
Drivers/Linux/net/wireless/trace.h:26:4: error: expected declaration specifiers before 'while'
   26 |  } while (0)
      |    ^~~~~
Drivers/Linux/net/wireless/trace.h:1136:3: note: in expansion of macro 'MAC_ASSIGN'
 1136 |   MAC_ASSIGN(mpp, mpp);
      |   ^~~~~~~~~~
Drivers/Linux/net/wireless/trace.h:1137:2: error: expected declaration specifiers before ')' token
 1137 |  ),
      |  ^
Drivers/Linux/net/wireless/trace.h:1143:1: error: expected declaration specifiers before 'TRACE_EVENT'
 1143 | TRACE_EVENT(rdev_dump_mpp,
      | ^~~~~~~~~~~
Drivers/Linux/net/wireless/trace.h:43:2: error: expected declaration specifiers before 'do'
   43 |  do {             \
      |  ^~
Drivers/Linux/net/wireless/trace.h:1156:3: note: in expansion of macro 'NETDEV_ASSIGN'
 1156 |   NETDEV_ASSIGN;
      |   ^~~~~~~~~~~~~
Drivers/Linux/net/wireless/trace.h:46:4: error: expected declaration specifiers before 'while'
   46 |  } while (0)
      |    ^~~~~
Drivers/Linux/net/wireless/trace.h:1156:3: note: in expansion of macro 'NETDEV_ASSIGN'
 1156 |   NETDEV_ASSIGN;
      |   ^~~~~~~~~~~~~
Drivers/Linux/net/wireless/trace.h:21:42: error: expected declaration specifiers before 'do'
   21 | #define MAC_ASSIGN(entry_mac, given_mac) do {        \
      |                                          ^~
Drivers/Linux/net/wireless/trace.h:1157:3: note: in expansion of macro 'MAC_ASSIGN'
 1157 |   MAC_ASSIGN(dst, dst);
      |   ^~~~~~~~~~
Drivers/Linux/net/wireless/trace.h:26:4: error: expected declaration specifiers before 'while'
   26 |  } while (0)
      |    ^~~~~
Drivers/Linux/net/wireless/trace.h:1157:3: note: in expansion of macro 'MAC_ASSIGN'
 1157 |   MAC_ASSIGN(dst, dst);
      |   ^~~~~~~~~~
Drivers/Linux/net/wireless/trace.h:21:42: error: expected declaration specifiers before 'do'
   21 | #define MAC_ASSIGN(entry_mac, given_mac) do {        \
      |                                          ^~
Drivers/Linux/net/wireless/trace.h:1158:3: note: in expansion of macro 'MAC_ASSIGN'
 1158 |   MAC_ASSIGN(mpp, mpp);
      |   ^~~~~~~~~~
Drivers/Linux/net/wireless/trace.h:26:4: error: expected declaration specifiers before 'while'
   26 |  } while (0)
      |    ^~~~~
Drivers/Linux/net/wireless/trace.h:1158:3: note: in expansion of macro 'MAC_ASSIGN'
 1158 |   MAC_ASSIGN(mpp, mpp);
      |   ^~~~~~~~~~
Drivers/Linux/net/wireless/trace.h:1159:3: error: expected declaration specifiers before '__entry'
 1159 |   __entry->idx = _idx;
      |   ^~~~~~~
Drivers/Linux/net/wireless/trace.h:1160:2: error: expected declaration specifiers before ')' token
 1160 |  ),
      |  ^
Drivers/Linux/net/wireless/trace.h:1166:1: error: expected declaration specifiers before 'TRACE_EVENT'
 1166 | TRACE_EVENT(rdev_return_int_mpath_info,
      | ^~~~~~~~~~~
Drivers/Linux/net/wireless/trace.h:1184:3: error: expected declaration specifiers before '__entry'
 1184 |   __entry->ret = ret;
      |   ^~~~~~~
Drivers/Linux/net/wireless/trace.h:1185:3: error: expected declaration specifiers before '__entry'
 1185 |   __entry->generation = pinfo->generation;
      |   ^~~~~~~
Drivers/Linux/net/wireless/trace.h:1186:3: error: expected declaration specifiers before '__entry'
 1186 |   __entry->filled = pinfo->filled;
      |   ^~~~~~~
Drivers/Linux/net/wireless/trace.h:1187:3: error: expected declaration specifiers before '__entry'
 1187 |   __entry->frame_qlen = pinfo->frame_qlen;
      |   ^~~~~~~
Drivers/Linux/net/wireless/trace.h:1188:3: error: expected declaration specifiers before '__entry'
 1188 |   __entry->sn = pinfo->sn;
      |   ^~~~~~~
Drivers/Linux/net/wireless/trace.h:1189:3: error: expected declaration specifiers before '__entry'
 1189 |   __entry->metric = pinfo->metric;
      |   ^~~~~~~
Drivers/Linux/net/wireless/trace.h:1190:3: error: expected declaration specifiers before '__entry'
 1190 |   __entry->exptime = pinfo->exptime;
      |   ^~~~~~~
Drivers/Linux/net/wireless/trace.h:1191:3: error: expected declaration specifiers before '__entry'
 1191 |   __entry->discovery_timeout = pinfo->discovery_timeout;
      |   ^~~~~~~
Drivers/Linux/net/wireless/trace.h:1192:3: error: expected declaration specifiers before '__entry'
 1192 |   __entry->discovery_retries = pinfo->discovery_retries;
      |   ^~~~~~~
Drivers/Linux/net/wireless/trace.h:1193:3: error: expected declaration specifiers before '__entry'
 1193 |   __entry->flags = pinfo->flags;
      |   ^~~~~~~
Drivers/Linux/net/wireless/trace.h:1194:2: error: expected declaration specifiers before ')' token
 1194 |  ),
      |  ^
Drivers/Linux/net/wireless/trace.h:1204:1: error: expected declaration specifiers before 'TRACE_EVENT'
 1204 | TRACE_EVENT(rdev_return_int_mesh_config,
      | ^~~~~~~~~~~
Drivers/Linux/net/wireless/trace.h:77:2: error: expected declaration specifiers before 'do'
   77 |  do {              \
      |  ^~
Drivers/Linux/net/wireless/trace.h:1214:3: note: in expansion of macro 'MESH_CFG_ASSIGN'
 1214 |   MESH_CFG_ASSIGN;
      |   ^~~~~~~~~~~~~~~
Drivers/Linux/net/wireless/trace.h:117:4: error: expected declaration specifiers before 'while'
  117 |  } while (0)
      |    ^~~~~
Drivers/Linux/net/wireless/trace.h:1214:3: note: in expansion of macro 'MESH_CFG_ASSIGN'
 1214 |   MESH_CFG_ASSIGN;
      |   ^~~~~~~~~~~~~~~
Drivers/Linux/net/wireless/trace.h:1215:3: error: expected declaration specifiers before '__entry'
 1215 |   __entry->ret = ret;
      |   ^~~~~~~
Drivers/Linux/net/wireless/trace.h:1216:2: error: expected declaration specifiers before ')' token
 1216 |  ),
      |  ^
Drivers/Linux/net/wireless/trace.h:1221:1: error: expected declaration specifiers before 'TRACE_EVENT'
 1221 | TRACE_EVENT(rdev_update_mesh_config,
      | ^~~~~~~~~~~
Drivers/Linux/net/wireless/trace.h:43:2: error: expected declaration specifiers before 'do'
   43 |  do {             \
      |  ^~
Drivers/Linux/net/wireless/trace.h:1233:3: note: in expansion of macro 'NETDEV_ASSIGN'
 1233 |   NETDEV_ASSIGN;
      |   ^~~~~~~~~~~~~
Drivers/Linux/net/wireless/trace.h:46:4: error: expected declaration specifiers before 'while'
   46 |  } while (0)
      |    ^~~~~
Drivers/Linux/net/wireless/trace.h:1233:3: note: in expansion of macro 'NETDEV_ASSIGN'
 1233 |   NETDEV_ASSIGN;
      |   ^~~~~~~~~~~~~
Drivers/Linux/net/wireless/trace.h:77:2: error: expected declaration specifiers before 'do'
   77 |  do {              \
      |  ^~
Drivers/Linux/net/wireless/trace.h:1234:3: note: in expansion of macro 'MESH_CFG_ASSIGN'
 1234 |   MESH_CFG_ASSIGN;
      |   ^~~~~~~~~~~~~~~
Drivers/Linux/net/wireless/trace.h:117:4: error: expected declaration specifiers before 'while'
  117 |  } while (0)
      |    ^~~~~
Drivers/Linux/net/wireless/trace.h:1234:3: note: in expansion of macro 'MESH_CFG_ASSIGN'
 1234 |   MESH_CFG_ASSIGN;
      |   ^~~~~~~~~~~~~~~
Drivers/Linux/net/wireless/trace.h:1235:3: error: expected declaration specifiers before '__entry'
 1235 |   __entry->mask = mask;
      |   ^~~~~~~
Drivers/Linux/net/wireless/trace.h:1236:2: error: expected declaration specifiers before ')' token
 1236 |  ),
      |  ^
Drivers/Linux/net/wireless/trace.h:1241:1: error: expected declaration specifiers before 'TRACE_EVENT'
 1241 | TRACE_EVENT(rdev_join_mesh,
      | ^~~~~~~~~~~
Drivers/Linux/net/wireless/trace.h:43:2: error: expected declaration specifiers before 'do'
   43 |  do {             \
      |  ^~
Drivers/Linux/net/wireless/trace.h:1253:3: note: in expansion of macro 'NETDEV_ASSIGN'
 1253 |   NETDEV_ASSIGN;
      |   ^~~~~~~~~~~~~
Drivers/Linux/net/wireless/trace.h:46:4: error: expected declaration specifiers before 'while'
   46 |  } while (0)
      |    ^~~~~
Drivers/Linux/net/wireless/trace.h:1253:3: note: in expansion of macro 'NETDEV_ASSIGN'
 1253 |   NETDEV_ASSIGN;
      |   ^~~~~~~~~~~~~
Drivers/Linux/net/wireless/trace.h:77:2: error: expected declaration specifiers before 'do'
   77 |  do {              \
      |  ^~
Drivers/Linux/net/wireless/trace.h:1254:3: note: in expansion of macro 'MESH_CFG_ASSIGN'
 1254 |   MESH_CFG_ASSIGN;
      |   ^~~~~~~~~~~~~~~
Drivers/Linux/net/wireless/trace.h:117:4: error: expected declaration specifiers before 'while'
  117 |  } while (0)
      |    ^~~~~
Drivers/Linux/net/wireless/trace.h:1254:3: note: in expansion of macro 'MESH_CFG_ASSIGN'
 1254 |   MESH_CFG_ASSIGN;
      |   ^~~~~~~~~~~~~~~
Drivers/Linux/net/wireless/trace.h:1255:2: error: expected declaration specifiers before ')' token
 1255 |  ),
      |  ^
Drivers/Linux/net/wireless/trace.h:1260:1: error: expected declaration specifiers before 'TRACE_EVENT'
 1260 | TRACE_EVENT(rdev_change_bss,
      | ^~~~~~~~~~~
Drivers/Linux/net/wireless/trace.h:43:2: error: expected declaration specifiers before 'do'
   43 |  do {             \
      |  ^~
Drivers/Linux/net/wireless/trace.h:1275:3: note: in expansion of macro 'NETDEV_ASSIGN'
 1275 |   NETDEV_ASSIGN;
      |   ^~~~~~~~~~~~~
Drivers/Linux/net/wireless/trace.h:46:4: error: expected declaration specifiers before 'while'
   46 |  } while (0)
      |    ^~~~~
Drivers/Linux/net/wireless/trace.h:1275:3: note: in expansion of macro 'NETDEV_ASSIGN'
 1275 |   NETDEV_ASSIGN;
      |   ^~~~~~~~~~~~~
Drivers/Linux/net/wireless/trace.h:1276:3: error: expected declaration specifiers before '__entry'
 1276 |   __entry->use_cts_prot = params->use_cts_prot;
      |   ^~~~~~~
Drivers/Linux/net/wireless/trace.h:1277:3: error: expected declaration specifiers before '__entry'
 1277 |   __entry->use_short_preamble = params->use_short_preamble;
      |   ^~~~~~~
Drivers/Linux/net/wireless/trace.h:1278:3: error: expected declaration specifiers before '__entry'
 1278 |   __entry->use_short_slot_time = params->use_short_slot_time;
      |   ^~~~~~~
Drivers/Linux/net/wireless/trace.h:1279:3: error: expected declaration specifiers before '__entry'
 1279 |   __entry->ap_isolate = params->ap_isolate;
      |   ^~~~~~~
Drivers/Linux/net/wireless/trace.h:1280:3: error: expected declaration specifiers before '__entry'
 1280 |   __entry->ht_opmode = params->ht_opmode;
      |   ^~~~~~~
Drivers/Linux/net/wireless/trace.h:1281:2: error: expected declaration specifiers before ')' token
 1281 |  ),
      |  ^
Drivers/Linux/net/wireless/trace.h:1290:1: error: expected declaration specifiers before 'TRACE_EVENT'
 1290 | TRACE_EVENT(rdev_inform_bss,
      | ^~~~~~~~~~~
Drivers/Linux/net/wireless/trace.h:21:42: error: expected declaration specifiers before 'do'
   21 | #define MAC_ASSIGN(entry_mac, given_mac) do {        \
      |                                          ^~
Drivers/Linux/net/wireless/trace.h:1300:3: note: in expansion of macro 'MAC_ASSIGN'
 1300 |   MAC_ASSIGN(bssid, bss->bssid);
      |   ^~~~~~~~~~
Drivers/Linux/net/wireless/trace.h:26:4: error: expected declaration specifiers before 'while'
   26 |  } while (0)
      |    ^~~~~
Drivers/Linux/net/wireless/trace.h:1300:3: note: in expansion of macro 'MAC_ASSIGN'
 1300 |   MAC_ASSIGN(bssid, bss->bssid);
      |   ^~~~~~~~~~
Drivers/Linux/net/wireless/trace.h:123:2: error: expected declaration specifiers before 'do'
  123 |  do {         \
      |  ^~
Drivers/Linux/net/wireless/trace.h:1301:3: note: in expansion of macro 'CHAN_ASSIGN'
 1301 |   CHAN_ASSIGN(bss->channel);
      |   ^~~~~~~~~~~
Drivers/Linux/net/wireless/trace.h:133:4: error: expected declaration specifiers before 'while'
  133 |  } while (0)
      |    ^~~~~
Drivers/Linux/net/wireless/trace.h:1301:3: note: in expansion of macro 'CHAN_ASSIGN'
 1301 |   CHAN_ASSIGN(bss->channel);
      |   ^~~~~~~~~~~
Drivers/Linux/net/wireless/trace.h:1302:2: error: expected declaration specifiers before ')' token
 1302 |  ),
      |  ^
Drivers/Linux/net/wireless/trace.h:1307:1: error: expected declaration specifiers before 'TRACE_EVENT'
 1307 | TRACE_EVENT(rdev_set_txq_params,
      | ^~~~~~~~~~~
Drivers/Linux/net/wireless/trace.h:43:2: error: expected declaration specifiers before 'do'
   43 |  do {             \
      |  ^~
Drivers/Linux/net/wireless/trace.h:1322:3: note: in expansion of macro 'NETDEV_ASSIGN'
 1322 |   NETDEV_ASSIGN;
      |   ^~~~~~~~~~~~~
Drivers/Linux/net/wireless/trace.h:46:4: error: expected declaration specifiers before 'while'
   46 |  } while (0)
      |    ^~~~~
Drivers/Linux/net/wireless/trace.h:1322:3: note: in expansion of macro 'NETDEV_ASSIGN'
 1322 |   NETDEV_ASSIGN;
      |   ^~~~~~~~~~~~~
Drivers/Linux/net/wireless/trace.h:1323:3: error: expected declaration specifiers before '__entry'
 1323 |   __entry->ac = params->ac;
      |   ^~~~~~~
Drivers/Linux/net/wireless/trace.h:1324:3: error: expected declaration specifiers before '__entry'
 1324 |   __entry->txop = params->txop;
      |   ^~~~~~~
Drivers/Linux/net/wireless/trace.h:1325:3: error: expected declaration specifiers before '__entry'
 1325 |   __entry->cwmin = params->cwmin;
      |   ^~~~~~~
Drivers/Linux/net/wireless/trace.h:1326:3: error: expected declaration specifiers before '__entry'
 1326 |   __entry->cwmax = params->cwmax;
      |   ^~~~~~~
Drivers/Linux/net/wireless/trace.h:1327:3: error: expected declaration specifiers before '__entry'
 1327 |   __entry->aifs = params->aifs;
      |   ^~~~~~~
Drivers/Linux/net/wireless/trace.h:1328:2: error: expected declaration specifiers before ')' token
 1328 |  ),
      |  ^
Drivers/Linux/net/wireless/trace.h:1334:1: error: expected declaration specifiers before 'TRACE_EVENT'
 1334 | TRACE_EVENT(rdev_libertas_set_mesh_channel,
      | ^~~~~~~~~~~
Drivers/Linux/net/wireless/trace.h:43:2: error: expected declaration specifiers before 'do'
   43 |  do {             \
      |  ^~
Drivers/Linux/net/wireless/trace.h:1345:3: note: in expansion of macro 'NETDEV_ASSIGN'
 1345 |   NETDEV_ASSIGN;
      |   ^~~~~~~~~~~~~
Drivers/Linux/net/wireless/trace.h:46:4: error: expected declaration specifiers before 'while'
   46 |  } while (0)
      |    ^~~~~
Drivers/Linux/net/wireless/trace.h:1345:3: note: in expansion of macro 'NETDEV_ASSIGN'
 1345 |   NETDEV_ASSIGN;
      |   ^~~~~~~~~~~~~
Drivers/Linux/net/wireless/trace.h:123:2: error: expected declaration specifiers before 'do'
  123 |  do {         \
      |  ^~
Drivers/Linux/net/wireless/trace.h:1346:3: note: in expansion of macro 'CHAN_ASSIGN'
 1346 |   CHAN_ASSIGN(chan);
      |   ^~~~~~~~~~~
Drivers/Linux/net/wireless/trace.h:133:4: error: expected declaration specifiers before 'while'
  133 |  } while (0)
      |    ^~~~~
Drivers/Linux/net/wireless/trace.h:1346:3: note: in expansion of macro 'CHAN_ASSIGN'
 1346 |   CHAN_ASSIGN(chan);
      |   ^~~~~~~~~~~
Drivers/Linux/net/wireless/trace.h:1347:2: error: expected declaration specifiers before ')' token
 1347 |  ),
      |  ^
Drivers/Linux/net/wireless/trace.h:1352:1: error: expected declaration specifiers before 'TRACE_EVENT'
 1352 | TRACE_EVENT(rdev_set_monitor_channel,
      | ^~~~~~~~~~~
Drivers/Linux/net/wireless/trace.h:43:2: error: expected declaration specifiers before 'do'
   43 |  do {             \
      |  ^~
Drivers/Linux/net/wireless/trace.h:1363:3: note: in expansion of macro 'NETDEV_ASSIGN'
 1363 |   NETDEV_ASSIGN;
      |   ^~~~~~~~~~~~~
Drivers/Linux/net/wireless/trace.h:46:4: error: expected declaration specifiers before 'while'
   46 |  } while (0)
      |    ^~~~~
Drivers/Linux/net/wireless/trace.h:1363:3: note: in expansion of macro 'NETDEV_ASSIGN'
 1363 |   NETDEV_ASSIGN;
      |   ^~~~~~~~~~~~~
Drivers/Linux/net/wireless/trace.h:146:2: error: expected declaration specifiers before 'do'
  146 |  do {        \
      |  ^~
Drivers/Linux/net/wireless/trace.h:1364:3: note: in expansion of macro 'CHAN_DEF_ASSIGN'
 1364 |   CHAN_DEF_ASSIGN(chandef);
      |   ^~~~~~~~~~~~~~~
Drivers/Linux/net/wireless/trace.h:168:4: error: expected declaration specifiers before 'while'
  168 |  } while (0)
      |    ^~~~~
Drivers/Linux/net/wireless/trace.h:1364:3: note: in expansion of macro 'CHAN_DEF_ASSIGN'
 1364 |   CHAN_DEF_ASSIGN(chandef);
      |   ^~~~~~~~~~~~~~~
Drivers/Linux/net/wireless/trace.h:1365:2: error: expected declaration specifiers before ')' token
 1365 |  ),
      |  ^
Drivers/Linux/net/wireless/trace.h:1370:1: error: expected declaration specifiers before 'TRACE_EVENT'
 1370 | TRACE_EVENT(rdev_auth,
      | ^~~~~~~~~~~
Drivers/Linux/net/wireless/trace.h:43:2: error: expected declaration specifiers before 'do'
   43 |  do {             \
      |  ^~
Drivers/Linux/net/wireless/trace.h:1382:3: note: in expansion of macro 'NETDEV_ASSIGN'
 1382 |   NETDEV_ASSIGN;
      |   ^~~~~~~~~~~~~
Drivers/Linux/net/wireless/trace.h:46:4: error: expected declaration specifiers before 'while'
   46 |  } while (0)
      |    ^~~~~
Drivers/Linux/net/wireless/trace.h:1382:3: note: in expansion of macro 'NETDEV_ASSIGN'
 1382 |   NETDEV_ASSIGN;
      |   ^~~~~~~~~~~~~
Drivers/Linux/net/wireless/trace.h:1383:3: error: expected declaration specifiers before 'if'
 1383 |   if (req->bss)
      |   ^~
Drivers/Linux/net/wireless/trace.h:26:4: error: expected declaration specifiers before 'while'
   26 |  } while (0)
      |    ^~~~~
Drivers/Linux/net/wireless/trace.h:1384:4: note: in expansion of macro 'MAC_ASSIGN'
 1384 |    MAC_ASSIGN(bssid, req->bss->bssid);
      |    ^~~~~~~~~~
Drivers/Linux/net/wireless/trace.h:1385:3: error: expected declaration specifiers before 'else'
 1385 |   else
      |   ^~~~
Drivers/Linux/net/wireless/trace.h:1387:3: error: expected declaration specifiers before '__entry'
 1387 |   __entry->auth_type = req->auth_type;
      |   ^~~~~~~
Drivers/Linux/net/wireless/trace.h:1388:2: error: expected declaration specifiers before ')' token
 1388 |  ),
      |  ^
Drivers/Linux/net/wireless/trace.h:1394:1: error: expected declaration specifiers before 'TRACE_EVENT'
 1394 | TRACE_EVENT(rdev_assoc,
      | ^~~~~~~~~~~
Drivers/Linux/net/wireless/trace.h:43:2: error: expected declaration specifiers before 'do'
   43 |  do {             \
      |  ^~
Drivers/Linux/net/wireless/trace.h:1417:3: note: in expansion of macro 'NETDEV_ASSIGN'
 1417 |   NETDEV_ASSIGN;
      |   ^~~~~~~~~~~~~
Drivers/Linux/net/wireless/trace.h:46:4: error: expected declaration specifiers before 'while'
   46 |  } while (0)
      |    ^~~~~
Drivers/Linux/net/wireless/trace.h:1417:3: note: in expansion of macro 'NETDEV_ASSIGN'
 1417 |   NETDEV_ASSIGN;
      |   ^~~~~~~~~~~~~
Drivers/Linux/net/wireless/trace.h:1418:3: error: expected declaration specifiers before 'if'
 1418 |   if (req->bss)
      |   ^~
Drivers/Linux/net/wireless/trace.h:26:4: error: expected declaration specifiers before 'while'
   26 |  } while (0)
      |    ^~~~~
Drivers/Linux/net/wireless/trace.h:1419:4: note: in expansion of macro 'MAC_ASSIGN'
 1419 |    MAC_ASSIGN(bssid, req->bss->bssid);
      |    ^~~~~~~~~~
Drivers/Linux/net/wireless/trace.h:1420:3: error: expected declaration specifiers before 'else'
 1420 |   else
      |   ^~~~
Drivers/Linux/net/wireless/trace.h:21:42: error: expected declaration specifiers before 'do'
   21 | #define MAC_ASSIGN(entry_mac, given_mac) do {        \
      |                                          ^~
Drivers/Linux/net/wireless/trace.h:1422:3: note: in expansion of macro 'MAC_ASSIGN'
 1422 |   MAC_ASSIGN(prev_bssid, req->prev_bssid);
      |   ^~~~~~~~~~
Drivers/Linux/net/wireless/trace.h:26:4: error: expected declaration specifiers before 'while'
   26 |  } while (0)
      |    ^~~~~
Drivers/Linux/net/wireless/trace.h:1422:3: note: in expansion of macro 'MAC_ASSIGN'
 1422 |   MAC_ASSIGN(prev_bssid, req->prev_bssid);
      |   ^~~~~~~~~~
Drivers/Linux/net/wireless/trace.h:1423:3: error: expected declaration specifiers before '__entry'
 1423 |   __entry->use_mfp = req->use_mfp;
      |   ^~~~~~~
Drivers/Linux/net/wireless/trace.h:1424:3: error: expected declaration specifiers before '__entry'
 1424 |   __entry->flags = req->flags;
      |   ^~~~~~~
Drivers/Linux/net/wireless/trace.h:1425:3: error: expected declaration specifiers before 'if'
 1425 |   if (req->ie)
      |   ^~
Drivers/Linux/net/wireless/trace.h:1428:3: error: expected declaration specifiers before 'memcpy'
 1428 |   memcpy(__entry->ht_capa, &req->ht_capa, sizeof(req->ht_capa));
      |   ^~~~~~
Drivers/Linux/net/wireless/trace.h:1429:3: error: expected declaration specifiers before 'memcpy'
 1429 |   memcpy(__entry->ht_capa_mask, &req->ht_capa_mask,
      |   ^~~~~~
Drivers/Linux/net/wireless/trace.h:1431:3: error: expected declaration specifiers before 'memcpy'
 1431 |   memcpy(__entry->vht_capa, &req->vht_capa, sizeof(req->vht_capa));
      |   ^~~~~~
Drivers/Linux/net/wireless/trace.h:1432:3: error: expected declaration specifiers before 'memcpy'
 1432 |   memcpy(__entry->vht_capa_mask, &req->vht_capa_mask,
      |   ^~~~~~
Drivers/Linux/net/wireless/trace.h:1434:3: error: expected declaration specifiers before 'if'
 1434 |   if (req->fils_kek)
      |   ^~
Drivers/Linux/net/wireless/trace.h:1437:3: error: expected declaration specifiers before 'if'
 1437 |   if (req->fils_nonces)
      |   ^~
Drivers/Linux/net/wireless/trace.h:1440:3: error: expected declaration specifiers before '__entry'
 1440 |   __entry->ext_mld_capa_ops = req->ext_mld_capa_ops;
      |   ^~~~~~~
Drivers/Linux/net/wireless/trace.h:1441:2: error: expected declaration specifiers before ')' token
 1441 |  ),
      |  ^
Drivers/Linux/net/wireless/trace.h:1449:1: error: expected declaration specifiers before 'TRACE_EVENT'
 1449 | TRACE_EVENT(rdev_deauth,
      | ^~~~~~~~~~~
Drivers/Linux/net/wireless/trace.h:43:2: error: expected declaration specifiers before 'do'
   43 |  do {             \
      |  ^~
Drivers/Linux/net/wireless/trace.h:1462:3: note: in expansion of macro 'NETDEV_ASSIGN'
 1462 |   NETDEV_ASSIGN;
      |   ^~~~~~~~~~~~~
Drivers/Linux/net/wireless/trace.h:46:4: error: expected declaration specifiers before 'while'
   46 |  } while (0)
      |    ^~~~~
Drivers/Linux/net/wireless/trace.h:1462:3: note: in expansion of macro 'NETDEV_ASSIGN'
 1462 |   NETDEV_ASSIGN;
      |   ^~~~~~~~~~~~~
Drivers/Linux/net/wireless/trace.h:21:42: error: expected declaration specifiers before 'do'
   21 | #define MAC_ASSIGN(entry_mac, given_mac) do {        \
      |                                          ^~
Drivers/Linux/net/wireless/trace.h:1463:3: note: in expansion of macro 'MAC_ASSIGN'
 1463 |   MAC_ASSIGN(bssid, req->bssid);
      |   ^~~~~~~~~~
Drivers/Linux/net/wireless/trace.h:26:4: error: expected declaration specifiers before 'while'
   26 |  } while (0)
      |    ^~~~~
Drivers/Linux/net/wireless/trace.h:1463:3: note: in expansion of macro 'MAC_ASSIGN'
 1463 |   MAC_ASSIGN(bssid, req->bssid);
      |   ^~~~~~~~~~
Drivers/Linux/net/wireless/trace.h:1464:3: error: expected declaration specifiers before '__entry'
 1464 |   __entry->reason_code = req->reason_code;
      |   ^~~~~~~
Drivers/Linux/net/wireless/trace.h:1465:3: error: expected declaration specifiers before '__entry'
 1465 |   __entry->local_state_change = req->local_state_change;
      |   ^~~~~~~
Drivers/Linux/net/wireless/trace.h:1466:2: error: expected declaration specifiers before ')' token
 1466 |  ),
      |  ^
Drivers/Linux/net/wireless/trace.h:1472:1: error: expected declaration specifiers before 'TRACE_EVENT'
 1472 | TRACE_EVENT(rdev_disassoc,
      | ^~~~~~~~~~~
Drivers/Linux/net/wireless/trace.h:43:2: error: expected declaration specifiers before 'do'
   43 |  do {             \
      |  ^~
Drivers/Linux/net/wireless/trace.h:1485:3: note: in expansion of macro 'NETDEV_ASSIGN'
 1485 |   NETDEV_ASSIGN;
      |   ^~~~~~~~~~~~~
Drivers/Linux/net/wireless/trace.h:46:4: error: expected declaration specifiers before 'while'
   46 |  } while (0)
      |    ^~~~~
Drivers/Linux/net/wireless/trace.h:1485:3: note: in expansion of macro 'NETDEV_ASSIGN'
 1485 |   NETDEV_ASSIGN;
      |   ^~~~~~~~~~~~~
Drivers/Linux/net/wireless/trace.h:21:42: error: expected declaration specifiers before 'do'
   21 | #define MAC_ASSIGN(entry_mac, given_mac) do {        \
      |                                          ^~
Drivers/Linux/net/wireless/trace.h:1486:3: note: in expansion of macro 'MAC_ASSIGN'
 1486 |   MAC_ASSIGN(bssid, req->ap_addr);
      |   ^~~~~~~~~~
Drivers/Linux/net/wireless/trace.h:26:4: error: expected declaration specifiers before 'while'
   26 |  } while (0)
      |    ^~~~~
Drivers/Linux/net/wireless/trace.h:1486:3: note: in expansion of macro 'MAC_ASSIGN'
 1486 |   MAC_ASSIGN(bssid, req->ap_addr);
      |   ^~~~~~~~~~
Drivers/Linux/net/wireless/trace.h:1487:3: error: expected declaration specifiers before '__entry'
 1487 |   __entry->reason_code = req->reason_code;
      |   ^~~~~~~
Drivers/Linux/net/wireless/trace.h:1488:3: error: expected declaration specifiers before '__entry'
 1488 |   __entry->local_state_change = req->local_state_change;
      |   ^~~~~~~
Drivers/Linux/net/wireless/trace.h:1489:2: error: expected declaration specifiers before ')' token
 1489 |  ),
      |  ^
Drivers/Linux/net/wireless/trace.h:1497:1: error: expected declaration specifiers before 'TRACE_EVENT'
 1497 | TRACE_EVENT(rdev_mgmt_tx_cancel_wait,
      | ^~~~~~~~~~~
Drivers/Linux/net/wireless/trace.h:35:21: error: expected declaration specifiers before '(' token
   35 | #define WDEV_ASSIGN (__entry->id) = (!IS_ERR_OR_NULL(wdev) \
      |                     ^
Drivers/Linux/net/wireless/trace.h:1508:3: note: in expansion of macro 'WDEV_ASSIGN'
 1508 |   WDEV_ASSIGN;
      |   ^~~~~~~~~~~
Drivers/Linux/net/wireless/trace.h:1509:3: error: expected declaration specifiers before '__entry'
 1509 |   __entry->cookie = cookie;
      |   ^~~~~~~
Drivers/Linux/net/wireless/trace.h:1510:2: error: expected declaration specifiers before ')' token
 1510 |  ),
      |  ^
Drivers/Linux/net/wireless/trace.h:1515:1: error: expected declaration specifiers before 'TRACE_EVENT'
 1515 | TRACE_EVENT(rdev_set_power_mgmt,
      | ^~~~~~~~~~~
Drivers/Linux/net/wireless/trace.h:43:2: error: expected declaration specifiers before 'do'
   43 |  do {             \
      |  ^~
Drivers/Linux/net/wireless/trace.h:1527:3: note: in expansion of macro 'NETDEV_ASSIGN'
 1527 |   NETDEV_ASSIGN;
      |   ^~~~~~~~~~~~~
Drivers/Linux/net/wireless/trace.h:46:4: error: expected declaration specifiers before 'while'
   46 |  } while (0)
      |    ^~~~~
Drivers/Linux/net/wireless/trace.h:1527:3: note: in expansion of macro 'NETDEV_ASSIGN'
 1527 |   NETDEV_ASSIGN;
      |   ^~~~~~~~~~~~~
Drivers/Linux/net/wireless/trace.h:1528:3: error: expected declaration specifiers before '__entry'
 1528 |   __entry->enabled = enabled;
      |   ^~~~~~~
Drivers/Linux/net/wireless/trace.h:1529:3: error: expected declaration specifiers before '__entry'
 1529 |   __entry->timeout = timeout;
      |   ^~~~~~~
Drivers/Linux/net/wireless/trace.h:1530:2: error: expected declaration specifiers before ')' token
 1530 |  ),
      |  ^
Drivers/Linux/net/wireless/trace.h:1536:1: error: expected declaration specifiers before 'TRACE_EVENT'
 1536 | TRACE_EVENT(rdev_connect,
      | ^~~~~~~~~~~
Drivers/Linux/net/wireless/trace.h:43:2: error: expected declaration specifiers before 'do'
   43 |  do {             \
      |  ^~
Drivers/Linux/net/wireless/trace.h:1553:3: note: in expansion of macro 'NETDEV_ASSIGN'
 1553 |   NETDEV_ASSIGN;
      |   ^~~~~~~~~~~~~
Drivers/Linux/net/wireless/trace.h:46:4: error: expected declaration specifiers before 'while'
   46 |  } while (0)
      |    ^~~~~
Drivers/Linux/net/wireless/trace.h:1553:3: note: in expansion of macro 'NETDEV_ASSIGN'
 1553 |   NETDEV_ASSIGN;
      |   ^~~~~~~~~~~~~
Drivers/Linux/net/wireless/trace.h:21:42: error: expected declaration specifiers before 'do'
   21 | #define MAC_ASSIGN(entry_mac, given_mac) do {        \
      |                                          ^~
Drivers/Linux/net/wireless/trace.h:1554:3: note: in expansion of macro 'MAC_ASSIGN'
 1554 |   MAC_ASSIGN(bssid, sme->bssid);
      |   ^~~~~~~~~~
Drivers/Linux/net/wireless/trace.h:26:4: error: expected declaration specifiers before 'while'
   26 |  } while (0)
      |    ^~~~~
Drivers/Linux/net/wireless/trace.h:1554:3: note: in expansion of macro 'MAC_ASSIGN'
 1554 |   MAC_ASSIGN(bssid, sme->bssid);
      |   ^~~~~~~~~~
Drivers/Linux/net/wireless/trace.h:1555:3: error: expected declaration specifiers before 'memset'
 1555 |   memset(__entry->ssid, 0, IEEE80211_MAX_SSID_LEN + 1);
      |   ^~~~~~
Drivers/Linux/net/wireless/trace.h:1556:3: error: expected declaration specifiers before 'memcpy'
 1556 |   memcpy(__entry->ssid, sme->ssid, sme->ssid_len);
      |   ^~~~~~
Drivers/Linux/net/wireless/trace.h:1557:3: error: expected declaration specifiers before '__entry'
 1557 |   __entry->auth_type = sme->auth_type;
      |   ^~~~~~~
Drivers/Linux/net/wireless/trace.h:1558:3: error: expected declaration specifiers before '__entry'
 1558 |   __entry->privacy = sme->privacy;
      |   ^~~~~~~
Drivers/Linux/net/wireless/trace.h:1559:3: error: expected declaration specifiers before '__entry'
 1559 |   __entry->wpa_versions = sme->crypto.wpa_versions;
      |   ^~~~~~~
Drivers/Linux/net/wireless/trace.h:1560:3: error: expected declaration specifiers before '__entry'
 1560 |   __entry->flags = sme->flags;
      |   ^~~~~~~
Drivers/Linux/net/wireless/trace.h:21:42: error: expected declaration specifiers before 'do'
   21 | #define MAC_ASSIGN(entry_mac, given_mac) do {        \
      |                                          ^~
Drivers/Linux/net/wireless/trace.h:1561:3: note: in expansion of macro 'MAC_ASSIGN'
 1561 |   MAC_ASSIGN(prev_bssid, sme->prev_bssid);
      |   ^~~~~~~~~~
Drivers/Linux/net/wireless/trace.h:26:4: error: expected declaration specifiers before 'while'
   26 |  } while (0)
      |    ^~~~~
Drivers/Linux/net/wireless/trace.h:1561:3: note: in expansion of macro 'MAC_ASSIGN'
 1561 |   MAC_ASSIGN(prev_bssid, sme->prev_bssid);
      |   ^~~~~~~~~~
Drivers/Linux/net/wireless/trace.h:1562:2: error: expected declaration specifiers before ')' token
 1562 |  ),
      |  ^
Drivers/Linux/net/wireless/trace.h:1571:1: error: expected declaration specifiers before 'TRACE_EVENT'
 1571 | TRACE_EVENT(rdev_update_connect_params,
      | ^~~~~~~~~~~
Drivers/Linux/net/wireless/trace.h:43:2: error: expected declaration specifiers before 'do'
   43 |  do {             \
      |  ^~
Drivers/Linux/net/wireless/trace.h:1582:3: note: in expansion of macro 'NETDEV_ASSIGN'
 1582 |   NETDEV_ASSIGN;
      |   ^~~~~~~~~~~~~
Drivers/Linux/net/wireless/trace.h:46:4: error: expected declaration specifiers before 'while'
   46 |  } while (0)
      |    ^~~~~
Drivers/Linux/net/wireless/trace.h:1582:3: note: in expansion of macro 'NETDEV_ASSIGN'
 1582 |   NETDEV_ASSIGN;
      |   ^~~~~~~~~~~~~
Drivers/Linux/net/wireless/trace.h:1583:3: error: expected declaration specifiers before '__entry'
 1583 |   __entry->changed = changed;
      |   ^~~~~~~
Drivers/Linux/net/wireless/trace.h:1584:2: error: expected declaration specifiers before ')' token
 1584 |  ),
      |  ^
Drivers/Linux/net/wireless/trace.h:1589:1: error: expected declaration specifiers before 'TRACE_EVENT'
 1589 | TRACE_EVENT(rdev_set_cqm_rssi_config,
      | ^~~~~~~~~~~
Drivers/Linux/net/wireless/trace.h:43:2: error: expected declaration specifiers before 'do'
   43 |  do {             \
      |  ^~
Drivers/Linux/net/wireless/trace.h:1602:3: note: in expansion of macro 'NETDEV_ASSIGN'
 1602 |   NETDEV_ASSIGN;
      |   ^~~~~~~~~~~~~
Drivers/Linux/net/wireless/trace.h:46:4: error: expected declaration specifiers before 'while'
   46 |  } while (0)
      |    ^~~~~
Drivers/Linux/net/wireless/trace.h:1602:3: note: in expansion of macro 'NETDEV_ASSIGN'
 1602 |   NETDEV_ASSIGN;
      |   ^~~~~~~~~~~~~
Drivers/Linux/net/wireless/trace.h:1603:3: error: expected declaration specifiers before '__entry'
 1603 |   __entry->rssi_thold = rssi_thold;
      |   ^~~~~~~
Drivers/Linux/net/wireless/trace.h:1604:3: error: expected declaration specifiers before '__entry'
 1604 |   __entry->rssi_hyst = rssi_hyst;
      |   ^~~~~~~
Drivers/Linux/net/wireless/trace.h:1605:2: error: expected declaration specifiers before ')' token
 1605 |  ),
      |  ^
Drivers/Linux/net/wireless/trace.h:1612:1: error: expected declaration specifiers before 'TRACE_EVENT'
 1612 | TRACE_EVENT(rdev_set_cqm_rssi_range_config,
      | ^~~~~~~~~~~
Drivers/Linux/net/wireless/trace.h:43:2: error: expected declaration specifiers before 'do'
   43 |  do {             \
      |  ^~
Drivers/Linux/net/wireless/trace.h:1624:3: note: in expansion of macro 'NETDEV_ASSIGN'
 1624 |   NETDEV_ASSIGN;
      |   ^~~~~~~~~~~~~
Drivers/Linux/net/wireless/trace.h:46:4: error: expected declaration specifiers before 'while'
   46 |  } while (0)
      |    ^~~~~
Drivers/Linux/net/wireless/trace.h:1624:3: note: in expansion of macro 'NETDEV_ASSIGN'
 1624 |   NETDEV_ASSIGN;
      |   ^~~~~~~~~~~~~
Drivers/Linux/net/wireless/trace.h:1625:3: error: expected declaration specifiers before '__entry'
 1625 |   __entry->rssi_low = low;
      |   ^~~~~~~
Drivers/Linux/net/wireless/trace.h:1626:3: error: expected declaration specifiers before '__entry'
 1626 |   __entry->rssi_high = high;
      |   ^~~~~~~
Drivers/Linux/net/wireless/trace.h:1627:2: error: expected declaration specifiers before ')' token
 1627 |  ),
      |  ^
Drivers/Linux/net/wireless/trace.h:1634:1: error: expected declaration specifiers before 'TRACE_EVENT'
 1634 | TRACE_EVENT(rdev_set_cqm_txe_config,
      | ^~~~~~~~~~~
Drivers/Linux/net/wireless/trace.h:43:2: error: expected declaration specifiers before 'do'
   43 |  do {             \
      |  ^~
Drivers/Linux/net/wireless/trace.h:1647:3: note: in expansion of macro 'NETDEV_ASSIGN'
 1647 |   NETDEV_ASSIGN;
      |   ^~~~~~~~~~~~~
Drivers/Linux/net/wireless/trace.h:46:4: error: expected declaration specifiers before 'while'
   46 |  } while (0)
      |    ^~~~~
Drivers/Linux/net/wireless/trace.h:1647:3: note: in expansion of macro 'NETDEV_ASSIGN'
 1647 |   NETDEV_ASSIGN;
      |   ^~~~~~~~~~~~~
Drivers/Linux/net/wireless/trace.h:1648:3: error: expected declaration specifiers before '__entry'
 1648 |   __entry->rate = rate;
      |   ^~~~~~~
Drivers/Linux/net/wireless/trace.h:1649:3: error: expected declaration specifiers before '__entry'
 1649 |   __entry->pkts = pkts;
      |   ^~~~~~~
Drivers/Linux/net/wireless/trace.h:1650:3: error: expected declaration specifiers before '__entry'
 1650 |   __entry->intvl = intvl;
      |   ^~~~~~~
Drivers/Linux/net/wireless/trace.h:1651:2: error: expected declaration specifiers before ')' token
 1651 |  ),
      |  ^
Drivers/Linux/net/wireless/trace.h:1657:1: error: expected declaration specifiers before 'TRACE_EVENT'
 1657 | TRACE_EVENT(rdev_disconnect,
      | ^~~~~~~~~~~
Drivers/Linux/net/wireless/trace.h:43:2: error: expected declaration specifiers before 'do'
   43 |  do {             \
      |  ^~
Drivers/Linux/net/wireless/trace.h:1668:3: note: in expansion of macro 'NETDEV_ASSIGN'
 1668 |   NETDEV_ASSIGN;
      |   ^~~~~~~~~~~~~
Drivers/Linux/net/wireless/trace.h:46:4: error: expected declaration specifiers before 'while'
   46 |  } while (0)
      |    ^~~~~
Drivers/Linux/net/wireless/trace.h:1668:3: note: in expansion of macro 'NETDEV_ASSIGN'
 1668 |   NETDEV_ASSIGN;
      |   ^~~~~~~~~~~~~
Drivers/Linux/net/wireless/trace.h:1669:3: error: expected declaration specifiers before '__entry'
 1669 |   __entry->reason_code = reason_code;
      |   ^~~~~~~
Drivers/Linux/net/wireless/trace.h:1670:2: error: expected declaration specifiers before ')' token
 1670 |  ),
      |  ^
Drivers/Linux/net/wireless/trace.h:1675:1: error: expected declaration specifiers before 'TRACE_EVENT'
 1675 | TRACE_EVENT(rdev_join_ibss,
      | ^~~~~~~~~~~
Drivers/Linux/net/wireless/trace.h:43:2: error: expected declaration specifiers before 'do'
   43 |  do {             \
      |  ^~
Drivers/Linux/net/wireless/trace.h:1687:3: note: in expansion of macro 'NETDEV_ASSIGN'
 1687 |   NETDEV_ASSIGN;
      |   ^~~~~~~~~~~~~
Drivers/Linux/net/wireless/trace.h:46:4: error: expected declaration specifiers before 'while'
   46 |  } while (0)
      |    ^~~~~
Drivers/Linux/net/wireless/trace.h:1687:3: note: in expansion of macro 'NETDEV_ASSIGN'
 1687 |   NETDEV_ASSIGN;
      |   ^~~~~~~~~~~~~
Drivers/Linux/net/wireless/trace.h:21:42: error: expected declaration specifiers before 'do'
   21 | #define MAC_ASSIGN(entry_mac, given_mac) do {        \
      |                                          ^~
Drivers/Linux/net/wireless/trace.h:1688:3: note: in expansion of macro 'MAC_ASSIGN'
 1688 |   MAC_ASSIGN(bssid, params->bssid);
      |   ^~~~~~~~~~
Drivers/Linux/net/wireless/trace.h:26:4: error: expected declaration specifiers before 'while'
   26 |  } while (0)
      |    ^~~~~
Drivers/Linux/net/wireless/trace.h:1688:3: note: in expansion of macro 'MAC_ASSIGN'
 1688 |   MAC_ASSIGN(bssid, params->bssid);
      |   ^~~~~~~~~~
Drivers/Linux/net/wireless/trace.h:1689:3: error: expected declaration specifiers before 'memset'
 1689 |   memset(__entry->ssid, 0, IEEE80211_MAX_SSID_LEN + 1);
      |   ^~~~~~
Drivers/Linux/net/wireless/trace.h:1690:3: error: expected declaration specifiers before 'memcpy'
 1690 |   memcpy(__entry->ssid, params->ssid, params->ssid_len);
      |   ^~~~~~
Drivers/Linux/net/wireless/trace.h:1691:2: error: expected declaration specifiers before ')' token
 1691 |  ),
      |  ^
Drivers/Linux/net/wireless/trace.h:1696:1: error: expected declaration specifiers before 'TRACE_EVENT'
 1696 | TRACE_EVENT(rdev_join_ocb,
      | ^~~~~~~~~~~
Drivers/Linux/net/wireless/trace.h:43:2: error: expected declaration specifiers before 'do'
   43 |  do {             \
      |  ^~
Drivers/Linux/net/wireless/trace.h:1706:3: note: in expansion of macro 'NETDEV_ASSIGN'
 1706 |   NETDEV_ASSIGN;
      |   ^~~~~~~~~~~~~
Drivers/Linux/net/wireless/trace.h:46:4: error: expected declaration specifiers before 'while'
   46 |  } while (0)
      |    ^~~~~
Drivers/Linux/net/wireless/trace.h:1706:3: note: in expansion of macro 'NETDEV_ASSIGN'
 1706 |   NETDEV_ASSIGN;
      |   ^~~~~~~~~~~~~
Drivers/Linux/net/wireless/trace.h:1707:2: error: expected declaration specifiers before ')' token
 1707 |  ),
      |  ^
Drivers/Linux/net/wireless/trace.h:1712:1: error: expected declaration specifiers before 'TRACE_EVENT'
 1712 | TRACE_EVENT(rdev_set_wiphy_params,
      | ^~~~~~~~~~~
Drivers/Linux/net/wireless/trace.h:1722:3: error: expected declaration specifiers before '__entry'
 1722 |   __entry->radio_idx = radio_idx;
      |   ^~~~~~~
Drivers/Linux/net/wireless/trace.h:1723:3: error: expected declaration specifiers before '__entry'
 1723 |   __entry->changed = changed;
      |   ^~~~~~~
Drivers/Linux/net/wireless/trace.h:1724:2: error: expected declaration specifiers before ')' token
 1724 |  ),
      |  ^
Drivers/Linux/net/wireless/trace.h:1729:1: error: expected declaration specifiers before 'DECLARE_EVENT_CLASS'
 1729 | DECLARE_EVENT_CLASS(wiphy_wdev_link_evt,
      | ^~~~~~~~~~~~~~~~~~~
Drivers/Linux/net/wireless/trace.h:35:21: error: expected declaration specifiers before '(' token
   35 | #define WDEV_ASSIGN (__entry->id) = (!IS_ERR_OR_NULL(wdev) \
      |                     ^
Drivers/Linux/net/wireless/trace.h:1740:3: note: in expansion of macro 'WDEV_ASSIGN'
 1740 |   WDEV_ASSIGN;
      |   ^~~~~~~~~~~
Drivers/Linux/net/wireless/trace.h:1741:3: error: expected declaration specifiers before '__entry'
 1741 |   __entry->link_id = link_id;
      |   ^~~~~~~
Drivers/Linux/net/wireless/trace.h:1742:2: error: expected declaration specifiers before ')' token
 1742 |  ),
      |  ^
Drivers/Linux/net/wireless/trace.h:1747:1: error: expected declaration specifiers before 'TRACE_EVENT'
 1747 | TRACE_EVENT(rdev_get_tx_power,
      | ^~~~~~~~~~~
Drivers/Linux/net/wireless/trace.h:35:21: error: expected declaration specifiers before '(' token
   35 | #define WDEV_ASSIGN (__entry->id) = (!IS_ERR_OR_NULL(wdev) \
      |                     ^
Drivers/Linux/net/wireless/trace.h:1759:3: note: in expansion of macro 'WDEV_ASSIGN'
 1759 |   WDEV_ASSIGN;
      |   ^~~~~~~~~~~
Drivers/Linux/net/wireless/trace.h:1760:3: error: expected declaration specifiers before '__entry'
 1760 |   __entry->radio_idx = radio_idx;
      |   ^~~~~~~
Drivers/Linux/net/wireless/trace.h:1761:3: error: expected declaration specifiers before '__entry'
 1761 |   __entry->link_id = link_id;
      |   ^~~~~~~
Drivers/Linux/net/wireless/trace.h:1762:2: error: expected declaration specifiers before ')' token
 1762 |  ),
      |  ^
Drivers/Linux/net/wireless/trace.h:1769:1: error: expected declaration specifiers before 'TRACE_EVENT'
 1769 | TRACE_EVENT(rdev_set_tx_power,
      | ^~~~~~~~~~~
Drivers/Linux/net/wireless/trace.h:35:21: error: expected declaration specifiers before '(' token
   35 | #define WDEV_ASSIGN (__entry->id) = (!IS_ERR_OR_NULL(wdev) \
      |                     ^
Drivers/Linux/net/wireless/trace.h:1783:3: note: in expansion of macro 'WDEV_ASSIGN'
 1783 |   WDEV_ASSIGN;
      |   ^~~~~~~~~~~
Drivers/Linux/net/wireless/trace.h:1784:3: error: expected declaration specifiers before '__entry'
 1784 |   __entry->radio_idx = radio_idx;
      |   ^~~~~~~
Drivers/Linux/net/wireless/trace.h:1785:3: error: expected declaration specifiers before '__entry'
 1785 |   __entry->type = type;
      |   ^~~~~~~
Drivers/Linux/net/wireless/trace.h:1786:3: error: expected declaration specifiers before '__entry'
 1786 |   __entry->mbm = mbm;
      |   ^~~~~~~
Drivers/Linux/net/wireless/trace.h:1787:2: error: expected declaration specifiers before ')' token
 1787 |  ),
      |  ^
Drivers/Linux/net/wireless/trace.h:1794:1: error: expected declaration specifiers before 'TRACE_EVENT'
 1794 | TRACE_EVENT(rdev_return_int_int,
      | ^~~~~~~~~~~
Drivers/Linux/net/wireless/trace.h:1804:3: error: expected declaration specifiers before '__entry'
 1804 |   __entry->func_ret = func_ret;
      |   ^~~~~~~
Drivers/Linux/net/wireless/trace.h:1805:3: error: expected declaration specifiers before '__entry'
 1805 |   __entry->func_fill = func_fill;
      |   ^~~~~~~
Drivers/Linux/net/wireless/trace.h:1806:2: error: expected declaration specifiers before ')' token
 1806 |  ),
      |  ^
Drivers/Linux/net/wireless/trace.h:1839:1: error: expected declaration specifiers before 'TRACE_EVENT'
 1839 | TRACE_EVENT(rdev_set_bitrate_mask,
      | ^~~~~~~~~~~
Drivers/Linux/net/wireless/trace.h:43:2: error: expected declaration specifiers before 'do'
   43 |  do {             \
      |  ^~
Drivers/Linux/net/wireless/trace.h:1852:3: note: in expansion of macro 'NETDEV_ASSIGN'
 1852 |   NETDEV_ASSIGN;
      |   ^~~~~~~~~~~~~
Drivers/Linux/net/wireless/trace.h:46:4: error: expected declaration specifiers before 'while'
   46 |  } while (0)
      |    ^~~~~
Drivers/Linux/net/wireless/trace.h:1852:3: note: in expansion of macro 'NETDEV_ASSIGN'
 1852 |   NETDEV_ASSIGN;
      |   ^~~~~~~~~~~~~
Drivers/Linux/net/wireless/trace.h:1853:3: error: expected declaration specifiers before '__entry'
 1853 |   __entry->link_id = link_id;
      |   ^~~~~~~
Drivers/Linux/net/wireless/trace.h:21:42: error: expected declaration specifiers before 'do'
   21 | #define MAC_ASSIGN(entry_mac, given_mac) do {        \
      |                                          ^~
Drivers/Linux/net/wireless/trace.h:1854:3: note: in expansion of macro 'MAC_ASSIGN'
 1854 |   MAC_ASSIGN(peer, peer);
      |   ^~~~~~~~~~
Drivers/Linux/net/wireless/trace.h:26:4: error: expected declaration specifiers before 'while'
   26 |  } while (0)
      |    ^~~~~
Drivers/Linux/net/wireless/trace.h:1854:3: note: in expansion of macro 'MAC_ASSIGN'
 1854 |   MAC_ASSIGN(peer, peer);
      |   ^~~~~~~~~~
Drivers/Linux/net/wireless/trace.h:1855:2: error: expected declaration specifiers before ')' token
 1855 |  ),
      |  ^
Drivers/Linux/net/wireless/trace.h:1861:1: error: expected declaration specifiers before 'TRACE_EVENT'
 1861 | TRACE_EVENT(rdev_update_mgmt_frame_registrations,
      | ^~~~~~~~~~~
Drivers/Linux/net/wireless/trace.h:35:21: error: expected declaration specifiers before '(' token
   35 | #define WDEV_ASSIGN (__entry->id) = (!IS_ERR_OR_NULL(wdev) \
      |                     ^
Drivers/Linux/net/wireless/trace.h:1873:3: note: in expansion of macro 'WDEV_ASSIGN'
 1873 |   WDEV_ASSIGN;
      |   ^~~~~~~~~~~
Drivers/Linux/net/wireless/trace.h:1874:3: error: expected declaration specifiers before '__entry'
 1874 |   __entry->global_stypes = upd->global_stypes;
      |   ^~~~~~~
Drivers/Linux/net/wireless/trace.h:1875:3: error: expected declaration specifiers before '__entry'
 1875 |   __entry->interface_stypes = upd->interface_stypes;
      |   ^~~~~~~
Drivers/Linux/net/wireless/trace.h:1876:2: error: expected declaration specifiers before ')' token
 1876 |  ),
      |  ^
Drivers/Linux/net/wireless/trace.h:1882:1: error: expected declaration specifiers before 'TRACE_EVENT'
 1882 | TRACE_EVENT(rdev_return_int_tx_rx,
      | ^~~~~~~~~~~
Drivers/Linux/net/wireless/trace.h:1893:3: error: expected declaration specifiers before '__entry'
 1893 |   __entry->ret = ret;
      |   ^~~~~~~
Drivers/Linux/net/wireless/trace.h:1894:3: error: expected declaration specifiers before '__entry'
 1894 |   __entry->tx = tx;
      |   ^~~~~~~
Drivers/Linux/net/wireless/trace.h:1895:3: error: expected declaration specifiers before '__entry'
 1895 |   __entry->rx = rx;
      |   ^~~~~~~
Drivers/Linux/net/wireless/trace.h:1896:2: error: expected declaration specifiers before ')' token
 1896 |  ),
      |  ^
Drivers/Linux/net/wireless/trace.h:1901:1: error: expected declaration specifiers before 'TRACE_EVENT'
 1901 | TRACE_EVENT(rdev_return_void_tx_rx,
      | ^~~~~~~~~~~
Drivers/Linux/net/wireless/trace.h:1914:3: error: expected declaration specifiers before '__entry'
 1914 |   __entry->tx = tx;
      |   ^~~~~~~
Drivers/Linux/net/wireless/trace.h:1915:3: error: expected declaration specifiers before '__entry'
 1915 |   __entry->tx_max = tx_max;
      |   ^~~~~~~
Drivers/Linux/net/wireless/trace.h:1916:3: error: expected declaration specifiers before '__entry'
 1916 |   __entry->rx = rx;
      |   ^~~~~~~
Drivers/Linux/net/wireless/trace.h:1917:3: error: expected declaration specifiers before '__entry'
 1917 |   __entry->rx_max = rx_max;
      |   ^~~~~~~
Drivers/Linux/net/wireless/trace.h:1918:2: error: expected declaration specifiers before ')' token
 1918 |  ),
      |  ^
Drivers/Linux/net/wireless/trace.h:1924:1: error: expected declaration specifiers before 'TRACE_EVENT'
 1924 | TRACE_EVENT(rdev_set_antenna,
      | ^~~~~~~~~~~
Drivers/Linux/net/wireless/trace.h:1935:3: error: expected declaration specifiers before '__entry'
 1935 |   __entry->radio_idx = radio_idx;
      |   ^~~~~~~
Drivers/Linux/net/wireless/trace.h:1936:3: error: expected declaration specifiers before '__entry'
 1936 |   __entry->tx = tx;
      |   ^~~~~~~
Drivers/Linux/net/wireless/trace.h:1937:3: error: expected declaration specifiers before '__entry'
 1937 |   __entry->rx = rx;
      |   ^~~~~~~
Drivers/Linux/net/wireless/trace.h:1938:2: error: expected declaration specifiers before ')' token
 1938 |  ),
      |  ^
Drivers/Linux/net/wireless/trace.h:1944:1: error: expected declaration specifiers before 'DECLARE_EVENT_CLASS'
 1944 | DECLARE_EVENT_CLASS(wiphy_netdev_id_evt,
      | ^~~~~~~~~~~~~~~~~~~
Drivers/Linux/net/wireless/trace.h:43:2: error: expected declaration specifiers before 'do'
   43 |  do {             \
      |  ^~
Drivers/Linux/net/wireless/trace.h:1954:3: note: in expansion of macro 'NETDEV_ASSIGN'
 1954 |   NETDEV_ASSIGN;
      |   ^~~~~~~~~~~~~
Drivers/Linux/net/wireless/trace.h:46:4: error: expected declaration specifiers before 'while'
   46 |  } while (0)
      |    ^~~~~
Drivers/Linux/net/wireless/trace.h:1954:3: note: in expansion of macro 'NETDEV_ASSIGN'
 1954 |   NETDEV_ASSIGN;
      |   ^~~~~~~~~~~~~
Drivers/Linux/net/wireless/trace.h:1955:3: error: expected declaration specifiers before '__entry'
 1955 |   __entry->id = id;
      |   ^~~~~~~
Drivers/Linux/net/wireless/trace.h:1956:2: error: expected declaration specifiers before ')' token
 1956 |  ),
      |  ^
Drivers/Linux/net/wireless/trace.h:1961:1: error: expected declaration specifiers before 'DEFINE_EVENT'
 1961 | DEFINE_EVENT(wiphy_netdev_id_evt, rdev_sched_scan_start,
      | ^~~~~~~~~~~~
Drivers/Linux/net/wireless/trace.h:1966:1: error: expected declaration specifiers before 'DEFINE_EVENT'
 1966 | DEFINE_EVENT(wiphy_netdev_id_evt, rdev_sched_scan_stop,
      | ^~~~~~~~~~~~
Drivers/Linux/net/wireless/trace.h:1971:1: error: expected declaration specifiers before 'TRACE_EVENT'
 1971 | TRACE_EVENT(rdev_tdls_mgmt,
      | ^~~~~~~~~~~
Drivers/Linux/net/wireless/trace.h:43:2: error: expected declaration specifiers before 'do'
   43 |  do {             \
      |  ^~
Drivers/Linux/net/wireless/trace.h:1992:3: note: in expansion of macro 'NETDEV_ASSIGN'
 1992 |   NETDEV_ASSIGN;
      |   ^~~~~~~~~~~~~
Drivers/Linux/net/wireless/trace.h:46:4: error: expected declaration specifiers before 'while'
   46 |  } while (0)
      |    ^~~~~
Drivers/Linux/net/wireless/trace.h:1992:3: note: in expansion of macro 'NETDEV_ASSIGN'
 1992 |   NETDEV_ASSIGN;
      |   ^~~~~~~~~~~~~
Drivers/Linux/net/wireless/trace.h:21:42: error: expected declaration specifiers before 'do'
   21 | #define MAC_ASSIGN(entry_mac, given_mac) do {        \
      |                                          ^~
Drivers/Linux/net/wireless/trace.h:1993:3: note: in expansion of macro 'MAC_ASSIGN'
 1993 |   MAC_ASSIGN(peer, peer);
      |   ^~~~~~~~~~
Drivers/Linux/net/wireless/trace.h:26:4: error: expected declaration specifiers before 'while'
   26 |  } while (0)
      |    ^~~~~
Drivers/Linux/net/wireless/trace.h:1993:3: note: in expansion of macro 'MAC_ASSIGN'
 1993 |   MAC_ASSIGN(peer, peer);
      |   ^~~~~~~~~~
Drivers/Linux/net/wireless/trace.h:1994:3: error: expected declaration specifiers before '__entry'
 1994 |   __entry->link_id = link_id;
      |   ^~~~~~~
Drivers/Linux/net/wireless/trace.h:1995:3: error: expected declaration specifiers before '__entry'
 1995 |   __entry->action_code = action_code;
      |   ^~~~~~~
Drivers/Linux/net/wireless/trace.h:1996:3: error: expected declaration specifiers before '__entry'
 1996 |   __entry->dialog_token = dialog_token;
      |   ^~~~~~~
Drivers/Linux/net/wireless/trace.h:1997:3: error: expected declaration specifiers before '__entry'
 1997 |   __entry->status_code = status_code;
      |   ^~~~~~~
Drivers/Linux/net/wireless/trace.h:1998:3: error: expected declaration specifiers before '__entry'
 1998 |   __entry->peer_capability = peer_capability;
      |   ^~~~~~~
Drivers/Linux/net/wireless/trace.h:1999:3: error: expected declaration specifiers before '__entry'
 1999 |   __entry->initiator = initiator;
      |   ^~~~~~~
Drivers/Linux/net/wireless/trace.h:2000:3: error: expected declaration specifiers before 'memcpy'
 2000 |   memcpy(__get_dynamic_array(buf), buf, len);
      |   ^~~~~~
Drivers/Linux/net/wireless/trace.h:2001:2: error: expected declaration specifiers before ')' token
 2001 |  ),
      |  ^
Drivers/Linux/net/wireless/trace.h:2013:1: error: expected declaration specifiers before 'TRACE_EVENT'
 2013 | TRACE_EVENT(rdev_dump_survey,
      | ^~~~~~~~~~~
Drivers/Linux/net/wireless/trace.h:43:2: error: expected declaration specifiers before 'do'
   43 |  do {             \
      |  ^~
Drivers/Linux/net/wireless/trace.h:2023:3: note: in expansion of macro 'NETDEV_ASSIGN'
 2023 |   NETDEV_ASSIGN;
      |   ^~~~~~~~~~~~~
Drivers/Linux/net/wireless/trace.h:46:4: error: expected declaration specifiers before 'while'
   46 |  } while (0)
      |    ^~~~~
Drivers/Linux/net/wireless/trace.h:2023:3: note: in expansion of macro 'NETDEV_ASSIGN'
 2023 |   NETDEV_ASSIGN;
      |   ^~~~~~~~~~~~~
Drivers/Linux/net/wireless/trace.h:2024:3: error: expected declaration specifiers before '__entry'
 2024 |   __entry->idx = _idx;
      |   ^~~~~~~
Drivers/Linux/net/wireless/trace.h:2025:2: error: expected declaration specifiers before ')' token
 2025 |  ),
      |  ^
Drivers/Linux/net/wireless/trace.h:2030:1: error: expected declaration specifiers before 'TRACE_EVENT'
 2030 | TRACE_EVENT(rdev_return_int_survey_info,
      | ^~~~~~~~~~~
Drivers/Linux/net/wireless/trace.h:123:2: error: expected declaration specifiers before 'do'
  123 |  do {         \
      |  ^~
Drivers/Linux/net/wireless/trace.h:2048:3: note: in expansion of macro 'CHAN_ASSIGN'
 2048 |   CHAN_ASSIGN(info->channel);
      |   ^~~~~~~~~~~
Drivers/Linux/net/wireless/trace.h:133:4: error: expected declaration specifiers before 'while'
  133 |  } while (0)
      |    ^~~~~
Drivers/Linux/net/wireless/trace.h:2048:3: note: in expansion of macro 'CHAN_ASSIGN'
 2048 |   CHAN_ASSIGN(info->channel);
      |   ^~~~~~~~~~~
Drivers/Linux/net/wireless/trace.h:2049:3: error: expected declaration specifiers before '__entry'
 2049 |   __entry->ret = ret;
      |   ^~~~~~~
Drivers/Linux/net/wireless/trace.h:2050:3: error: expected declaration specifiers before '__entry'
 2050 |   __entry->time = info->time;
      |   ^~~~~~~
Drivers/Linux/net/wireless/trace.h:2051:3: error: expected declaration specifiers before '__entry'
 2051 |   __entry->time_busy = info->time_busy;
      |   ^~~~~~~
Drivers/Linux/net/wireless/trace.h:2052:3: error: expected declaration specifiers before '__entry'
 2052 |   __entry->time_ext_busy = info->time_ext_busy;
      |   ^~~~~~~
Drivers/Linux/net/wireless/trace.h:2053:3: error: expected declaration specifiers before '__entry'
 2053 |   __entry->time_rx = info->time_rx;
      |   ^~~~~~~
Drivers/Linux/net/wireless/trace.h:2054:3: error: expected declaration specifiers before '__entry'
 2054 |   __entry->time_tx = info->time_tx;
      |   ^~~~~~~
Drivers/Linux/net/wireless/trace.h:2055:3: error: expected declaration specifiers before '__entry'
 2055 |   __entry->time_scan = info->time_scan;
      |   ^~~~~~~
Drivers/Linux/net/wireless/trace.h:2056:3: error: expected declaration specifiers before '__entry'
 2056 |   __entry->filled = info->filled;
      |   ^~~~~~~
Drivers/Linux/net/wireless/trace.h:2057:3: error: expected declaration specifiers before '__entry'
 2057 |   __entry->noise = info->noise;
      |   ^~~~~~~
Drivers/Linux/net/wireless/trace.h:2058:2: error: expected declaration specifiers before ')' token
 2058 |  ),
      |  ^
Drivers/Linux/net/wireless/trace.h:2070:1: error: expected declaration specifiers before 'TRACE_EVENT'
 2070 | TRACE_EVENT(rdev_tdls_oper,
      | ^~~~~~~~~~~
Drivers/Linux/net/wireless/trace.h:43:2: error: expected declaration specifiers before 'do'
   43 |  do {             \
      |  ^~
Drivers/Linux/net/wireless/trace.h:2082:3: note: in expansion of macro 'NETDEV_ASSIGN'
 2082 |   NETDEV_ASSIGN;
      |   ^~~~~~~~~~~~~
Drivers/Linux/net/wireless/trace.h:46:4: error: expected declaration specifiers before 'while'
   46 |  } while (0)
      |    ^~~~~
Drivers/Linux/net/wireless/trace.h:2082:3: note: in expansion of macro 'NETDEV_ASSIGN'
 2082 |   NETDEV_ASSIGN;
      |   ^~~~~~~~~~~~~
Drivers/Linux/net/wireless/trace.h:21:42: error: expected declaration specifiers before 'do'
   21 | #define MAC_ASSIGN(entry_mac, given_mac) do {        \
      |                                          ^~
Drivers/Linux/net/wireless/trace.h:2083:3: note: in expansion of macro 'MAC_ASSIGN'
 2083 |   MAC_ASSIGN(peer, peer);
      |   ^~~~~~~~~~
Drivers/Linux/net/wireless/trace.h:26:4: error: expected declaration specifiers before 'while'
   26 |  } while (0)
      |    ^~~~~
Drivers/Linux/net/wireless/trace.h:2083:3: note: in expansion of macro 'MAC_ASSIGN'
 2083 |   MAC_ASSIGN(peer, peer);
      |   ^~~~~~~~~~
Drivers/Linux/net/wireless/trace.h:2084:3: error: expected declaration specifiers before '__entry'
 2084 |   __entry->oper = oper;
      |   ^~~~~~~
Drivers/Linux/net/wireless/trace.h:2085:2: error: expected declaration specifiers before ')' token
 2085 |  ),
      |  ^
Drivers/Linux/net/wireless/trace.h:2090:1: error: expected declaration specifiers before 'DECLARE_EVENT_CLASS'
 2090 | DECLARE_EVENT_CLASS(rdev_pmksa,
      | ^~~~~~~~~~~~~~~~~~~
Drivers/Linux/net/wireless/trace.h:43:2: error: expected declaration specifiers before 'do'
   43 |  do {             \
      |  ^~
Drivers/Linux/net/wireless/trace.h:2101:3: note: in expansion of macro 'NETDEV_ASSIGN'
 2101 |   NETDEV_ASSIGN;
      |   ^~~~~~~~~~~~~
Drivers/Linux/net/wireless/trace.h:46:4: error: expected declaration specifiers before 'while'
   46 |  } while (0)
      |    ^~~~~
Drivers/Linux/net/wireless/trace.h:2101:3: note: in expansion of macro 'NETDEV_ASSIGN'
 2101 |   NETDEV_ASSIGN;
      |   ^~~~~~~~~~~~~
Drivers/Linux/net/wireless/trace.h:21:42: error: expected declaration specifiers before 'do'
   21 | #define MAC_ASSIGN(entry_mac, given_mac) do {        \
      |                                          ^~
Drivers/Linux/net/wireless/trace.h:2102:3: note: in expansion of macro 'MAC_ASSIGN'
 2102 |   MAC_ASSIGN(bssid, pmksa->bssid);
      |   ^~~~~~~~~~
Drivers/Linux/net/wireless/trace.h:26:4: error: expected declaration specifiers before 'while'
   26 |  } while (0)
      |    ^~~~~
Drivers/Linux/net/wireless/trace.h:2102:3: note: in expansion of macro 'MAC_ASSIGN'
 2102 |   MAC_ASSIGN(bssid, pmksa->bssid);
      |   ^~~~~~~~~~
Drivers/Linux/net/wireless/trace.h:2103:2: error: expected declaration specifiers before ')' token
 2103 |  ),
      |  ^
Drivers/Linux/net/wireless/trace.h:2108:1: error: expected declaration specifiers before 'TRACE_EVENT'
 2108 | TRACE_EVENT(rdev_probe_client,
      | ^~~~~~~~~~~
Drivers/Linux/net/wireless/trace.h:43:2: error: expected declaration specifiers before 'do'
   43 |  do {             \
      |  ^~
Drivers/Linux/net/wireless/trace.h:2119:3: note: in expansion of macro 'NETDEV_ASSIGN'
 2119 |   NETDEV_ASSIGN;
      |   ^~~~~~~~~~~~~
Drivers/Linux/net/wireless/trace.h:46:4: error: expected declaration specifiers before 'while'
   46 |  } while (0)
      |    ^~~~~
Drivers/Linux/net/wireless/trace.h:2119:3: note: in expansion of macro 'NETDEV_ASSIGN'
 2119 |   NETDEV_ASSIGN;
      |   ^~~~~~~~~~~~~
Drivers/Linux/net/wireless/trace.h:21:42: error: expected declaration specifiers before 'do'
   21 | #define MAC_ASSIGN(entry_mac, given_mac) do {        \
      |                                          ^~
Drivers/Linux/net/wireless/trace.h:2120:3: note: in expansion of macro 'MAC_ASSIGN'
 2120 |   MAC_ASSIGN(peer, peer);
      |   ^~~~~~~~~~
Drivers/Linux/net/wireless/trace.h:26:4: error: expected declaration specifiers before 'while'
   26 |  } while (0)
      |    ^~~~~
Drivers/Linux/net/wireless/trace.h:2120:3: note: in expansion of macro 'MAC_ASSIGN'
 2120 |   MAC_ASSIGN(peer, peer);
      |   ^~~~~~~~~~
Drivers/Linux/net/wireless/trace.h:2121:2: error: expected declaration specifiers before ')' token
 2121 |  ),
      |  ^
Drivers/Linux/net/wireless/trace.h:2126:1: error: expected declaration specifiers before 'DEFINE_EVENT'
 2126 | DEFINE_EVENT(rdev_pmksa, rdev_set_pmksa,
      | ^~~~~~~~~~~~
Drivers/Linux/net/wireless/trace.h:2132:1: error: expected declaration specifiers before 'DEFINE_EVENT'
 2132 | DEFINE_EVENT(rdev_pmksa, rdev_del_pmksa,
      | ^~~~~~~~~~~~
Drivers/Linux/net/wireless/trace.h:2138:1: error: expected declaration specifiers before 'TRACE_EVENT'
 2138 | TRACE_EVENT(rdev_remain_on_channel,
      | ^~~~~~~~~~~
Drivers/Linux/net/wireless/trace.h:35:21: error: expected declaration specifiers before '(' token
   35 | #define WDEV_ASSIGN (__entry->id) = (!IS_ERR_OR_NULL(wdev) \
      |                     ^
Drivers/Linux/net/wireless/trace.h:2151:3: note: in expansion of macro 'WDEV_ASSIGN'
 2151 |   WDEV_ASSIGN;
      |   ^~~~~~~~~~~
Drivers/Linux/net/wireless/trace.h:123:2: error: expected declaration specifiers before 'do'
  123 |  do {         \
      |  ^~
Drivers/Linux/net/wireless/trace.h:2152:3: note: in expansion of macro 'CHAN_ASSIGN'
 2152 |   CHAN_ASSIGN(chan);
      |   ^~~~~~~~~~~
Drivers/Linux/net/wireless/trace.h:133:4: error: expected declaration specifiers before 'while'
  133 |  } while (0)
      |    ^~~~~
Drivers/Linux/net/wireless/trace.h:2152:3: note: in expansion of macro 'CHAN_ASSIGN'
 2152 |   CHAN_ASSIGN(chan);
      |   ^~~~~~~~~~~
Drivers/Linux/net/wireless/trace.h:2153:3: error: expected declaration specifiers before '__entry'
 2153 |   __entry->duration = duration;
      |   ^~~~~~~
Drivers/Linux/net/wireless/trace.h:2154:2: error: expected declaration specifiers before ')' token
 2154 |  ),
      |  ^
Drivers/Linux/net/wireless/trace.h:2159:1: error: expected declaration specifiers before 'TRACE_EVENT'
 2159 | TRACE_EVENT(rdev_return_int_cookie,
      | ^~~~~~~~~~~
Drivers/Linux/net/wireless/trace.h:2169:3: error: expected declaration specifiers before '__entry'
 2169 |   __entry->ret = ret;
      |   ^~~~~~~
Drivers/Linux/net/wireless/trace.h:2170:3: error: expected declaration specifiers before '__entry'
 2170 |   __entry->cookie = cookie;
      |   ^~~~~~~
Drivers/Linux/net/wireless/trace.h:2171:2: error: expected declaration specifiers before ')' token
 2171 |  ),
      |  ^
Drivers/Linux/net/wireless/trace.h:2176:1: error: expected declaration specifiers before 'TRACE_EVENT'
 2176 | TRACE_EVENT(rdev_cancel_remain_on_channel,
      | ^~~~~~~~~~~
Drivers/Linux/net/wireless/trace.h:35:21: error: expected declaration specifiers before '(' token
   35 | #define WDEV_ASSIGN (__entry->id) = (!IS_ERR_OR_NULL(wdev) \
      |                     ^
Drivers/Linux/net/wireless/trace.h:2186:3: note: in expansion of macro 'WDEV_ASSIGN'
 2186 |   WDEV_ASSIGN;
      |   ^~~~~~~~~~~
Drivers/Linux/net/wireless/trace.h:2187:3: error: expected declaration specifiers before '__entry'
 2187 |   __entry->cookie = cookie;
      |   ^~~~~~~
Drivers/Linux/net/wireless/trace.h:2188:2: error: expected declaration specifiers before ')' token
 2188 |  ),
      |  ^
Drivers/Linux/net/wireless/trace.h:2193:1: error: expected declaration specifiers before 'TRACE_EVENT'
 2193 | TRACE_EVENT(rdev_mgmt_tx,
      | ^~~~~~~~~~~
Drivers/Linux/net/wireless/trace.h:35:21: error: expected declaration specifiers before '(' token
   35 | #define WDEV_ASSIGN (__entry->id) = (!IS_ERR_OR_NULL(wdev) \
      |                     ^
Drivers/Linux/net/wireless/trace.h:2208:3: note: in expansion of macro 'WDEV_ASSIGN'
 2208 |   WDEV_ASSIGN;
      |   ^~~~~~~~~~~
Drivers/Linux/net/wireless/trace.h:123:2: error: expected declaration specifiers before 'do'
  123 |  do {         \
      |  ^~
Drivers/Linux/net/wireless/trace.h:2209:3: note: in expansion of macro 'CHAN_ASSIGN'
 2209 |   CHAN_ASSIGN(params->chan);
      |   ^~~~~~~~~~~
Drivers/Linux/net/wireless/trace.h:133:4: error: expected declaration specifiers before 'while'
  133 |  } while (0)
      |    ^~~~~
Drivers/Linux/net/wireless/trace.h:2209:3: note: in expansion of macro 'CHAN_ASSIGN'
 2209 |   CHAN_ASSIGN(params->chan);
      |   ^~~~~~~~~~~
Drivers/Linux/net/wireless/trace.h:2210:3: error: expected declaration specifiers before '__entry'
 2210 |   __entry->offchan = params->offchan;
      |   ^~~~~~~
Drivers/Linux/net/wireless/trace.h:2211:3: error: expected declaration specifiers before '__entry'
 2211 |   __entry->wait = params->wait;
      |   ^~~~~~~
Drivers/Linux/net/wireless/trace.h:2212:3: error: expected declaration specifiers before '__entry'
 2212 |   __entry->no_cck = params->no_cck;
      |   ^~~~~~~
Drivers/Linux/net/wireless/trace.h:2213:3: error: expected declaration specifiers before '__entry'
 2213 |   __entry->dont_wait_for_ack = params->dont_wait_for_ack;
      |   ^~~~~~~
Drivers/Linux/net/wireless/trace.h:2214:2: error: expected declaration specifiers before ')' token
 2214 |  ),
      |  ^
Drivers/Linux/net/wireless/trace.h:2223:1: error: expected declaration specifiers before 'TRACE_EVENT'
 2223 | TRACE_EVENT(rdev_tx_control_port,
      | ^~~~~~~~~~~
Drivers/Linux/net/wireless/trace.h:43:2: error: expected declaration specifiers before 'do'
   43 |  do {             \
      |  ^~
Drivers/Linux/net/wireless/trace.h:2238:3: note: in expansion of macro 'NETDEV_ASSIGN'
 2238 |   NETDEV_ASSIGN;
      |   ^~~~~~~~~~~~~
Drivers/Linux/net/wireless/trace.h:46:4: error: expected declaration specifiers before 'while'
   46 |  } while (0)
      |    ^~~~~
Drivers/Linux/net/wireless/trace.h:2238:3: note: in expansion of macro 'NETDEV_ASSIGN'
 2238 |   NETDEV_ASSIGN;
      |   ^~~~~~~~~~~~~
Drivers/Linux/net/wireless/trace.h:21:42: error: expected declaration specifiers before 'do'
   21 | #define MAC_ASSIGN(entry_mac, given_mac) do {        \
      |                                          ^~
Drivers/Linux/net/wireless/trace.h:2239:3: note: in expansion of macro 'MAC_ASSIGN'
 2239 |   MAC_ASSIGN(dest, dest);
      |   ^~~~~~~~~~
Drivers/Linux/net/wireless/trace.h:26:4: error: expected declaration specifiers before 'while'
   26 |  } while (0)
      |    ^~~~~
Drivers/Linux/net/wireless/trace.h:2239:3: note: in expansion of macro 'MAC_ASSIGN'
 2239 |   MAC_ASSIGN(dest, dest);
      |   ^~~~~~~~~~
Drivers/Linux/net/wireless/trace.h:2240:3: error: expected declaration specifiers before '__entry'
 2240 |   __entry->proto = proto;
      |   ^~~~~~~
Drivers/Linux/net/wireless/trace.h:2241:3: error: expected declaration specifiers before '__entry'
 2241 |   __entry->unencrypted = unencrypted;
      |   ^~~~~~~
Drivers/Linux/net/wireless/trace.h:2242:3: error: expected declaration specifiers before '__entry'
 2242 |   __entry->link_id = link_id;
      |   ^~~~~~~
Drivers/Linux/net/wireless/trace.h:2243:2: error: expected declaration specifiers before ')' token
 2243 |  ),
      |  ^
Drivers/Linux/net/wireless/trace.h:2252:1: error: expected declaration specifiers before 'TRACE_EVENT'
 2252 | TRACE_EVENT(rdev_set_noack_map,
      | ^~~~~~~~~~~
Drivers/Linux/net/wireless/trace.h:43:2: error: expected declaration specifiers before 'do'
   43 |  do {             \
      |  ^~
Drivers/Linux/net/wireless/trace.h:2263:3: note: in expansion of macro 'NETDEV_ASSIGN'
 2263 |   NETDEV_ASSIGN;
      |   ^~~~~~~~~~~~~
Drivers/Linux/net/wireless/trace.h:46:4: error: expected declaration specifiers before 'while'
   46 |  } while (0)
      |    ^~~~~
Drivers/Linux/net/wireless/trace.h:2263:3: note: in expansion of macro 'NETDEV_ASSIGN'
 2263 |   NETDEV_ASSIGN;
      |   ^~~~~~~~~~~~~
Drivers/Linux/net/wireless/trace.h:2264:3: error: expected declaration specifiers before '__entry'
 2264 |   __entry->noack_map = noack_map;
      |   ^~~~~~~
Drivers/Linux/net/wireless/trace.h:2265:2: error: expected declaration specifiers before ')' token
 2265 |  ),
      |  ^
Drivers/Linux/net/wireless/trace.h:2269:1: error: expected declaration specifiers before 'DEFINE_EVENT'
 2269 | DEFINE_EVENT(wiphy_wdev_link_evt, rdev_get_channel,
      | ^~~~~~~~~~~~
Drivers/Linux/net/wireless/trace.h:2275:1: error: expected declaration specifiers before 'TRACE_EVENT'
 2275 | TRACE_EVENT(rdev_return_chandef,
      | ^~~~~~~~~~~
Drivers/Linux/net/wireless/trace.h:2286:3: error: expected declaration specifiers before 'if'
 2286 |   if (ret == 0)
      |   ^~
Drivers/Linux/net/wireless/trace.h:168:4: error: expected declaration specifiers before 'while'
  168 |  } while (0)
      |    ^~~~~
Drivers/Linux/net/wireless/trace.h:2287:4: note: in expansion of macro 'CHAN_DEF_ASSIGN'
 2287 |    CHAN_DEF_ASSIGN(chandef);
      |    ^~~~~~~~~~~~~~~
Drivers/Linux/net/wireless/trace.h:2288:3: error: expected declaration specifiers before 'else'
 2288 |   else
      |   ^~~~
Drivers/Linux/net/wireless/trace.h:168:4: error: expected declaration specifiers before 'while'
  168 |  } while (0)
      |    ^~~~~
Drivers/Linux/net/wireless/trace.h:2289:4: note: in expansion of macro 'CHAN_DEF_ASSIGN'
 2289 |    CHAN_DEF_ASSIGN((struct cfg80211_chan_def *)NULL);
      |    ^~~~~~~~~~~~~~~
Drivers/Linux/net/wireless/trace.h:2290:3: error: expected declaration specifiers before '__entry'
 2290 |   __entry->ret = ret;
      |   ^~~~~~~
Drivers/Linux/net/wireless/trace.h:2291:2: error: expected declaration specifiers before ')' token
 2291 |  ),
      |  ^
Drivers/Linux/net/wireless/trace.h:2296:1: error: expected declaration specifiers before 'DEFINE_EVENT'
 2296 | DEFINE_EVENT(wiphy_wdev_evt, rdev_start_p2p_device,
      | ^~~~~~~~~~~~
Drivers/Linux/net/wireless/trace.h:2301:1: error: expected declaration specifiers before 'DEFINE_EVENT'
 2301 | DEFINE_EVENT(wiphy_wdev_evt, rdev_stop_p2p_device,
      | ^~~~~~~~~~~~
Drivers/Linux/net/wireless/trace.h:2306:1: error: expected declaration specifiers before 'TRACE_EVENT'
 2306 | TRACE_EVENT(rdev_start_nan,
      | ^~~~~~~~~~~
Drivers/Linux/net/wireless/trace.h:35:21: error: expected declaration specifiers before '(' token
   35 | #define WDEV_ASSIGN (__entry->id) = (!IS_ERR_OR_NULL(wdev) \
      |                     ^
Drivers/Linux/net/wireless/trace.h:2318:3: note: in expansion of macro 'WDEV_ASSIGN'
 2318 |   WDEV_ASSIGN;
      |   ^~~~~~~~~~~
Drivers/Linux/net/wireless/trace.h:2319:3: error: expected declaration specifiers before '__entry'
 2319 |   __entry->master_pref = conf->master_pref;
      |   ^~~~~~~
Drivers/Linux/net/wireless/trace.h:2320:3: error: expected declaration specifiers before '__entry'
 2320 |   __entry->bands = conf->bands;
      |   ^~~~~~~
Drivers/Linux/net/wireless/trace.h:2321:2: error: expected declaration specifiers before ')' token
 2321 |  ),
      |  ^
Drivers/Linux/net/wireless/trace.h:2328:1: error: expected declaration specifiers before 'TRACE_EVENT'
 2328 | TRACE_EVENT(rdev_nan_change_conf,
      | ^~~~~~~~~~~
Drivers/Linux/net/wireless/trace.h:35:21: error: expected declaration specifiers before '(' token
   35 | #define WDEV_ASSIGN (__entry->id) = (!IS_ERR_OR_NULL(wdev) \
      |                     ^
Drivers/Linux/net/wireless/trace.h:2341:3: note: in expansion of macro 'WDEV_ASSIGN'
 2341 |   WDEV_ASSIGN;
      |   ^~~~~~~~~~~
Drivers/Linux/net/wireless/trace.h:2342:3: error: expected declaration specifiers before '__entry'
 2342 |   __entry->master_pref = conf->master_pref;
      |   ^~~~~~~
Drivers/Linux/net/wireless/trace.h:2343:3: error: expected declaration specifiers before '__entry'
 2343 |   __entry->bands = conf->bands;
      |   ^~~~~~~
Drivers/Linux/net/wireless/trace.h:2344:3: error: expected declaration specifiers before '__entry'
 2344 |   __entry->changes = changes;
      |   ^~~~~~~
Drivers/Linux/net/wireless/trace.h:2345:2: error: expected declaration specifiers before ')' token
 2345 |  ),
      |  ^
Drivers/Linux/net/wireless/trace.h:2352:1: error: expected declaration specifiers before 'DEFINE_EVENT'
 2352 | DEFINE_EVENT(wiphy_wdev_evt, rdev_stop_nan,
      | ^~~~~~~~~~~~
Drivers/Linux/net/wireless/trace.h:2357:1: error: expected declaration specifiers before 'TRACE_EVENT'
 2357 | TRACE_EVENT(rdev_add_nan_func,
      | ^~~~~~~~~~~
Drivers/Linux/net/wireless/trace.h:35:21: error: expected declaration specifiers before '(' token
   35 | #define WDEV_ASSIGN (__entry->id) = (!IS_ERR_OR_NULL(wdev) \
      |                     ^
Drivers/Linux/net/wireless/trace.h:2369:3: note: in expansion of macro 'WDEV_ASSIGN'
 2369 |   WDEV_ASSIGN;
      |   ^~~~~~~~~~~
Drivers/Linux/net/wireless/trace.h:2370:3: error: expected declaration specifiers before '__entry'
 2370 |   __entry->func_type = func->type;
      |   ^~~~~~~
Drivers/Linux/net/wireless/trace.h:2371:3: error: expected declaration specifiers before '__entry'
 2371 |   __entry->cookie = func->cookie
      |   ^~~~~~~
Drivers/Linux/net/wireless/trace.h:2378:1: error: expected declaration specifiers before 'TRACE_EVENT'
 2378 | TRACE_EVENT(rdev_del_nan_func,
      | ^~~~~~~~~~~
Drivers/Linux/net/wireless/trace.h:35:21: error: expected declaration specifiers before '(' token
   35 | #define WDEV_ASSIGN (__entry->id) = (!IS_ERR_OR_NULL(wdev) \
      |                     ^
Drivers/Linux/net/wireless/trace.h:2389:3: note: in expansion of macro 'WDEV_ASSIGN'
 2389 |   WDEV_ASSIGN;
      |   ^~~~~~~~~~~
Drivers/Linux/net/wireless/trace.h:2390:3: error: expected declaration specifiers before '__entry'
 2390 |   __entry->cookie = cookie;
      |   ^~~~~~~
Drivers/Linux/net/wireless/trace.h:2391:2: error: expected declaration specifiers before ')' token
 2391 |  ),
      |  ^
Drivers/Linux/net/wireless/trace.h:2396:1: error: expected declaration specifiers before 'TRACE_EVENT'
 2396 | TRACE_EVENT(rdev_set_mac_acl,
      | ^~~~~~~~~~~
Drivers/Linux/net/wireless/trace.h:43:2: error: expected declaration specifiers before 'do'
   43 |  do {             \
      |  ^~
Drivers/Linux/net/wireless/trace.h:2407:3: note: in expansion of macro 'NETDEV_ASSIGN'
 2407 |   NETDEV_ASSIGN;
      |   ^~~~~~~~~~~~~
Drivers/Linux/net/wireless/trace.h:46:4: error: expected declaration specifiers before 'while'
   46 |  } while (0)
      |    ^~~~~
Drivers/Linux/net/wireless/trace.h:2407:3: note: in expansion of macro 'NETDEV_ASSIGN'
 2407 |   NETDEV_ASSIGN;
      |   ^~~~~~~~~~~~~
Drivers/Linux/net/wireless/trace.h:2408:3: error: expected declaration specifiers before '__entry'
 2408 |   __entry->acl_policy = params->acl_policy;
      |   ^~~~~~~
Drivers/Linux/net/wireless/trace.h:2409:2: error: expected declaration specifiers before ')' token
 2409 |  ),
      |  ^
Drivers/Linux/net/wireless/trace.h:2414:1: error: expected declaration specifiers before 'TRACE_EVENT'
 2414 | TRACE_EVENT(rdev_update_ft_ies,
      | ^~~~~~~~~~~
Drivers/Linux/net/wireless/trace.h:43:2: error: expected declaration specifiers before 'do'
   43 |  do {             \
      |  ^~
Drivers/Linux/net/wireless/trace.h:2426:3: note: in expansion of macro 'NETDEV_ASSIGN'
 2426 |   NETDEV_ASSIGN;
      |   ^~~~~~~~~~~~~
Drivers/Linux/net/wireless/trace.h:46:4: error: expected declaration specifiers before 'while'
   46 |  } while (0)
      |    ^~~~~
Drivers/Linux/net/wireless/trace.h:2426:3: note: in expansion of macro 'NETDEV_ASSIGN'
 2426 |   NETDEV_ASSIGN;
      |   ^~~~~~~~~~~~~
Drivers/Linux/net/wireless/trace.h:2427:3: error: expected declaration specifiers before '__entry'
 2427 |   __entry->md = ftie->md;
      |   ^~~~~~~
Drivers/Linux/net/wireless/trace.h:2428:3: error: expected declaration specifiers before 'memcpy'
 2428 |   memcpy(__get_dynamic_array(ie), ftie->ie, ftie->ie_len);
      |   ^~~~~~
Drivers/Linux/net/wireless/trace.h:2429:2: error: expected declaration specifiers before ')' token
 2429 |  ),
      |  ^
Drivers/Linux/net/wireless/trace.h:2434:1: error: expected declaration specifiers before 'TRACE_EVENT'
 2434 | TRACE_EVENT(rdev_crit_proto_start,
      | ^~~~~~~~~~~
Drivers/Linux/net/wireless/trace.h:35:21: error: expected declaration specifiers before '(' token
   35 | #define WDEV_ASSIGN (__entry->id) = (!IS_ERR_OR_NULL(wdev) \
      |                     ^
Drivers/Linux/net/wireless/trace.h:2446:3: note: in expansion of macro 'WDEV_ASSIGN'
 2446 |   WDEV_ASSIGN;
      |   ^~~~~~~~~~~
Drivers/Linux/net/wireless/trace.h:2447:3: error: expected declaration specifiers before '__entry'
 2447 |   __entry->proto = protocol;
      |   ^~~~~~~
Drivers/Linux/net/wireless/trace.h:2448:3: error: expected declaration specifiers before '__entry'
 2448 |   __entry->duration = duration;
      |   ^~~~~~~
Drivers/Linux/net/wireless/trace.h:2449:2: error: expected declaration specifiers before ')' token
 2449 |  ),
      |  ^
Drivers/Linux/net/wireless/trace.h:2454:1: error: expected declaration specifiers before 'TRACE_EVENT'
 2454 | TRACE_EVENT(rdev_crit_proto_stop,
      | ^~~~~~~~~~~
Drivers/Linux/net/wireless/trace.h:35:21: error: expected declaration specifiers before '(' token
   35 | #define WDEV_ASSIGN (__entry->id) = (!IS_ERR_OR_NULL(wdev) \
      |                     ^
Drivers/Linux/net/wireless/trace.h:2463:3: note: in expansion of macro 'WDEV_ASSIGN'
 2463 |   WDEV_ASSIGN;
      |   ^~~~~~~~~~~
Drivers/Linux/net/wireless/trace.h:2464:2: error: expected declaration specifiers before ')' token
 2464 |  ),
      |  ^
Drivers/Linux/net/wireless/trace.h:2469:1: error: expected declaration specifiers before 'TRACE_EVENT'
 2469 | TRACE_EVENT(rdev_channel_switch,
      | ^~~~~~~~~~~
Drivers/Linux/net/wireless/trace.h:43:2: error: expected declaration specifiers before 'do'
   43 |  do {             \
      |  ^~
Drivers/Linux/net/wireless/trace.h:2486:3: note: in expansion of macro 'NETDEV_ASSIGN'
 2486 |   NETDEV_ASSIGN;
      |   ^~~~~~~~~~~~~
Drivers/Linux/net/wireless/trace.h:46:4: error: expected declaration specifiers before 'while'
   46 |  } while (0)
      |    ^~~~~
Drivers/Linux/net/wireless/trace.h:2486:3: note: in expansion of macro 'NETDEV_ASSIGN'
 2486 |   NETDEV_ASSIGN;
      |   ^~~~~~~~~~~~~
Drivers/Linux/net/wireless/trace.h:146:2: error: expected declaration specifiers before 'do'
  146 |  do {        \
      |  ^~
Drivers/Linux/net/wireless/trace.h:2487:3: note: in expansion of macro 'CHAN_DEF_ASSIGN'
 2487 |   CHAN_DEF_ASSIGN(&params->chandef);
      |   ^~~~~~~~~~~~~~~
Drivers/Linux/net/wireless/trace.h:168:4: error: expected declaration specifiers before 'while'
  168 |  } while (0)
      |    ^~~~~
Drivers/Linux/net/wireless/trace.h:2487:3: note: in expansion of macro 'CHAN_DEF_ASSIGN'
 2487 |   CHAN_DEF_ASSIGN(&params->chandef);
      |   ^~~~~~~~~~~~~~~
Drivers/Linux/net/wireless/trace.h:2488:3: error: expected declaration specifiers before '__entry'
 2488 |   __entry->radar_required = params->radar_required;
      |   ^~~~~~~
Drivers/Linux/net/wireless/trace.h:2489:3: error: expected declaration specifiers before '__entry'
 2489 |   __entry->block_tx = params->block_tx;
      |   ^~~~~~~
Drivers/Linux/net/wireless/trace.h:2490:3: error: expected declaration specifiers before '__entry'
 2490 |   __entry->count = params->count;
      |   ^~~~~~~
Drivers/Linux/net/wireless/trace.h:2491:3: error: expected declaration specifiers before 'memcpy'
 2491 |   memcpy(__get_dynamic_array(bcn_ofs),
      |   ^~~~~~
Drivers/Linux/net/wireless/trace.h:2496:3: error: expected declaration specifiers before 'if'
 2496 |   if (params->n_counter_offsets_presp)
      |   ^~
Drivers/Linux/net/wireless/trace.h:2500:3: error: expected declaration specifiers before '__entry'
 2500 |   __entry->link_id = params->link_id;
      |   ^~~~~~~
Drivers/Linux/net/wireless/trace.h:2501:2: error: expected declaration specifiers before ')' token
 2501 |  ),
      |  ^
Drivers/Linux/net/wireless/trace.h:2509:1: error: expected declaration specifiers before 'TRACE_EVENT'
 2509 | TRACE_EVENT(rdev_set_qos_map,
      | ^~~~~~~~~~~
Drivers/Linux/net/wireless/trace.h:43:2: error: expected declaration specifiers before 'do'
   43 |  do {             \
      |  ^~
Drivers/Linux/net/wireless/trace.h:2520:3: note: in expansion of macro 'NETDEV_ASSIGN'
 2520 |   NETDEV_ASSIGN;
      |   ^~~~~~~~~~~~~
Drivers/Linux/net/wireless/trace.h:46:4: error: expected declaration specifiers before 'while'
   46 |  } while (0)
      |    ^~~~~
Drivers/Linux/net/wireless/trace.h:2520:3: note: in expansion of macro 'NETDEV_ASSIGN'
 2520 |   NETDEV_ASSIGN;
      |   ^~~~~~~~~~~~~
Drivers/Linux/net/wireless/trace.h:228:2: error: expected declaration specifiers before 'do'
  228 |  do {       \
      |  ^~
Drivers/Linux/net/wireless/trace.h:2521:3: note: in expansion of macro 'QOS_MAP_ASSIGN'
 2521 |   QOS_MAP_ASSIGN(qos_map);
      |   ^~~~~~~~~~~~~~
Drivers/Linux/net/wireless/trace.h:243:4: error: expected declaration specifiers before 'while'
  243 |  } while (0)
      |    ^~~~~
Drivers/Linux/net/wireless/trace.h:2521:3: note: in expansion of macro 'QOS_MAP_ASSIGN'
 2521 |   QOS_MAP_ASSIGN(qos_map);
      |   ^~~~~~~~~~~~~~
Drivers/Linux/net/wireless/trace.h:2522:2: error: expected declaration specifiers before ')' token
 2522 |  ),
      |  ^
Drivers/Linux/net/wireless/trace.h:2527:1: error: expected declaration specifiers before 'TRACE_EVENT'
 2527 | TRACE_EVENT(rdev_set_ap_chanwidth,
      | ^~~~~~~~~~~
Drivers/Linux/net/wireless/trace.h:43:2: error: expected declaration specifiers before 'do'
   43 |  do {             \
      |  ^~
Drivers/Linux/net/wireless/trace.h:2540:3: note: in expansion of macro 'NETDEV_ASSIGN'
 2540 |   NETDEV_ASSIGN;
      |   ^~~~~~~~~~~~~
Drivers/Linux/net/wireless/trace.h:46:4: error: expected declaration specifiers before 'while'
   46 |  } while (0)
      |    ^~~~~
Drivers/Linux/net/wireless/trace.h:2540:3: note: in expansion of macro 'NETDEV_ASSIGN'
 2540 |   NETDEV_ASSIGN;
      |   ^~~~~~~~~~~~~
Drivers/Linux/net/wireless/trace.h:146:2: error: expected declaration specifiers before 'do'
  146 |  do {        \
      |  ^~
Drivers/Linux/net/wireless/trace.h:2541:3: note: in expansion of macro 'CHAN_DEF_ASSIGN'
 2541 |   CHAN_DEF_ASSIGN(chandef);
      |   ^~~~~~~~~~~~~~~
Drivers/Linux/net/wireless/trace.h:168:4: error: expected declaration specifiers before 'while'
  168 |  } while (0)
      |    ^~~~~
Drivers/Linux/net/wireless/trace.h:2541:3: note: in expansion of macro 'CHAN_DEF_ASSIGN'
 2541 |   CHAN_DEF_ASSIGN(chandef);
      |   ^~~~~~~~~~~~~~~
Drivers/Linux/net/wireless/trace.h:2542:3: error: expected declaration specifiers before '__entry'
 2542 |   __entry->link_id = link_id;
      |   ^~~~~~~
Drivers/Linux/net/wireless/trace.h:2543:2: error: expected declaration specifiers before ')' token
 2543 |  ),
      |  ^
Drivers/Linux/net/wireless/trace.h:2549:1: error: expected declaration specifiers before 'TRACE_EVENT'
 2549 | TRACE_EVENT(rdev_add_tx_ts,
      | ^~~~~~~~~~~
Drivers/Linux/net/wireless/trace.h:43:2: error: expected declaration specifiers before 'do'
   43 |  do {             \
      |  ^~
Drivers/Linux/net/wireless/trace.h:2563:3: note: in expansion of macro 'NETDEV_ASSIGN'
 2563 |   NETDEV_ASSIGN;
      |   ^~~~~~~~~~~~~
Drivers/Linux/net/wireless/trace.h:46:4: error: expected declaration specifiers before 'while'
   46 |  } while (0)
      |    ^~~~~
Drivers/Linux/net/wireless/trace.h:2563:3: note: in expansion of macro 'NETDEV_ASSIGN'
 2563 |   NETDEV_ASSIGN;
      |   ^~~~~~~~~~~~~
Drivers/Linux/net/wireless/trace.h:21:42: error: expected declaration specifiers before 'do'
   21 | #define MAC_ASSIGN(entry_mac, given_mac) do {        \
      |                                          ^~
Drivers/Linux/net/wireless/trace.h:2564:3: note: in expansion of macro 'MAC_ASSIGN'
 2564 |   MAC_ASSIGN(peer, peer);
      |   ^~~~~~~~~~
Drivers/Linux/net/wireless/trace.h:26:4: error: expected declaration specifiers before 'while'
   26 |  } while (0)
      |    ^~~~~
Drivers/Linux/net/wireless/trace.h:2564:3: note: in expansion of macro 'MAC_ASSIGN'
 2564 |   MAC_ASSIGN(peer, peer);
      |   ^~~~~~~~~~
Drivers/Linux/net/wireless/trace.h:2565:3: error: expected declaration specifiers before '__entry'
 2565 |   __entry->tsid = tsid;
      |   ^~~~~~~
Drivers/Linux/net/wireless/trace.h:2566:3: error: expected declaration specifiers before '__entry'
 2566 |   __entry->user_prio = user_prio;
      |   ^~~~~~~
Drivers/Linux/net/wireless/trace.h:2567:3: error: expected declaration specifiers before '__entry'
 2567 |   __entry->admitted_time = admitted_time;
      |   ^~~~~~~
Drivers/Linux/net/wireless/trace.h:2568:2: error: expected declaration specifiers before ')' token
 2568 |  ),
      |  ^
Drivers/Linux/net/wireless/trace.h:2574:1: error: expected declaration specifiers before 'TRACE_EVENT'
 2574 | TRACE_EVENT(rdev_del_tx_ts,
      | ^~~~~~~~~~~
Drivers/Linux/net/wireless/trace.h:43:2: error: expected declaration specifiers before 'do'
   43 |  do {             \
      |  ^~
Drivers/Linux/net/wireless/trace.h:2586:3: note: in expansion of macro 'NETDEV_ASSIGN'
 2586 |   NETDEV_ASSIGN;
      |   ^~~~~~~~~~~~~
Drivers/Linux/net/wireless/trace.h:46:4: error: expected declaration specifiers before 'while'
   46 |  } while (0)
      |    ^~~~~
Drivers/Linux/net/wireless/trace.h:2586:3: note: in expansion of macro 'NETDEV_ASSIGN'
 2586 |   NETDEV_ASSIGN;
      |   ^~~~~~~~~~~~~
Drivers/Linux/net/wireless/trace.h:21:42: error: expected declaration specifiers before 'do'
   21 | #define MAC_ASSIGN(entry_mac, given_mac) do {        \
      |                                          ^~
Drivers/Linux/net/wireless/trace.h:2587:3: note: in expansion of macro 'MAC_ASSIGN'
 2587 |   MAC_ASSIGN(peer, peer);
      |   ^~~~~~~~~~
Drivers/Linux/net/wireless/trace.h:26:4: error: expected declaration specifiers before 'while'
   26 |  } while (0)
      |    ^~~~~
Drivers/Linux/net/wireless/trace.h:2587:3: note: in expansion of macro 'MAC_ASSIGN'
 2587 |   MAC_ASSIGN(peer, peer);
      |   ^~~~~~~~~~
Drivers/Linux/net/wireless/trace.h:2588:3: error: expected declaration specifiers before '__entry'
 2588 |   __entry->tsid = tsid;
      |   ^~~~~~~
Drivers/Linux/net/wireless/trace.h:2589:2: error: expected declaration specifiers before ')' token
 2589 |  ),
      |  ^
Drivers/Linux/net/wireless/trace.h:2594:1: error: expected declaration specifiers before 'TRACE_EVENT'
 2594 | TRACE_EVENT(rdev_tdls_channel_switch,
      | ^~~~~~~~~~~
Drivers/Linux/net/wireless/trace.h:43:2: error: expected declaration specifiers before 'do'
   43 |  do {             \
      |  ^~
Drivers/Linux/net/wireless/trace.h:2608:3: note: in expansion of macro 'NETDEV_ASSIGN'
 2608 |   NETDEV_ASSIGN;
      |   ^~~~~~~~~~~~~
Drivers/Linux/net/wireless/trace.h:46:4: error: expected declaration specifiers before 'while'
   46 |  } while (0)
      |    ^~~~~
Drivers/Linux/net/wireless/trace.h:2608:3: note: in expansion of macro 'NETDEV_ASSIGN'
 2608 |   NETDEV_ASSIGN;
      |   ^~~~~~~~~~~~~
Drivers/Linux/net/wireless/trace.h:21:42: error: expected declaration specifiers before 'do'
   21 | #define MAC_ASSIGN(entry_mac, given_mac) do {        \
      |                                          ^~
Drivers/Linux/net/wireless/trace.h:2609:3: note: in expansion of macro 'MAC_ASSIGN'
 2609 |   MAC_ASSIGN(addr, addr);
      |   ^~~~~~~~~~
Drivers/Linux/net/wireless/trace.h:26:4: error: expected declaration specifiers before 'while'
   26 |  } while (0)
      |    ^~~~~
Drivers/Linux/net/wireless/trace.h:2609:3: note: in expansion of macro 'MAC_ASSIGN'
 2609 |   MAC_ASSIGN(addr, addr);
      |   ^~~~~~~~~~
Drivers/Linux/net/wireless/trace.h:146:2: error: expected declaration specifiers before 'do'
  146 |  do {        \
      |  ^~
Drivers/Linux/net/wireless/trace.h:2610:3: note: in expansion of macro 'CHAN_DEF_ASSIGN'
 2610 |   CHAN_DEF_ASSIGN(chandef);
      |   ^~~~~~~~~~~~~~~
Drivers/Linux/net/wireless/trace.h:168:4: error: expected declaration specifiers before 'while'
  168 |  } while (0)
      |    ^~~~~
Drivers/Linux/net/wireless/trace.h:2610:3: note: in expansion of macro 'CHAN_DEF_ASSIGN'
 2610 |   CHAN_DEF_ASSIGN(chandef);
      |   ^~~~~~~~~~~~~~~
Drivers/Linux/net/wireless/trace.h:2611:2: error: expected declaration specifiers before ')' token
 2611 |  ),
      |  ^
Drivers/Linux/net/wireless/trace.h:2618:1: error: expected declaration specifiers before 'TRACE_EVENT'
 2618 | TRACE_EVENT(rdev_tdls_cancel_channel_switch,
      | ^~~~~~~~~~~
Drivers/Linux/net/wireless/trace.h:43:2: error: expected declaration specifiers before 'do'
   43 |  do {             \
      |  ^~
Drivers/Linux/net/wireless/trace.h:2629:3: note: in expansion of macro 'NETDEV_ASSIGN'
 2629 |   NETDEV_ASSIGN;
      |   ^~~~~~~~~~~~~
Drivers/Linux/net/wireless/trace.h:46:4: error: expected declaration specifiers before 'while'
   46 |  } while (0)
      |    ^~~~~
Drivers/Linux/net/wireless/trace.h:2629:3: note: in expansion of macro 'NETDEV_ASSIGN'
 2629 |   NETDEV_ASSIGN;
      |   ^~~~~~~~~~~~~
Drivers/Linux/net/wireless/trace.h:21:42: error: expected declaration specifiers before 'do'
   21 | #define MAC_ASSIGN(entry_mac, given_mac) do {        \
      |                                          ^~
Drivers/Linux/net/wireless/trace.h:2630:3: note: in expansion of macro 'MAC_ASSIGN'
 2630 |   MAC_ASSIGN(addr, addr);
      |   ^~~~~~~~~~
Drivers/Linux/net/wireless/trace.h:26:4: error: expected declaration specifiers before 'while'
   26 |  } while (0)
      |    ^~~~~
Drivers/Linux/net/wireless/trace.h:2630:3: note: in expansion of macro 'MAC_ASSIGN'
 2630 |   MAC_ASSIGN(addr, addr);
      |   ^~~~~~~~~~
Drivers/Linux/net/wireless/trace.h:2631:2: error: expected declaration specifiers before ')' token
 2631 |  ),
      |  ^
Drivers/Linux/net/wireless/trace.h:2636:1: error: expected declaration specifiers before 'TRACE_EVENT'
 2636 | TRACE_EVENT(rdev_set_pmk,
      | ^~~~~~~~~~~
Drivers/Linux/net/wireless/trace.h:43:2: error: expected declaration specifiers before 'do'
   43 |  do {             \
      |  ^~
Drivers/Linux/net/wireless/trace.h:2654:3: note: in expansion of macro 'NETDEV_ASSIGN'
 2654 |   NETDEV_ASSIGN;
      |   ^~~~~~~~~~~~~
Drivers/Linux/net/wireless/trace.h:46:4: error: expected declaration specifiers before 'while'
   46 |  } while (0)
      |    ^~~~~
Drivers/Linux/net/wireless/trace.h:2654:3: note: in expansion of macro 'NETDEV_ASSIGN'
 2654 |   NETDEV_ASSIGN;
      |   ^~~~~~~~~~~~~
Drivers/Linux/net/wireless/trace.h:21:42: error: expected declaration specifiers before 'do'
   21 | #define MAC_ASSIGN(entry_mac, given_mac) do {        \
      |                                          ^~
Drivers/Linux/net/wireless/trace.h:2655:3: note: in expansion of macro 'MAC_ASSIGN'
 2655 |   MAC_ASSIGN(aa, pmk_conf->aa);
      |   ^~~~~~~~~~
Drivers/Linux/net/wireless/trace.h:26:4: error: expected declaration specifiers before 'while'
   26 |  } while (0)
      |    ^~~~~
Drivers/Linux/net/wireless/trace.h:2655:3: note: in expansion of macro 'MAC_ASSIGN'
 2655 |   MAC_ASSIGN(aa, pmk_conf->aa);
      |   ^~~~~~~~~~
Drivers/Linux/net/wireless/trace.h:2656:3: error: expected declaration specifiers before '__entry'
 2656 |   __entry->pmk_len = pmk_conf->pmk_len;
      |   ^~~~~~~
Drivers/Linux/net/wireless/trace.h:2657:3: error: expected declaration specifiers before '__entry'
 2657 |   __entry->pmk_r0_name_len =
      |   ^~~~~~~
Drivers/Linux/net/wireless/trace.h:2659:3: error: expected declaration specifiers before 'memcpy'
 2659 |   memcpy(__get_dynamic_array(pmk), pmk_conf->pmk,
      |   ^~~~~~
Drivers/Linux/net/wireless/trace.h:2661:3: error: expected declaration specifiers before 'memcpy'
 2661 |   memcpy(__get_dynamic_array(pmk_r0_name), pmk_conf->pmk_r0_name,
      |   ^~~~~~
Drivers/Linux/net/wireless/trace.h:2663:2: error: expected declaration specifiers before ')' token
 2663 |  ),
      |  ^
Drivers/Linux/net/wireless/trace.h:2675:1: error: expected declaration specifiers before 'TRACE_EVENT'
 2675 | TRACE_EVENT(rdev_del_pmk,
      | ^~~~~~~~~~~
Drivers/Linux/net/wireless/trace.h:43:2: error: expected declaration specifiers before 'do'
   43 |  do {             \
      |  ^~
Drivers/Linux/net/wireless/trace.h:2688:3: note: in expansion of macro 'NETDEV_ASSIGN'
 2688 |   NETDEV_ASSIGN;
      |   ^~~~~~~~~~~~~
Drivers/Linux/net/wireless/trace.h:46:4: error: expected declaration specifiers before 'while'
   46 |  } while (0)
      |    ^~~~~
Drivers/Linux/net/wireless/trace.h:2688:3: note: in expansion of macro 'NETDEV_ASSIGN'
 2688 |   NETDEV_ASSIGN;
      |   ^~~~~~~~~~~~~
Drivers/Linux/net/wireless/trace.h:21:42: error: expected declaration specifiers before 'do'
   21 | #define MAC_ASSIGN(entry_mac, given_mac) do {        \
      |                                          ^~
Drivers/Linux/net/wireless/trace.h:2689:3: note: in expansion of macro 'MAC_ASSIGN'
 2689 |   MAC_ASSIGN(aa, aa);
      |   ^~~~~~~~~~
Drivers/Linux/net/wireless/trace.h:26:4: error: expected declaration specifiers before 'while'
   26 |  } while (0)
      |    ^~~~~
Drivers/Linux/net/wireless/trace.h:2689:3: note: in expansion of macro 'MAC_ASSIGN'
 2689 |   MAC_ASSIGN(aa, aa);
      |   ^~~~~~~~~~
Drivers/Linux/net/wireless/trace.h:2690:2: error: expected declaration specifiers before ')' token
 2690 |  ),
      |  ^
Drivers/Linux/net/wireless/trace.h:2696:1: error: expected declaration specifiers before 'TRACE_EVENT'
 2696 | TRACE_EVENT(rdev_external_auth,
      | ^~~~~~~~~~~
Drivers/Linux/net/wireless/trace.h:43:2: error: expected declaration specifiers before 'do'
   43 |  do {             \
      |  ^~
Drivers/Linux/net/wireless/trace.h:2708:7: note: in expansion of macro 'NETDEV_ASSIGN'
 2708 |       NETDEV_ASSIGN;
      |       ^~~~~~~~~~~~~
Drivers/Linux/net/wireless/trace.h:46:4: error: expected declaration specifiers before 'while'
   46 |  } while (0)
      |    ^~~~~
Drivers/Linux/net/wireless/trace.h:2708:7: note: in expansion of macro 'NETDEV_ASSIGN'
 2708 |       NETDEV_ASSIGN;
      |       ^~~~~~~~~~~~~
Drivers/Linux/net/wireless/trace.h:21:42: error: expected declaration specifiers before 'do'
   21 | #define MAC_ASSIGN(entry_mac, given_mac) do {        \
      |                                          ^~
Drivers/Linux/net/wireless/trace.h:2709:7: note: in expansion of macro 'MAC_ASSIGN'
 2709 |       MAC_ASSIGN(bssid, params->bssid);
      |       ^~~~~~~~~~
Drivers/Linux/net/wireless/trace.h:26:4: error: expected declaration specifiers before 'while'
   26 |  } while (0)
      |    ^~~~~
Drivers/Linux/net/wireless/trace.h:2709:7: note: in expansion of macro 'MAC_ASSIGN'
 2709 |       MAC_ASSIGN(bssid, params->bssid);
      |       ^~~~~~~~~~
Drivers/Linux/net/wireless/trace.h:2710:7: error: expected declaration specifiers before 'memset'
 2710 |       memset(__entry->ssid, 0, IEEE80211_MAX_SSID_LEN + 1);
      |       ^~~~~~
Drivers/Linux/net/wireless/trace.h:2711:7: error: expected declaration specifiers before 'memcpy'
 2711 |       memcpy(__entry->ssid, params->ssid.ssid,
      |       ^~~~~~
Drivers/Linux/net/wireless/trace.h:2713:7: error: expected declaration specifiers before '__entry'
 2713 |       __entry->status = params->status;
      |       ^~~~~~~
Drivers/Linux/net/wireless/trace.h:21:42: error: expected declaration specifiers before 'do'
   21 | #define MAC_ASSIGN(entry_mac, given_mac) do {        \
      |                                          ^~
Drivers/Linux/net/wireless/trace.h:2714:7: note: in expansion of macro 'MAC_ASSIGN'
 2714 |       MAC_ASSIGN(mld_addr, params->mld_addr);
      |       ^~~~~~~~~~
Drivers/Linux/net/wireless/trace.h:26:4: error: expected declaration specifiers before 'while'
   26 |  } while (0)
      |    ^~~~~
Drivers/Linux/net/wireless/trace.h:2714:7: note: in expansion of macro 'MAC_ASSIGN'
 2714 |       MAC_ASSIGN(mld_addr, params->mld_addr);
      |       ^~~~~~~~~~
Drivers/Linux/net/wireless/trace.h:2715:6: error: expected declaration specifiers before ')' token
 2715 |      ),
      |      ^
Drivers/Linux/net/wireless/trace.h:2722:1: error: expected declaration specifiers before 'TRACE_EVENT'
 2722 | TRACE_EVENT(rdev_start_radar_detection,
      | ^~~~~~~~~~~
Drivers/Linux/net/wireless/trace.h:43:2: error: expected declaration specifiers before 'do'
   43 |  do {             \
      |  ^~
Drivers/Linux/net/wireless/trace.h:2736:3: note: in expansion of macro 'NETDEV_ASSIGN'
 2736 |   NETDEV_ASSIGN;
      |   ^~~~~~~~~~~~~
Drivers/Linux/net/wireless/trace.h:46:4: error: expected declaration specifiers before 'while'
   46 |  } while (0)
      |    ^~~~~
Drivers/Linux/net/wireless/trace.h:2736:3: note: in expansion of macro 'NETDEV_ASSIGN'
 2736 |   NETDEV_ASSIGN;
      |   ^~~~~~~~~~~~~
Drivers/Linux/net/wireless/trace.h:146:2: error: expected declaration specifiers before 'do'
  146 |  do {        \
      |  ^~
Drivers/Linux/net/wireless/trace.h:2737:3: note: in expansion of macro 'CHAN_DEF_ASSIGN'
 2737 |   CHAN_DEF_ASSIGN(chandef);
      |   ^~~~~~~~~~~~~~~
Drivers/Linux/net/wireless/trace.h:168:4: error: expected declaration specifiers before 'while'
  168 |  } while (0)
      |    ^~~~~
Drivers/Linux/net/wireless/trace.h:2737:3: note: in expansion of macro 'CHAN_DEF_ASSIGN'
 2737 |   CHAN_DEF_ASSIGN(chandef);
      |   ^~~~~~~~~~~~~~~
Drivers/Linux/net/wireless/trace.h:2738:3: error: expected declaration specifiers before '__entry'
 2738 |   __entry->cac_time_ms = cac_time_ms;
      |   ^~~~~~~
Drivers/Linux/net/wireless/trace.h:2739:3: error: expected declaration specifiers before '__entry'
 2739 |   __entry->link_id = link_id;
      |   ^~~~~~~
Drivers/Linux/net/wireless/trace.h:2740:2: error: expected declaration specifiers before ')' token
 2740 |  ),
      |  ^
Drivers/Linux/net/wireless/trace.h:2747:1: error: expected declaration specifiers before 'TRACE_EVENT'
 2747 | TRACE_EVENT(rdev_set_mcast_rate,
      | ^~~~~~~~~~~
Drivers/Linux/net/wireless/trace.h:43:2: error: expected declaration specifiers before 'do'
   43 |  do {             \
      |  ^~
Drivers/Linux/net/wireless/trace.h:2758:3: note: in expansion of macro 'NETDEV_ASSIGN'
 2758 |   NETDEV_ASSIGN;
      |   ^~~~~~~~~~~~~
Drivers/Linux/net/wireless/trace.h:46:4: error: expected declaration specifiers before 'while'
   46 |  } while (0)
      |    ^~~~~
Drivers/Linux/net/wireless/trace.h:2758:3: note: in expansion of macro 'NETDEV_ASSIGN'
 2758 |   NETDEV_ASSIGN;
      |   ^~~~~~~~~~~~~
Drivers/Linux/net/wireless/trace.h:2759:3: error: expected declaration specifiers before 'memcpy'
 2759 |   memcpy(__entry->mcast_rate, mcast_rate,
      |   ^~~~~~
Drivers/Linux/net/wireless/trace.h:2761:2: error: expected declaration specifiers before ')' token
 2761 |  ),
      |  ^
Drivers/Linux/net/wireless/trace.h:2771:1: error: expected declaration specifiers before 'TRACE_EVENT'
 2771 | TRACE_EVENT(rdev_set_coalesce,
      | ^~~~~~~~~~~
Drivers/Linux/net/wireless/trace.h:2780:3: error: expected declaration specifiers before '__entry'
 2780 |   __entry->n_rules = coalesce ? coalesce->n_rules : 0;
      |   ^~~~~~~
Drivers/Linux/net/wireless/trace.h:2781:2: error: expected declaration specifiers before ')' token
 2781 |  ),
      |  ^
Drivers/Linux/net/wireless/trace.h:2786:1: error: expected declaration specifiers before 'DEFINE_EVENT'
 2786 | DEFINE_EVENT(wiphy_wdev_evt, rdev_abort_scan,
      | ^~~~~~~~~~~~
Drivers/Linux/net/wireless/trace.h:2791:1: error: expected declaration specifiers before 'TRACE_EVENT'
 2791 | TRACE_EVENT(rdev_set_multicast_to_unicast,
      | ^~~~~~~~~~~
Drivers/Linux/net/wireless/trace.h:43:2: error: expected declaration specifiers before 'do'
   43 |  do {             \
      |  ^~
Drivers/Linux/net/wireless/trace.h:2802:3: note: in expansion of macro 'NETDEV_ASSIGN'
 2802 |   NETDEV_ASSIGN;
      |   ^~~~~~~~~~~~~
Drivers/Linux/net/wireless/trace.h:46:4: error: expected declaration specifiers before 'while'
   46 |  } while (0)
      |    ^~~~~
Drivers/Linux/net/wireless/trace.h:2802:3: note: in expansion of macro 'NETDEV_ASSIGN'
 2802 |   NETDEV_ASSIGN;
      |   ^~~~~~~~~~~~~
Drivers/Linux/net/wireless/trace.h:2803:3: error: expected declaration specifiers before '__entry'
 2803 |   __entry->enabled = enabled;
      |   ^~~~~~~
Drivers/Linux/net/wireless/trace.h:2804:2: error: expected declaration specifiers before ')' token
 2804 |  ),
      |  ^
Drivers/Linux/net/wireless/trace.h:2810:1: error: expected declaration specifiers before 'DEFINE_EVENT'
 2810 | DEFINE_EVENT(wiphy_wdev_evt, rdev_get_txq_stats,
      | ^~~~~~~~~~~~
Drivers/Linux/net/wireless/trace.h:2815:1: error: expected declaration specifiers before 'TRACE_EVENT'
 2815 | TRACE_EVENT(rdev_get_ftm_responder_stats,
      | ^~~~~~~~~~~
Drivers/Linux/net/wireless/trace.h:43:2: error: expected declaration specifiers before 'do'
   43 |  do {             \
      |  ^~
Drivers/Linux/net/wireless/trace.h:2838:3: note: in expansion of macro 'NETDEV_ASSIGN'
 2838 |   NETDEV_ASSIGN;
      |   ^~~~~~~~~~~~~
Drivers/Linux/net/wireless/trace.h:46:4: error: expected declaration specifiers before 'while'
   46 |  } while (0)
      |    ^~~~~
Drivers/Linux/net/wireless/trace.h:2838:3: note: in expansion of macro 'NETDEV_ASSIGN'
 2838 |   NETDEV_ASSIGN;
      |   ^~~~~~~~~~~~~
Drivers/Linux/net/wireless/trace.h:2839:3: error: expected declaration specifiers before '__entry'
 2839 |   __entry->success_num = ftm_stats->success_num;
      |   ^~~~~~~
Drivers/Linux/net/wireless/trace.h:2840:3: error: expected declaration specifiers before '__entry'
 2840 |   __entry->partial_num = ftm_stats->partial_num;
      |   ^~~~~~~
Drivers/Linux/net/wireless/trace.h:2841:3: error: expected declaration specifiers before '__entry'
 2841 |   __entry->failed_num = ftm_stats->failed_num;
      |   ^~~~~~~
Drivers/Linux/net/wireless/trace.h:2842:3: error: expected declaration specifiers before '__entry'
 2842 |   __entry->asap_num = ftm_stats->asap_num;
      |   ^~~~~~~
Drivers/Linux/net/wireless/trace.h:2843:3: error: expected declaration specifiers before '__entry'
 2843 |   __entry->non_asap_num = ftm_stats->non_asap_num;
      |   ^~~~~~~
Drivers/Linux/net/wireless/trace.h:2844:3: error: expected declaration specifiers before '__entry'
 2844 |   __entry->duration = ftm_stats->total_duration_ms;
      |   ^~~~~~~
Drivers/Linux/net/wireless/trace.h:2845:3: error: expected declaration specifiers before '__entry'
 2845 |   __entry->unknown_triggers = ftm_stats->unknown_triggers_num;
      |   ^~~~~~~
Drivers/Linux/net/wireless/trace.h:2846:3: error: expected declaration specifiers before '__entry'
 2846 |   __entry->reschedule = ftm_stats->reschedule_requests_num;
      |   ^~~~~~~
Drivers/Linux/net/wireless/trace.h:2847:3: error: expected declaration specifiers before '__entry'
 2847 |   __entry->out_of_window = ftm_stats->out_of_window_triggers_num;
      |   ^~~~~~~
Drivers/Linux/net/wireless/trace.h:2848:2: error: expected declaration specifiers before ')' token
 2848 |  ),
      |  ^
Drivers/Linux/net/wireless/trace.h:2859:1: error: expected declaration specifiers before 'DEFINE_EVENT'
 2859 | DEFINE_EVENT(wiphy_wdev_cookie_evt, rdev_start_pmsr,
      | ^~~~~~~~~~~~
Drivers/Linux/net/wireless/trace.h:2864:1: error: expected declaration specifiers before 'DEFINE_EVENT'
 2864 | DEFINE_EVENT(wiphy_wdev_cookie_evt, rdev_abort_pmsr,
      | ^~~~~~~~~~~~
Drivers/Linux/net/wireless/trace.h:2869:1: error: expected declaration specifiers before 'TRACE_EVENT'
 2869 | TRACE_EVENT(rdev_set_fils_aad,
      | ^~~~~~~~~~~
Drivers/Linux/net/wireless/trace.h:43:2: error: expected declaration specifiers before 'do'
   43 |  do {             \
      |  ^~
Drivers/Linux/net/wireless/trace.h:2879:3: note: in expansion of macro 'NETDEV_ASSIGN'
 2879 |   NETDEV_ASSIGN;
      |   ^~~~~~~~~~~~~
Drivers/Linux/net/wireless/trace.h:46:4: error: expected declaration specifiers before 'while'
   46 |  } while (0)
      |    ^~~~~
Drivers/Linux/net/wireless/trace.h:2879:3: note: in expansion of macro 'NETDEV_ASSIGN'
 2879 |   NETDEV_ASSIGN;
      |   ^~~~~~~~~~~~~
Drivers/Linux/net/wireless/trace.h:177:2: error: expected declaration specifiers before 'do'
  177 |  do {        \
      |  ^~
Drivers/Linux/net/wireless/trace.h:2880:3: note: in expansion of macro 'FILS_AAD_ASSIGN'
 2880 |   FILS_AAD_ASSIGN(fils_aad);
      |   ^~~~~~~~~~~~~~~
Drivers/Linux/net/wireless/trace.h:185:4: error: expected declaration specifiers before 'while'
  185 |  } while (0)
      |    ^~~~~
Drivers/Linux/net/wireless/trace.h:2880:3: note: in expansion of macro 'FILS_AAD_ASSIGN'
 2880 |   FILS_AAD_ASSIGN(fils_aad);
      |   ^~~~~~~~~~~~~~~
Drivers/Linux/net/wireless/trace.h:2881:2: error: expected declaration specifiers before ')' token
 2881 |  ),
      |  ^
Drivers/Linux/net/wireless/trace.h:2887:1: error: expected declaration specifiers before 'TRACE_EVENT'
 2887 | TRACE_EVENT(rdev_update_owe_info,
      | ^~~~~~~~~~~
Drivers/Linux/net/wireless/trace.h:43:2: error: expected declaration specifiers before 'do'
   43 |  do {             \
      |  ^~
Drivers/Linux/net/wireless/trace.h:2897:7: note: in expansion of macro 'NETDEV_ASSIGN'
 2897 |       NETDEV_ASSIGN;
      |       ^~~~~~~~~~~~~
Drivers/Linux/net/wireless/trace.h:46:4: error: expected declaration specifiers before 'while'
   46 |  } while (0)
      |    ^~~~~
Drivers/Linux/net/wireless/trace.h:2897:7: note: in expansion of macro 'NETDEV_ASSIGN'
 2897 |       NETDEV_ASSIGN;
      |       ^~~~~~~~~~~~~
Drivers/Linux/net/wireless/trace.h:21:42: error: expected declaration specifiers before 'do'
   21 | #define MAC_ASSIGN(entry_mac, given_mac) do {        \
      |                                          ^~
Drivers/Linux/net/wireless/trace.h:2898:7: note: in expansion of macro 'MAC_ASSIGN'
 2898 |       MAC_ASSIGN(peer, owe_info->peer);
      |       ^~~~~~~~~~
Drivers/Linux/net/wireless/trace.h:26:4: error: expected declaration specifiers before 'while'
   26 |  } while (0)
      |    ^~~~~
Drivers/Linux/net/wireless/trace.h:2898:7: note: in expansion of macro 'MAC_ASSIGN'
 2898 |       MAC_ASSIGN(peer, owe_info->peer);
      |       ^~~~~~~~~~
Drivers/Linux/net/wireless/trace.h:2899:7: error: expected declaration specifiers before '__entry'
 2899 |       __entry->status = owe_info->status;
      |       ^~~~~~~
Drivers/Linux/net/wireless/trace.h:2900:7: error: expected declaration specifiers before 'memcpy'
 2900 |       memcpy(__get_dynamic_array(ie),
      |       ^~~~~~
Drivers/Linux/net/wireless/trace.h:2901:39: error: expected declaration specifiers before ')' token
 2901 |       owe_info->ie, owe_info->ie_len);),
      |                                       ^
Drivers/Linux/net/wireless/trace.h:2907:1: error: expected declaration specifiers before 'TRACE_EVENT'
 2907 | TRACE_EVENT(rdev_probe_mesh_link,
      | ^~~~~~~~~~~
Drivers/Linux/net/wireless/trace.h:43:2: error: expected declaration specifiers before 'do'
   43 |  do {             \
      |  ^~
Drivers/Linux/net/wireless/trace.h:2918:3: note: in expansion of macro 'NETDEV_ASSIGN'
 2918 |   NETDEV_ASSIGN;
      |   ^~~~~~~~~~~~~
Drivers/Linux/net/wireless/trace.h:46:4: error: expected declaration specifiers before 'while'
   46 |  } while (0)
      |    ^~~~~
Drivers/Linux/net/wireless/trace.h:2918:3: note: in expansion of macro 'NETDEV_ASSIGN'
 2918 |   NETDEV_ASSIGN;
      |   ^~~~~~~~~~~~~
Drivers/Linux/net/wireless/trace.h:21:42: error: expected declaration specifiers before 'do'
   21 | #define MAC_ASSIGN(entry_mac, given_mac) do {        \
      |                                          ^~
Drivers/Linux/net/wireless/trace.h:2919:3: note: in expansion of macro 'MAC_ASSIGN'
 2919 |   MAC_ASSIGN(dest, dest);
      |   ^~~~~~~~~~
Drivers/Linux/net/wireless/trace.h:26:4: error: expected declaration specifiers before 'while'
   26 |  } while (0)
      |    ^~~~~
Drivers/Linux/net/wireless/trace.h:2919:3: note: in expansion of macro 'MAC_ASSIGN'
 2919 |   MAC_ASSIGN(dest, dest);
      |   ^~~~~~~~~~
Drivers/Linux/net/wireless/trace.h:2920:2: error: expected declaration specifiers before ')' token
 2920 |  ),
      |  ^
Drivers/Linux/net/wireless/trace.h:2925:1: error: expected declaration specifiers before 'TRACE_EVENT'
 2925 | TRACE_EVENT(rdev_set_tid_config,
      | ^~~~~~~~~~~
Drivers/Linux/net/wireless/trace.h:43:2: error: expected declaration specifiers before 'do'
   43 |  do {             \
      |  ^~
Drivers/Linux/net/wireless/trace.h:2936:3: note: in expansion of macro 'NETDEV_ASSIGN'
 2936 |   NETDEV_ASSIGN;
      |   ^~~~~~~~~~~~~
Drivers/Linux/net/wireless/trace.h:46:4: error: expected declaration specifiers before 'while'
   46 |  } while (0)
      |    ^~~~~
Drivers/Linux/net/wireless/trace.h:2936:3: note: in expansion of macro 'NETDEV_ASSIGN'
 2936 |   NETDEV_ASSIGN;
      |   ^~~~~~~~~~~~~
Drivers/Linux/net/wireless/trace.h:21:42: error: expected declaration specifiers before 'do'
   21 | #define MAC_ASSIGN(entry_mac, given_mac) do {        \
      |                                          ^~
Drivers/Linux/net/wireless/trace.h:2937:3: note: in expansion of macro 'MAC_ASSIGN'
 2937 |   MAC_ASSIGN(peer, tid_conf->peer);
      |   ^~~~~~~~~~
Drivers/Linux/net/wireless/trace.h:26:4: error: expected declaration specifiers before 'while'
   26 |  } while (0)
      |    ^~~~~
Drivers/Linux/net/wireless/trace.h:2937:3: note: in expansion of macro 'MAC_ASSIGN'
 2937 |   MAC_ASSIGN(peer, tid_conf->peer);
      |   ^~~~~~~~~~
Drivers/Linux/net/wireless/trace.h:2938:2: error: expected declaration specifiers before ')' token
 2938 |  ),
      |  ^
Drivers/Linux/net/wireless/trace.h:2943:1: error: expected declaration specifiers before 'TRACE_EVENT'
 2943 | TRACE_EVENT(rdev_reset_tid_config,
      | ^~~~~~~~~~~
Drivers/Linux/net/wireless/trace.h:43:2: error: expected declaration specifiers before 'do'
   43 |  do {             \
      |  ^~
Drivers/Linux/net/wireless/trace.h:2955:3: note: in expansion of macro 'NETDEV_ASSIGN'
 2955 |   NETDEV_ASSIGN;
      |   ^~~~~~~~~~~~~
Drivers/Linux/net/wireless/trace.h:46:4: error: expected declaration specifiers before 'while'
   46 |  } while (0)
      |    ^~~~~
Drivers/Linux/net/wireless/trace.h:2955:3: note: in expansion of macro 'NETDEV_ASSIGN'
 2955 |   NETDEV_ASSIGN;
      |   ^~~~~~~~~~~~~
Drivers/Linux/net/wireless/trace.h:21:42: error: expected declaration specifiers before 'do'
   21 | #define MAC_ASSIGN(entry_mac, given_mac) do {        \
      |                                          ^~
Drivers/Linux/net/wireless/trace.h:2956:3: note: in expansion of macro 'MAC_ASSIGN'
 2956 |   MAC_ASSIGN(peer, peer);
      |   ^~~~~~~~~~
Drivers/Linux/net/wireless/trace.h:26:4: error: expected declaration specifiers before 'while'
   26 |  } while (0)
      |    ^~~~~
Drivers/Linux/net/wireless/trace.h:2956:3: note: in expansion of macro 'MAC_ASSIGN'
 2956 |   MAC_ASSIGN(peer, peer);
      |   ^~~~~~~~~~
Drivers/Linux/net/wireless/trace.h:2957:3: error: expected declaration specifiers before '__entry'
 2957 |   __entry->tids = tids;
      |   ^~~~~~~
Drivers/Linux/net/wireless/trace.h:2958:2: error: expected declaration specifiers before ')' token
 2958 |  ),
      |  ^
Drivers/Linux/net/wireless/trace.h:2963:1: error: expected declaration specifiers before 'TRACE_EVENT'
 2963 | TRACE_EVENT(rdev_set_sar_specs,
      | ^~~~~~~~~~~
Drivers/Linux/net/wireless/trace.h:2973:3: error: expected declaration specifiers before '__entry'
 2973 |   __entry->type = sar->type;
      |   ^~~~~~~
Drivers/Linux/net/wireless/trace.h:2974:3: error: expected declaration specifiers before '__entry'
 2974 |   __entry->num = sar->num_sub_specs;
      |   ^~~~~~~
Drivers/Linux/net/wireless/trace.h:2976:2: error: expected declaration specifiers before ')' token
 2976 |  ),
      |  ^
Drivers/Linux/net/wireless/trace.h:2981:1: error: expected declaration specifiers before 'TRACE_EVENT'
 2981 | TRACE_EVENT(rdev_color_change,
      | ^~~~~~~~~~~
Drivers/Linux/net/wireless/trace.h:43:2: error: expected declaration specifiers before 'do'
   43 |  do {             \
      |  ^~
Drivers/Linux/net/wireless/trace.h:2995:3: note: in expansion of macro 'NETDEV_ASSIGN'
 2995 |   NETDEV_ASSIGN;
      |   ^~~~~~~~~~~~~
Drivers/Linux/net/wireless/trace.h:46:4: error: expected declaration specifiers before 'while'
   46 |  } while (0)
      |    ^~~~~
Drivers/Linux/net/wireless/trace.h:2995:3: note: in expansion of macro 'NETDEV_ASSIGN'
 2995 |   NETDEV_ASSIGN;
      |   ^~~~~~~~~~~~~
Drivers/Linux/net/wireless/trace.h:2996:3: error: expected declaration specifiers before '__entry'
 2996 |   __entry->count = params->count;
      |   ^~~~~~~
Drivers/Linux/net/wireless/trace.h:2997:3: error: expected declaration specifiers before '__entry'
 2997 |   __entry->bcn_ofs = params->counter_offset_beacon;
      |   ^~~~~~~
Drivers/Linux/net/wireless/trace.h:2998:3: error: expected declaration specifiers before '__entry'
 2998 |   __entry->pres_ofs = params->counter_offset_presp;
      |   ^~~~~~~
Drivers/Linux/net/wireless/trace.h:2999:3: error: expected declaration specifiers before '__entry'
 2999 |   __entry->link_id = params->link_id;
      |   ^~~~~~~
Drivers/Linux/net/wireless/trace.h:3000:2: error: expected declaration specifiers before ')' token
 3000 |  ),
      |  ^
Drivers/Linux/net/wireless/trace.h:3007:1: error: expected declaration specifiers before 'TRACE_EVENT'
 3007 | TRACE_EVENT(rdev_set_radar_background,
      | ^~~~~~~~~~~
Drivers/Linux/net/wireless/trace.h:146:2: error: expected declaration specifiers before 'do'
  146 |  do {        \
      |  ^~
Drivers/Linux/net/wireless/trace.h:3019:3: note: in expansion of macro 'CHAN_DEF_ASSIGN'
 3019 |   CHAN_DEF_ASSIGN(chandef)
      |   ^~~~~~~~~~~~~~~
Drivers/Linux/net/wireless/trace.h:168:4: error: expected declaration specifiers before 'while'
  168 |  } while (0)
      |    ^~~~~
Drivers/Linux/net/wireless/trace.h:3019:3: note: in expansion of macro 'CHAN_DEF_ASSIGN'
 3019 |   CHAN_DEF_ASSIGN(chandef)
      |   ^~~~~~~~~~~~~~~
Drivers/Linux/net/wireless/trace.h:3026:1: error: expected declaration specifiers before 'DEFINE_EVENT'
 3026 | DEFINE_EVENT(wiphy_wdev_link_evt, rdev_add_intf_link,
      | ^~~~~~~~~~~~
Drivers/Linux/net/wireless/trace.h:3032:1: error: expected declaration specifiers before 'DEFINE_EVENT'
 3032 | DEFINE_EVENT(wiphy_wdev_link_evt, rdev_del_intf_link,
      | ^~~~~~~~~~~~
Drivers/Linux/net/wireless/trace.h:3038:1: error: expected declaration specifiers before 'TRACE_EVENT'
 3038 | TRACE_EVENT(rdev_del_link_station,
      | ^~~~~~~~~~~
Drivers/Linux/net/wireless/trace.h:43:2: error: expected declaration specifiers before 'do'
   43 |  do {             \
      |  ^~
Drivers/Linux/net/wireless/trace.h:3050:3: note: in expansion of macro 'NETDEV_ASSIGN'
 3050 |   NETDEV_ASSIGN;
      |   ^~~~~~~~~~~~~
Drivers/Linux/net/wireless/trace.h:46:4: error: expected declaration specifiers before 'while'
   46 |  } while (0)
      |    ^~~~~
Drivers/Linux/net/wireless/trace.h:3050:3: note: in expansion of macro 'NETDEV_ASSIGN'
 3050 |   NETDEV_ASSIGN;
      |   ^~~~~~~~~~~~~
Drivers/Linux/net/wireless/trace.h:3051:3: error: expected declaration specifiers before 'memset'
 3051 |   memset(__entry->mld_mac, 0, 6);
      |   ^~~~~~
Drivers/Linux/net/wireless/trace.h:3052:3: error: expected declaration specifiers before 'if'
 3052 |   if (params->mld_mac)
      |   ^~
Drivers/Linux/net/wireless/trace.h:3054:3: error: expected declaration specifiers before '__entry'
 3054 |   __entry->link_id = params->link_id;
      |   ^~~~~~~
Drivers/Linux/net/wireless/trace.h:3055:2: error: expected declaration specifiers before ')' token
 3055 |  ),
      |  ^
Drivers/Linux/net/wireless/trace.h:3062:1: error: expected declaration specifiers before 'TRACE_EVENT'
 3062 | TRACE_EVENT(rdev_set_hw_timestamp,
      | ^~~~~~~~~~~
Drivers/Linux/net/wireless/trace.h:43:2: error: expected declaration specifiers before 'do'
   43 |  do {             \
      |  ^~
Drivers/Linux/net/wireless/trace.h:3077:3: note: in expansion of macro 'NETDEV_ASSIGN'
 3077 |   NETDEV_ASSIGN;
      |   ^~~~~~~~~~~~~
Drivers/Linux/net/wireless/trace.h:46:4: error: expected declaration specifiers before 'while'
   46 |  } while (0)
      |    ^~~~~
Drivers/Linux/net/wireless/trace.h:3077:3: note: in expansion of macro 'NETDEV_ASSIGN'
 3077 |   NETDEV_ASSIGN;
      |   ^~~~~~~~~~~~~
Drivers/Linux/net/wireless/trace.h:21:42: error: expected declaration specifiers before 'do'
   21 | #define MAC_ASSIGN(entry_mac, given_mac) do {        \
      |                                          ^~
Drivers/Linux/net/wireless/trace.h:3078:3: note: in expansion of macro 'MAC_ASSIGN'
 3078 |   MAC_ASSIGN(macaddr, hwts->macaddr);
      |   ^~~~~~~~~~
Drivers/Linux/net/wireless/trace.h:26:4: error: expected declaration specifiers before 'while'
   26 |  } while (0)
      |    ^~~~~
Drivers/Linux/net/wireless/trace.h:3078:3: note: in expansion of macro 'MAC_ASSIGN'
 3078 |   MAC_ASSIGN(macaddr, hwts->macaddr);
      |   ^~~~~~~~~~
Drivers/Linux/net/wireless/trace.h:3079:3: error: expected declaration specifiers before '__entry'
 3079 |   __entry->enable = hwts->enable;
      |   ^~~~~~~
Drivers/Linux/net/wireless/trace.h:3080:2: error: expected declaration specifiers before ')' token
 3080 |  ),
      |  ^
Drivers/Linux/net/wireless/trace.h:3087:1: error: expected declaration specifiers before 'TRACE_EVENT'
 3087 | TRACE_EVENT(rdev_set_ttlm,
      | ^~~~~~~~~~~
Drivers/Linux/net/wireless/trace.h:43:2: error: expected declaration specifiers before 'do'
   43 |  do {             \
      |  ^~
Drivers/Linux/net/wireless/trace.h:3099:3: note: in expansion of macro 'NETDEV_ASSIGN'
 3099 |   NETDEV_ASSIGN;
      |   ^~~~~~~~~~~~~
Drivers/Linux/net/wireless/trace.h:46:4: error: expected declaration specifiers before 'while'
   46 |  } while (0)
      |    ^~~~~
Drivers/Linux/net/wireless/trace.h:3099:3: note: in expansion of macro 'NETDEV_ASSIGN'
 3099 |   NETDEV_ASSIGN;
      |   ^~~~~~~~~~~~~
Drivers/Linux/net/wireless/trace.h:3100:3: error: expected declaration specifiers before 'memcpy'
 3100 |   memcpy(__entry->dlink, params->dlink, sizeof(params->dlink));
      |   ^~~~~~
Drivers/Linux/net/wireless/trace.h:3101:3: error: expected declaration specifiers before 'memcpy'
 3101 |   memcpy(__entry->ulink, params->ulink, sizeof(params->ulink));
      |   ^~~~~~
Drivers/Linux/net/wireless/trace.h:3102:2: error: expected declaration specifiers before ')' token
 3102 |  ),
      |  ^
Drivers/Linux/net/wireless/trace.h:3107:1: error: expected declaration specifiers before 'TRACE_EVENT'
 3107 | TRACE_EVENT(rdev_set_epcs,
      | ^~~~~~~~~~~
Drivers/Linux/net/wireless/trace.h:43:2: error: expected declaration specifiers before 'do'
   43 |  do {             \
      |  ^~
Drivers/Linux/net/wireless/trace.h:3118:3: note: in expansion of macro 'NETDEV_ASSIGN'
 3118 |   NETDEV_ASSIGN;
      |   ^~~~~~~~~~~~~
Drivers/Linux/net/wireless/trace.h:46:4: error: expected declaration specifiers before 'while'
   46 |  } while (0)
      |    ^~~~~
Drivers/Linux/net/wireless/trace.h:3118:3: note: in expansion of macro 'NETDEV_ASSIGN'
 3118 |   NETDEV_ASSIGN;
      |   ^~~~~~~~~~~~~
Drivers/Linux/net/wireless/trace.h:3119:3: error: expected declaration specifiers before '__entry'
 3119 |   __entry->val = val;
      |   ^~~~~~~
Drivers/Linux/net/wireless/trace.h:3120:2: error: expected declaration specifiers before ')' token
 3120 |  ),
      |  ^
Drivers/Linux/net/wireless/trace.h:3129:1: error: expected declaration specifiers before 'TRACE_EVENT'
 3129 | TRACE_EVENT(cfg80211_return_bool,
      | ^~~~~~~~~~~
Drivers/Linux/net/wireless/trace.h:3137:2: error: expected declaration specifiers before ')' token
 3137 |  ),
      |  ^
Drivers/Linux/net/wireless/trace.h:3141:1: error: expected declaration specifiers before 'DECLARE_EVENT_CLASS'
 3141 | DECLARE_EVENT_CLASS(cfg80211_netdev_mac_evt,
      | ^~~~~~~~~~~~~~~~~~~
Drivers/Linux/net/wireless/trace.h:46:4: error: expected declaration specifiers before 'while'
   46 |  } while (0)
      |    ^~~~~
Drivers/Linux/net/wireless/trace.h:3149:3: note: in expansion of macro 'NETDEV_ASSIGN'
 3149 |   NETDEV_ASSIGN;
      |   ^~~~~~~~~~~~~
Drivers/Linux/net/wireless/trace.h:21:42: error: expected declaration specifiers before 'do'
   21 | #define MAC_ASSIGN(entry_mac, given_mac) do {        \
      |                                          ^~
Drivers/Linux/net/wireless/trace.h:3150:3: note: in expansion of macro 'MAC_ASSIGN'
 3150 |   MAC_ASSIGN(macaddr, macaddr);
      |   ^~~~~~~~~~
Drivers/Linux/net/wireless/trace.h:26:4: error: expected declaration specifiers before 'while'
   26 |  } while (0)
      |    ^~~~~
Drivers/Linux/net/wireless/trace.h:3150:3: note: in expansion of macro 'MAC_ASSIGN'
 3150 |   MAC_ASSIGN(macaddr, macaddr);
      |   ^~~~~~~~~~
Drivers/Linux/net/wireless/trace.h:3151:2: error: expected declaration specifiers before ')' token
 3151 |  ),
      |  ^
Drivers/Linux/net/wireless/trace.h:3156:1: error: expected declaration specifiers before 'DEFINE_EVENT'
 3156 | DEFINE_EVENT(cfg80211_netdev_mac_evt, cfg80211_notify_new_peer_candidate,
      | ^~~~~~~~~~~~
Drivers/Linux/net/wireless/trace.h:3161:1: error: expected declaration specifiers before 'TRACE_EVENT'
 3161 | TRACE_EVENT(cfg80211_send_rx_assoc,
      | ^~~~~~~~~~~
Drivers/Linux/net/wireless/trace.h:46:4: error: expected declaration specifiers before 'while'
   46 |  } while (0)
      |    ^~~~~
Drivers/Linux/net/wireless/trace.h:3170:3: note: in expansion of macro 'NETDEV_ASSIGN'
 3170 |   NETDEV_ASSIGN;
      |   ^~~~~~~~~~~~~
Drivers/Linux/net/wireless/trace.h:21:42: error: expected declaration specifiers before 'do'
   21 | #define MAC_ASSIGN(entry_mac, given_mac) do {        \
      |                                          ^~
Drivers/Linux/net/wireless/trace.h:3171:3: note: in expansion of macro 'MAC_ASSIGN'
 3171 |   MAC_ASSIGN(ap_addr,
      |   ^~~~~~~~~~
Drivers/Linux/net/wireless/trace.h:26:4: error: expected declaration specifiers before 'while'
   26 |  } while (0)
      |    ^~~~~
Drivers/Linux/net/wireless/trace.h:3171:3: note: in expansion of macro 'MAC_ASSIGN'
 3171 |   MAC_ASSIGN(ap_addr,
      |   ^~~~~~~~~~
Drivers/Linux/net/wireless/trace.h:3173:2: error: expected declaration specifiers before ')' token
 3173 |  ),
      |  ^
Drivers/Linux/net/wireless/trace.h:3178:1: error: expected declaration specifiers before 'DECLARE_EVENT_CLASS'
 3178 | DECLARE_EVENT_CLASS(netdev_frame_event,
      | ^~~~~~~~~~~~~~~~~~~
Drivers/Linux/net/wireless/trace.h:46:4: error: expected declaration specifiers before 'while'
   46 |  } while (0)
      |    ^~~~~
Drivers/Linux/net/wireless/trace.h:3186:3: note: in expansion of macro 'NETDEV_ASSIGN'
 3186 |   NETDEV_ASSIGN;
      |   ^~~~~~~~~~~~~
Drivers/Linux/net/wireless/trace.h:3187:3: error: expected declaration specifiers before 'memcpy'
 3187 |   memcpy(__get_dynamic_array(frame), buf, len);
      |   ^~~~~~
Drivers/Linux/net/wireless/trace.h:3188:2: error: expected declaration specifiers before ')' token
 3188 |  ),
      |  ^
Drivers/Linux/net/wireless/trace.h:3194:1: error: expected declaration specifiers before 'DEFINE_EVENT'
 3194 | DEFINE_EVENT(netdev_frame_event, cfg80211_rx_unprot_mlme_mgmt,
      | ^~~~~~~~~~~~
Drivers/Linux/net/wireless/trace.h:3199:1: error: expected declaration specifiers before 'DEFINE_EVENT'
 3199 | DEFINE_EVENT(netdev_frame_event, cfg80211_rx_mlme_mgmt,
      | ^~~~~~~~~~~~
Drivers/Linux/net/wireless/trace.h:3204:1: error: expected declaration specifiers before 'TRACE_EVENT'
 3204 | TRACE_EVENT(cfg80211_tx_mlme_mgmt,
      | ^~~~~~~~~~~
Drivers/Linux/net/wireless/trace.h:46:4: error: expected declaration specifiers before 'while'
   46 |  } while (0)
      |    ^~~~~
Drivers/Linux/net/wireless/trace.h:3214:3: note: in expansion of macro 'NETDEV_ASSIGN'
 3214 |   NETDEV_ASSIGN;
      |   ^~~~~~~~~~~~~
Drivers/Linux/net/wireless/trace.h:3215:3: error: expected declaration specifiers before 'memcpy'
 3215 |   memcpy(__get_dynamic_array(frame), buf, len);
      |   ^~~~~~
Drivers/Linux/net/wireless/trace.h:3216:3: error: expected declaration specifiers before '__entry'
 3216 |   __entry->reconnect = reconnect;
      |   ^~~~~~~
Drivers/Linux/net/wireless/trace.h:3217:2: error: expected declaration specifiers before ')' token
 3217 |  ),
      |  ^
Drivers/Linux/net/wireless/trace.h:3224:1: error: expected declaration specifiers before 'DECLARE_EVENT_CLASS'
 3224 | DECLARE_EVENT_CLASS(netdev_mac_evt,
      | ^~~~~~~~~~~~~~~~~~~
Drivers/Linux/net/wireless/trace.h:46:4: error: expected declaration specifiers before 'while'
   46 |  } while (0)
      |    ^~~~~
Drivers/Linux/net/wireless/trace.h:3232:3: note: in expansion of macro 'NETDEV_ASSIGN'
 3232 |   NETDEV_ASSIGN;
      |   ^~~~~~~~~~~~~
Drivers/Linux/net/wireless/trace.h:21:42: error: expected declaration specifiers before 'do'
   21 | #define MAC_ASSIGN(entry_mac, given_mac) do {        \
      |                                          ^~
Drivers/Linux/net/wireless/trace.h:3233:3: note: in expansion of macro 'MAC_ASSIGN'
 3233 |   MAC_ASSIGN(mac, mac)
      |   ^~~~~~~~~~
Drivers/Linux/net/wireless/trace.h:26:4: error: expected declaration specifiers before 'while'
   26 |  } while (0)
      |    ^~~~~
Drivers/Linux/net/wireless/trace.h:3233:3: note: in expansion of macro 'MAC_ASSIGN'
 3233 |   MAC_ASSIGN(mac, mac)
      |   ^~~~~~~~~~
Drivers/Linux/net/wireless/trace.h:3239:1: error: expected declaration specifiers before 'DEFINE_EVENT'
 3239 | DEFINE_EVENT(netdev_mac_evt, cfg80211_send_auth_timeout,
      | ^~~~~~~~~~~~
Drivers/Linux/net/wireless/trace.h:3244:1: error: expected declaration specifiers before 'TRACE_EVENT'
 3244 | TRACE_EVENT(cfg80211_send_assoc_failure,
      | ^~~~~~~~~~~
Drivers/Linux/net/wireless/trace.h:46:4: error: expected declaration specifiers before 'while'
   46 |  } while (0)
      |    ^~~~~
Drivers/Linux/net/wireless/trace.h:3254:3: note: in expansion of macro 'NETDEV_ASSIGN'
 3254 |   NETDEV_ASSIGN;
      |   ^~~~~~~~~~~~~
Drivers/Linux/net/wireless/trace.h:21:42: error: expected declaration specifiers before 'do'
   21 | #define MAC_ASSIGN(entry_mac, given_mac) do {        \
      |                                          ^~
Drivers/Linux/net/wireless/trace.h:3255:3: note: in expansion of macro 'MAC_ASSIGN'
 3255 |   MAC_ASSIGN(ap_addr, data->ap_mld_addr ?: data->bss[0]->bssid);
      |   ^~~~~~~~~~
Drivers/Linux/net/wireless/trace.h:26:4: error: expected declaration specifiers before 'while'
   26 |  } while (0)
      |    ^~~~~
Drivers/Linux/net/wireless/trace.h:3255:3: note: in expansion of macro 'MAC_ASSIGN'
 3255 |   MAC_ASSIGN(ap_addr, data->ap_mld_addr ?: data->bss[0]->bssid);
      |   ^~~~~~~~~~
Drivers/Linux/net/wireless/trace.h:3256:3: error: expected declaration specifiers before '__entry'
 3256 |   __entry->timeout = data->timeout;
      |   ^~~~~~~
Drivers/Linux/net/wireless/trace.h:3257:2: error: expected declaration specifiers before ')' token
 3257 |  ),
      |  ^
Drivers/Linux/net/wireless/trace.h:3262:1: error: expected declaration specifiers before 'TRACE_EVENT'
 3262 | TRACE_EVENT(cfg80211_michael_mic_failure,
      | ^~~~~~~~~~~
Drivers/Linux/net/wireless/trace.h:46:4: error: expected declaration specifiers before 'while'
   46 |  } while (0)
      |    ^~~~~
Drivers/Linux/net/wireless/trace.h:3274:3: note: in expansion of macro 'NETDEV_ASSIGN'
 3274 |   NETDEV_ASSIGN;
      |   ^~~~~~~~~~~~~
Drivers/Linux/net/wireless/trace.h:21:42: error: expected declaration specifiers before 'do'
   21 | #define MAC_ASSIGN(entry_mac, given_mac) do {        \
      |                                          ^~
Drivers/Linux/net/wireless/trace.h:3275:3: note: in expansion of macro 'MAC_ASSIGN'
 3275 |   MAC_ASSIGN(addr, addr);
      |   ^~~~~~~~~~
Drivers/Linux/net/wireless/trace.h:26:4: error: expected declaration specifiers before 'while'
   26 |  } while (0)
      |    ^~~~~
Drivers/Linux/net/wireless/trace.h:3275:3: note: in expansion of macro 'MAC_ASSIGN'
 3275 |   MAC_ASSIGN(addr, addr);
      |   ^~~~~~~~~~
Drivers/Linux/net/wireless/trace.h:3276:3: error: expected declaration specifiers before '__entry'
 3276 |   __entry->key_type = key_type;
      |   ^~~~~~~
Drivers/Linux/net/wireless/trace.h:3277:3: error: expected declaration specifiers before '__entry'
 3277 |   __entry->key_id = key_id;
      |   ^~~~~~~
Drivers/Linux/net/wireless/trace.h:3278:3: error: expected declaration specifiers before 'if'
 3278 |   if (tsc)
      |   ^~
Drivers/Linux/net/wireless/trace.h:3280:2: error: expected declaration specifiers before ')' token
 3280 |  ),
      |  ^
Drivers/Linux/net/wireless/trace.h:3286:1: error: expected declaration specifiers before 'TRACE_EVENT'
 3286 | TRACE_EVENT(cfg80211_ready_on_channel,
      | ^~~~~~~~~~~
Drivers/Linux/net/wireless/trace.h:3299:3: error: expected declaration specifiers before '__entry'
 3299 |   __entry->cookie = cookie;
      |   ^~~~~~~
Drivers/Linux/net/wireless/trace.h:123:2: error: expected declaration specifiers before 'do'
  123 |  do {         \
      |  ^~
Drivers/Linux/net/wireless/trace.h:3300:3: note: in expansion of macro 'CHAN_ASSIGN'
 3300 |   CHAN_ASSIGN(chan);
      |   ^~~~~~~~~~~
Drivers/Linux/net/wireless/trace.h:133:4: error: expected declaration specifiers before 'while'
  133 |  } while (0)
      |    ^~~~~
Drivers/Linux/net/wireless/trace.h:3300:3: note: in expansion of macro 'CHAN_ASSIGN'
 3300 |   CHAN_ASSIGN(chan);
      |   ^~~~~~~~~~~
Drivers/Linux/net/wireless/trace.h:3301:3: error: expected declaration specifiers before '__entry'
 3301 |   __entry->duration = duration;
      |   ^~~~~~~
Drivers/Linux/net/wireless/trace.h:3302:2: error: expected declaration specifiers before ')' token
 3302 |  ),
      |  ^
Drivers/Linux/net/wireless/trace.h:3308:1: error: expected declaration specifiers before 'TRACE_EVENT'
 3308 | TRACE_EVENT(cfg80211_ready_on_channel_expired,
      | ^~~~~~~~~~~
Drivers/Linux/net/wireless/trace.h:3319:3: error: expected declaration specifiers before '__entry'
 3319 |   __entry->cookie = cookie;
      |   ^~~~~~~
Drivers/Linux/net/wireless/trace.h:123:2: error: expected declaration specifiers before 'do'
  123 |  do {         \
      |  ^~
Drivers/Linux/net/wireless/trace.h:3320:3: note: in expansion of macro 'CHAN_ASSIGN'
 3320 |   CHAN_ASSIGN(chan);
      |   ^~~~~~~~~~~
Drivers/Linux/net/wireless/trace.h:133:4: error: expected declaration specifiers before 'while'
  133 |  } while (0)
      |    ^~~~~
Drivers/Linux/net/wireless/trace.h:3320:3: note: in expansion of macro 'CHAN_ASSIGN'
 3320 |   CHAN_ASSIGN(chan);
      |   ^~~~~~~~~~~
Drivers/Linux/net/wireless/trace.h:3321:2: error: expected declaration specifiers before ')' token
 3321 |  ),
      |  ^
Drivers/Linux/net/wireless/trace.h:3326:1: error: expected declaration specifiers before 'TRACE_EVENT'
 3326 | TRACE_EVENT(cfg80211_tx_mgmt_expired,
      | ^~~~~~~~~~~
Drivers/Linux/net/wireless/trace.h:3337:3: error: expected declaration specifiers before '__entry'
 3337 |   __entry->cookie = cookie;
      |   ^~~~~~~
Drivers/Linux/net/wireless/trace.h:123:2: error: expected declaration specifiers before 'do'
  123 |  do {         \
      |  ^~
Drivers/Linux/net/wireless/trace.h:3338:3: note: in expansion of macro 'CHAN_ASSIGN'
 3338 |   CHAN_ASSIGN(chan);
      |   ^~~~~~~~~~~
Drivers/Linux/net/wireless/trace.h:133:4: error: expected declaration specifiers before 'while'
  133 |  } while (0)
      |    ^~~~~
Drivers/Linux/net/wireless/trace.h:3338:3: note: in expansion of macro 'CHAN_ASSIGN'
 3338 |   CHAN_ASSIGN(chan);
      |   ^~~~~~~~~~~
Drivers/Linux/net/wireless/trace.h:3339:2: error: expected declaration specifiers before ')' token
 3339 |  ),
      |  ^
Drivers/Linux/net/wireless/trace.h:3344:1: error: expected declaration specifiers before 'TRACE_EVENT'
 3344 | TRACE_EVENT(cfg80211_new_sta,
      | ^~~~~~~~~~~
Drivers/Linux/net/wireless/trace.h:46:4: error: expected declaration specifiers before 'while'
   46 |  } while (0)
      |    ^~~~~
Drivers/Linux/net/wireless/trace.h:3354:3: note: in expansion of macro 'NETDEV_ASSIGN'
 3354 |   NETDEV_ASSIGN;
      |   ^~~~~~~~~~~~~
Drivers/Linux/net/wireless/trace.h:21:42: error: expected declaration specifiers before 'do'
   21 | #define MAC_ASSIGN(entry_mac, given_mac) do {        \
      |                                          ^~
Drivers/Linux/net/wireless/trace.h:3355:3: note: in expansion of macro 'MAC_ASSIGN'
 3355 |   MAC_ASSIGN(mac_addr, mac_addr);
      |   ^~~~~~~~~~
Drivers/Linux/net/wireless/trace.h:26:4: error: expected declaration specifiers before 'while'
   26 |  } while (0)
      |    ^~~~~
Drivers/Linux/net/wireless/trace.h:3355:3: note: in expansion of macro 'MAC_ASSIGN'
 3355 |   MAC_ASSIGN(mac_addr, mac_addr);
      |   ^~~~~~~~~~
Drivers/Linux/net/wireless/trace.h:204:2: error: expected declaration specifiers before 'do'
  204 |  do {              \
      |  ^~
Drivers/Linux/net/wireless/trace.h:3356:3: note: in expansion of macro 'SINFO_ASSIGN'
 3356 |   SINFO_ASSIGN;
      |   ^~~~~~~~~~~~
Drivers/Linux/net/wireless/trace.h:219:4: error: expected declaration specifiers before 'while'
  219 |  } while (0)
      |    ^~~~~
Drivers/Linux/net/wireless/trace.h:3356:3: note: in expansion of macro 'SINFO_ASSIGN'
 3356 |   SINFO_ASSIGN;
      |   ^~~~~~~~~~~~
Drivers/Linux/net/wireless/trace.h:3357:2: error: expected declaration specifiers before ')' token
 3357 |  ),
      |  ^
Drivers/Linux/net/wireless/trace.h:3362:1: error: expected declaration specifiers before 'DEFINE_EVENT'
 3362 | DEFINE_EVENT(cfg80211_netdev_mac_evt, cfg80211_del_sta,
      | ^~~~~~~~~~~~
Drivers/Linux/net/wireless/trace.h:3367:1: error: expected declaration specifiers before 'TRACE_EVENT'
 3367 | TRACE_EVENT(cfg80211_rx_mgmt,
      | ^~~~~~~~~~~
Drivers/Linux/net/wireless/trace.h:3377:3: error: expected declaration specifiers before '__entry'
 3377 |   __entry->freq = info->freq;
      |   ^~~~~~~
Drivers/Linux/net/wireless/trace.h:3378:3: error: expected declaration specifiers before '__entry'
 3378 |   __entry->sig_dbm = info->sig_dbm;
      |   ^~~~~~~
Drivers/Linux/net/wireless/trace.h:3379:2: error: expected declaration specifiers before ')' token
 3379 |  ),
      |  ^
Drivers/Linux/net/wireless/trace.h:3384:1: error: expected declaration specifiers before 'TRACE_EVENT'
 3384 | TRACE_EVENT(cfg80211_mgmt_tx_status,
      | ^~~~~~~~~~~
Drivers/Linux/net/wireless/trace.h:3394:3: error: expected declaration specifiers before '__entry'
 3394 |   __entry->cookie = cookie;
      |   ^~~~~~~
Drivers/Linux/net/wireless/trace.h:3395:3: error: expected declaration specifiers before '__entry'
 3395 |   __entry->ack = ack;
      |   ^~~~~~~
Drivers/Linux/net/wireless/trace.h:3396:2: error: expected declaration specifiers before ')' token
 3396 |  ),
      |  ^
Drivers/Linux/net/wireless/trace.h:3401:1: error: expected declaration specifiers before 'TRACE_EVENT'
 3401 | TRACE_EVENT(cfg80211_control_port_tx_status,
      | ^~~~~~~~~~~
Drivers/Linux/net/wireless/trace.h:3411:3: error: expected declaration specifiers before '__entry'
 3411 |   __entry->cookie = cookie;
      |   ^~~~~~~
Drivers/Linux/net/wireless/trace.h:3412:3: error: expected declaration specifiers before '__entry'
 3412 |   __entry->ack = ack;
      |   ^~~~~~~
Drivers/Linux/net/wireless/trace.h:3413:2: error: expected declaration specifiers before ')' token
 3413 |  ),
      |  ^
Drivers/Linux/net/wireless/trace.h:3418:1: error: expected declaration specifiers before 'TRACE_EVENT'
 3418 | TRACE_EVENT(cfg80211_rx_control_port,
      | ^~~~~~~~~~~
Drivers/Linux/net/wireless/trace.h:46:4: error: expected declaration specifiers before 'while'
   46 |  } while (0)
      |    ^~~~~
Drivers/Linux/net/wireless/trace.h:3431:3: note: in expansion of macro 'NETDEV_ASSIGN'
 3431 |   NETDEV_ASSIGN;
      |   ^~~~~~~~~~~~~
Drivers/Linux/net/wireless/trace.h:3432:3: error: expected declaration specifiers before '__entry'
 3432 |   __entry->len = skb->len;
      |   ^~~~~~~
Drivers/Linux/net/wireless/trace.h:21:42: error: expected declaration specifiers before 'do'
   21 | #define MAC_ASSIGN(entry_mac, given_mac) do {        \
      |                                          ^~
Drivers/Linux/net/wireless/trace.h:3433:3: note: in expansion of macro 'MAC_ASSIGN'
 3433 |   MAC_ASSIGN(from, eth_hdr(skb)->h_source);
      |   ^~~~~~~~~~
Drivers/Linux/net/wireless/trace.h:26:4: error: expected declaration specifiers before 'while'
   26 |  } while (0)
      |    ^~~~~
Drivers/Linux/net/wireless/trace.h:3433:3: note: in expansion of macro 'MAC_ASSIGN'
 3433 |   MAC_ASSIGN(from, eth_hdr(skb)->h_source);
      |   ^~~~~~~~~~
Drivers/Linux/net/wireless/trace.h:3434:3: error: expected declaration specifiers before '__entry'
 3434 |   __entry->proto = be16_to_cpu(skb->protocol);
      |   ^~~~~~~
Drivers/Linux/net/wireless/trace.h:3435:3: error: expected declaration specifiers before '__entry'
 3435 |   __entry->unencrypted = unencrypted;
      |   ^~~~~~~
Drivers/Linux/net/wireless/trace.h:3436:3: error: expected declaration specifiers before '__entry'
 3436 |   __entry->link_id = link_id;
      |   ^~~~~~~
Drivers/Linux/net/wireless/trace.h:3437:2: error: expected declaration specifiers before ')' token
 3437 |  ),
      |  ^
Drivers/Linux/net/wireless/trace.h:3444:1: error: expected declaration specifiers before 'TRACE_EVENT'
 3444 | TRACE_EVENT(cfg80211_cqm_rssi_notify,
      | ^~~~~~~~~~~
Drivers/Linux/net/wireless/trace.h:46:4: error: expected declaration specifiers before 'while'
   46 |  } while (0)
      |    ^~~~~
Drivers/Linux/net/wireless/trace.h:3455:3: note: in expansion of macro 'NETDEV_ASSIGN'
 3455 |   NETDEV_ASSIGN;
      |   ^~~~~~~~~~~~~
Drivers/Linux/net/wireless/trace.h:3456:3: error: expected declaration specifiers before '__entry'
 3456 |   __entry->rssi_event = rssi_event;
      |   ^~~~~~~
Drivers/Linux/net/wireless/trace.h:3457:3: error: expected declaration specifiers before '__entry'
 3457 |   __entry->rssi_level = rssi_level;
      |   ^~~~~~~
Drivers/Linux/net/wireless/trace.h:3458:2: error: expected declaration specifiers before ')' token
 3458 |  ),
      |  ^
Drivers/Linux/net/wireless/trace.h:3463:1: error: expected declaration specifiers before 'TRACE_EVENT'
 3463 | TRACE_EVENT(cfg80211_reg_can_beacon,
      | ^~~~~~~~~~~
Drivers/Linux/net/wireless/trace.h:146:2: error: expected declaration specifiers before 'do'
  146 |  do {        \
      |  ^~
Drivers/Linux/net/wireless/trace.h:3477:3: note: in expansion of macro 'CHAN_DEF_ASSIGN'
 3477 |   CHAN_DEF_ASSIGN(chandef);
      |   ^~~~~~~~~~~~~~~
Drivers/Linux/net/wireless/trace.h:168:4: error: expected declaration specifiers before 'while'
  168 |  } while (0)
      |    ^~~~~
Drivers/Linux/net/wireless/trace.h:3477:3: note: in expansion of macro 'CHAN_DEF_ASSIGN'
 3477 |   CHAN_DEF_ASSIGN(chandef);
      |   ^~~~~~~~~~~~~~~
Drivers/Linux/net/wireless/trace.h:3478:3: error: expected declaration specifiers before '__entry'
 3478 |   __entry->iftype = iftype;
      |   ^~~~~~~
Drivers/Linux/net/wireless/trace.h:3479:3: error: expected declaration specifiers before '__entry'
 3479 |   __entry->prohibited_flags = prohibited_flags;
      |   ^~~~~~~
Drivers/Linux/net/wireless/trace.h:3480:3: error: expected declaration specifiers before '__entry'
 3480 |   __entry->permitting_flags = permitting_flags;
      |   ^~~~~~~
Drivers/Linux/net/wireless/trace.h:3481:2: error: expected declaration specifiers before ')' token
 3481 |  ),
      |  ^
Drivers/Linux/net/wireless/trace.h:3487:1: error: expected declaration specifiers before 'TRACE_EVENT'
 3487 | TRACE_EVENT(cfg80211_ch_switch_notify,
      | ^~~~~~~~~~~
Drivers/Linux/net/wireless/trace.h:46:4: error: expected declaration specifiers before 'while'
   46 |  } while (0)
      |    ^~~~~
Drivers/Linux/net/wireless/trace.h:3498:3: note: in expansion of macro 'NETDEV_ASSIGN'
 3498 |   NETDEV_ASSIGN;
      |   ^~~~~~~~~~~~~
Drivers/Linux/net/wireless/trace.h:146:2: error: expected declaration specifiers before 'do'
  146 |  do {        \
      |  ^~
Drivers/Linux/net/wireless/trace.h:3499:3: note: in expansion of macro 'CHAN_DEF_ASSIGN'
 3499 |   CHAN_DEF_ASSIGN(chandef);
      |   ^~~~~~~~~~~~~~~
Drivers/Linux/net/wireless/trace.h:168:4: error: expected declaration specifiers before 'while'
  168 |  } while (0)
      |    ^~~~~
Drivers/Linux/net/wireless/trace.h:3499:3: note: in expansion of macro 'CHAN_DEF_ASSIGN'
 3499 |   CHAN_DEF_ASSIGN(chandef);
      |   ^~~~~~~~~~~~~~~
Drivers/Linux/net/wireless/trace.h:3500:3: error: expected declaration specifiers before '__entry'
 3500 |   __entry->link_id = link_id;
      |   ^~~~~~~
Drivers/Linux/net/wireless/trace.h:3501:2: error: expected declaration specifiers before ')' token
 3501 |  ),
      |  ^
Drivers/Linux/net/wireless/trace.h:3506:1: error: expected declaration specifiers before 'TRACE_EVENT'
 3506 | TRACE_EVENT(cfg80211_ch_switch_started_notify,
      | ^~~~~~~~~~~
Drivers/Linux/net/wireless/trace.h:46:4: error: expected declaration specifiers before 'while'
   46 |  } while (0)
      |    ^~~~~
Drivers/Linux/net/wireless/trace.h:3517:3: note: in expansion of macro 'NETDEV_ASSIGN'
 3517 |   NETDEV_ASSIGN;
      |   ^~~~~~~~~~~~~
Drivers/Linux/net/wireless/trace.h:146:2: error: expected declaration specifiers before 'do'
  146 |  do {        \
      |  ^~
Drivers/Linux/net/wireless/trace.h:3518:3: note: in expansion of macro 'CHAN_DEF_ASSIGN'
 3518 |   CHAN_DEF_ASSIGN(chandef);
      |   ^~~~~~~~~~~~~~~
Drivers/Linux/net/wireless/trace.h:168:4: error: expected declaration specifiers before 'while'
  168 |  } while (0)
      |    ^~~~~
Drivers/Linux/net/wireless/trace.h:3518:3: note: in expansion of macro 'CHAN_DEF_ASSIGN'
 3518 |   CHAN_DEF_ASSIGN(chandef);
      |   ^~~~~~~~~~~~~~~
Drivers/Linux/net/wireless/trace.h:3519:3: error: expected declaration specifiers before '__entry'
 3519 |   __entry->link_id = link_id;
      |   ^~~~~~~
Drivers/Linux/net/wireless/trace.h:3520:2: error: expected declaration specifiers before ')' token
 3520 |  ),
      |  ^
Drivers/Linux/net/wireless/trace.h:3525:1: error: expected declaration specifiers before 'TRACE_EVENT'
 3525 | TRACE_EVENT(cfg80211_radar_event,
      | ^~~~~~~~~~~
Drivers/Linux/net/wireless/trace.h:146:2: error: expected declaration specifiers before 'do'
  146 |  do {        \
      |  ^~
Drivers/Linux/net/wireless/trace.h:3536:3: note: in expansion of macro 'CHAN_DEF_ASSIGN'
 3536 |   CHAN_DEF_ASSIGN(chandef);
      |   ^~~~~~~~~~~~~~~
Drivers/Linux/net/wireless/trace.h:168:4: error: expected declaration specifiers before 'while'
  168 |  } while (0)
      |    ^~~~~
Drivers/Linux/net/wireless/trace.h:3536:3: note: in expansion of macro 'CHAN_DEF_ASSIGN'
 3536 |   CHAN_DEF_ASSIGN(chandef);
      |   ^~~~~~~~~~~~~~~
Drivers/Linux/net/wireless/trace.h:3537:3: error: expected declaration specifiers before '__entry'
 3537 |   __entry->offchan = offchan;
      |   ^~~~~~~
Drivers/Linux/net/wireless/trace.h:3538:2: error: expected declaration specifiers before ')' token
 3538 |  ),
      |  ^
Drivers/Linux/net/wireless/trace.h:3543:1: error: expected declaration specifiers before 'TRACE_EVENT'
 3543 | TRACE_EVENT(cfg80211_cac_event,
      | ^~~~~~~~~~~
Drivers/Linux/net/wireless/trace.h:46:4: error: expected declaration specifiers before 'while'
   46 |  } while (0)
      |    ^~~~~
Drivers/Linux/net/wireless/trace.h:3553:3: note: in expansion of macro 'NETDEV_ASSIGN'
 3553 |   NETDEV_ASSIGN;
      |   ^~~~~~~~~~~~~
Drivers/Linux/net/wireless/trace.h:3554:3: error: expected declaration specifiers before '__entry'
 3554 |   __entry->evt = evt;
      |   ^~~~~~~
Drivers/Linux/net/wireless/trace.h:3555:3: error: expected declaration specifiers before '__entry'
 3555 |   __entry->link_id = link_id;
      |   ^~~~~~~
Drivers/Linux/net/wireless/trace.h:3556:2: error: expected declaration specifiers before ')' token
 3556 |  ),
      |  ^
Drivers/Linux/net/wireless/trace.h:3561:1: error: expected declaration specifiers before 'DECLARE_EVENT_CLASS'
 3561 | DECLARE_EVENT_CLASS(cfg80211_rx_evt,
      | ^~~~~~~~~~~~~~~~~~~
Drivers/Linux/net/wireless/trace.h:46:4: error: expected declaration specifiers before 'while'
   46 |  } while (0)
      |    ^~~~~
Drivers/Linux/net/wireless/trace.h:3570:3: note: in expansion of macro 'NETDEV_ASSIGN'
 3570 |   NETDEV_ASSIGN;
      |   ^~~~~~~~~~~~~
Drivers/Linux/net/wireless/trace.h:21:42: error: expected declaration specifiers before 'do'
   21 | #define MAC_ASSIGN(entry_mac, given_mac) do {        \
      |                                          ^~
Drivers/Linux/net/wireless/trace.h:3571:3: note: in expansion of macro 'MAC_ASSIGN'
 3571 |   MAC_ASSIGN(addr, addr);
      |   ^~~~~~~~~~
Drivers/Linux/net/wireless/trace.h:26:4: error: expected declaration specifiers before 'while'
   26 |  } while (0)
      |    ^~~~~
Drivers/Linux/net/wireless/trace.h:3571:3: note: in expansion of macro 'MAC_ASSIGN'
 3571 |   MAC_ASSIGN(addr, addr);
      |   ^~~~~~~~~~
Drivers/Linux/net/wireless/trace.h:3572:3: error: expected declaration specifiers before '__entry'
 3572 |   __entry->link_id = link_id;
      |   ^~~~~~~
Drivers/Linux/net/wireless/trace.h:3573:2: error: expected declaration specifiers before ')' token
 3573 |  ),
      |  ^
Drivers/Linux/net/wireless/trace.h:3578:1: error: expected declaration specifiers before 'DEFINE_EVENT'
 3578 | DEFINE_EVENT(cfg80211_rx_evt, cfg80211_rx_spurious_frame,
      | ^~~~~~~~~~~~
Drivers/Linux/net/wireless/trace.h:3583:1: error: expected declaration specifiers before 'DEFINE_EVENT'
 3583 | DEFINE_EVENT(cfg80211_rx_evt, cfg80211_rx_unexpected_4addr_frame,
      | ^~~~~~~~~~~~
Drivers/Linux/net/wireless/trace.h:3588:1: error: expected declaration specifiers before 'TRACE_EVENT'
 3588 | TRACE_EVENT(cfg80211_ibss_joined,
      | ^~~~~~~~~~~
Drivers/Linux/net/wireless/trace.h:46:4: error: expected declaration specifiers before 'while'
   46 |  } while (0)
      |    ^~~~~
Drivers/Linux/net/wireless/trace.h:3598:3: note: in expansion of macro 'NETDEV_ASSIGN'
 3598 |   NETDEV_ASSIGN;
      |   ^~~~~~~~~~~~~
Drivers/Linux/net/wireless/trace.h:21:42: error: expected declaration specifiers before 'do'
   21 | #define MAC_ASSIGN(entry_mac, given_mac) do {        \
      |                                          ^~
Drivers/Linux/net/wireless/trace.h:3599:3: note: in expansion of macro 'MAC_ASSIGN'
 3599 |   MAC_ASSIGN(bssid, bssid);
      |   ^~~~~~~~~~
Drivers/Linux/net/wireless/trace.h:26:4: error: expected declaration specifiers before 'while'
   26 |  } while (0)
      |    ^~~~~
Drivers/Linux/net/wireless/trace.h:3599:3: note: in expansion of macro 'MAC_ASSIGN'
 3599 |   MAC_ASSIGN(bssid, bssid);
      |   ^~~~~~~~~~
Drivers/Linux/net/wireless/trace.h:123:2: error: expected declaration specifiers before 'do'
  123 |  do {         \
      |  ^~
Drivers/Linux/net/wireless/trace.h:3600:3: note: in expansion of macro 'CHAN_ASSIGN'
 3600 |   CHAN_ASSIGN(channel);
      |   ^~~~~~~~~~~
Drivers/Linux/net/wireless/trace.h:133:4: error: expected declaration specifiers before 'while'
  133 |  } while (0)
      |    ^~~~~
Drivers/Linux/net/wireless/trace.h:3600:3: note: in expansion of macro 'CHAN_ASSIGN'
 3600 |   CHAN_ASSIGN(channel);
      |   ^~~~~~~~~~~
Drivers/Linux/net/wireless/trace.h:3601:2: error: expected declaration specifiers before ')' token
 3601 |  ),
      |  ^
Drivers/Linux/net/wireless/trace.h:3606:1: error: expected declaration specifiers before 'TRACE_EVENT'
 3606 | TRACE_EVENT(cfg80211_probe_status,
      | ^~~~~~~~~~~
Drivers/Linux/net/wireless/trace.h:46:4: error: expected declaration specifiers before 'while'
   46 |  } while (0)
      |    ^~~~~
Drivers/Linux/net/wireless/trace.h:3617:3: note: in expansion of macro 'NETDEV_ASSIGN'
 3617 |   NETDEV_ASSIGN;
      |   ^~~~~~~~~~~~~
Drivers/Linux/net/wireless/trace.h:21:42: error: expected declaration specifiers before 'do'
   21 | #define MAC_ASSIGN(entry_mac, given_mac) do {        \
      |                                          ^~
Drivers/Linux/net/wireless/trace.h:3618:3: note: in expansion of macro 'MAC_ASSIGN'
 3618 |   MAC_ASSIGN(addr, addr);
      |   ^~~~~~~~~~
Drivers/Linux/net/wireless/trace.h:26:4: error: expected declaration specifiers before 'while'
   26 |  } while (0)
      |    ^~~~~
Drivers/Linux/net/wireless/trace.h:3618:3: note: in expansion of macro 'MAC_ASSIGN'
 3618 |   MAC_ASSIGN(addr, addr);
      |   ^~~~~~~~~~
Drivers/Linux/net/wireless/trace.h:3619:3: error: expected declaration specifiers before '__entry'
 3619 |   __entry->cookie = cookie;
      |   ^~~~~~~
Drivers/Linux/net/wireless/trace.h:3620:3: error: expected declaration specifiers before '__entry'
 3620 |   __entry->acked = acked;
      |   ^~~~~~~
Drivers/Linux/net/wireless/trace.h:3621:2: error: expected declaration specifiers before ')' token
 3621 |  ),
      |  ^
Drivers/Linux/net/wireless/trace.h:3627:1: error: expected declaration specifiers before 'TRACE_EVENT'
 3627 | TRACE_EVENT(cfg80211_cqm_pktloss_notify,
      | ^~~~~~~~~~~
Drivers/Linux/net/wireless/trace.h:46:4: error: expected declaration specifiers before 'while'
   46 |  } while (0)
      |    ^~~~~
Drivers/Linux/net/wireless/trace.h:3636:3: note: in expansion of macro 'NETDEV_ASSIGN'
 3636 |   NETDEV_ASSIGN;
      |   ^~~~~~~~~~~~~
Drivers/Linux/net/wireless/trace.h:21:42: error: expected declaration specifiers before 'do'
   21 | #define MAC_ASSIGN(entry_mac, given_mac) do {        \
      |                                          ^~
Drivers/Linux/net/wireless/trace.h:3637:3: note: in expansion of macro 'MAC_ASSIGN'
 3637 |   MAC_ASSIGN(peer, peer);
      |   ^~~~~~~~~~
Drivers/Linux/net/wireless/trace.h:26:4: error: expected declaration specifiers before 'while'
   26 |  } while (0)
      |    ^~~~~
Drivers/Linux/net/wireless/trace.h:3637:3: note: in expansion of macro 'MAC_ASSIGN'
 3637 |   MAC_ASSIGN(peer, peer);
      |   ^~~~~~~~~~
Drivers/Linux/net/wireless/trace.h:3638:3: error: expected declaration specifiers before '__entry'
 3638 |   __entry->num_packets = num_packets;
      |   ^~~~~~~
Drivers/Linux/net/wireless/trace.h:3639:2: error: expected declaration specifiers before ')' token
 3639 |  ),
      |  ^
Drivers/Linux/net/wireless/trace.h:3644:1: error: expected declaration specifiers before 'DEFINE_EVENT'
 3644 | DEFINE_EVENT(cfg80211_netdev_mac_evt, cfg80211_gtk_rekey_notify,
      | ^~~~~~~~~~~~
Drivers/Linux/net/wireless/trace.h:3649:1: error: expected declaration specifiers before 'TRACE_EVENT'
 3649 | TRACE_EVENT(cfg80211_pmksa_candidate_notify,
      | ^~~~~~~~~~~
Drivers/Linux/net/wireless/trace.h:46:4: error: expected declaration specifiers before 'while'
   46 |  } while (0)
      |    ^~~~~
Drivers/Linux/net/wireless/trace.h:3660:3: note: in expansion of macro 'NETDEV_ASSIGN'
 3660 |   NETDEV_ASSIGN;
      |   ^~~~~~~~~~~~~
Drivers/Linux/net/wireless/trace.h:3661:3: error: expected declaration specifiers before '__entry'
 3661 |   __entry->index = index;
      |   ^~~~~~~
Drivers/Linux/net/wireless/trace.h:21:42: error: expected declaration specifiers before 'do'
   21 | #define MAC_ASSIGN(entry_mac, given_mac) do {        \
      |                                          ^~
Drivers/Linux/net/wireless/trace.h:3662:3: note: in expansion of macro 'MAC_ASSIGN'
 3662 |   MAC_ASSIGN(bssid, bssid);
      |   ^~~~~~~~~~
Drivers/Linux/net/wireless/trace.h:26:4: error: expected declaration specifiers before 'while'
   26 |  } while (0)
      |    ^~~~~
Drivers/Linux/net/wireless/trace.h:3662:3: note: in expansion of macro 'MAC_ASSIGN'
 3662 |   MAC_ASSIGN(bssid, bssid);
      |   ^~~~~~~~~~
Drivers/Linux/net/wireless/trace.h:3663:3: error: expected declaration specifiers before '__entry'
 3663 |   __entry->preauth = preauth;
      |   ^~~~~~~
Drivers/Linux/net/wireless/trace.h:3664:2: error: expected declaration specifiers before ')' token
 3664 |  ),
      |  ^
Drivers/Linux/net/wireless/trace.h:3670:1: error: expected declaration specifiers before 'TRACE_EVENT'
 3670 | TRACE_EVENT(cfg80211_report_obss_beacon,
      | ^~~~~~~~~~~
Drivers/Linux/net/wireless/trace.h:3681:3: error: expected declaration specifiers before '__entry'
 3681 |   __entry->freq = freq;
      |   ^~~~~~~
Drivers/Linux/net/wireless/trace.h:3682:3: error: expected declaration specifiers before '__entry'
 3682 |   __entry->sig_dbm = sig_dbm;
      |   ^~~~~~~
Drivers/Linux/net/wireless/trace.h:3683:2: error: expected declaration specifiers before ')' token
 3683 |  ),
      |  ^
Drivers/Linux/net/wireless/trace.h:3688:1: error: expected declaration specifiers before 'TRACE_EVENT'
 3688 | TRACE_EVENT(cfg80211_tdls_oper_request,
      | ^~~~~~~~~~~
Drivers/Linux/net/wireless/trace.h:43:2: error: expected declaration specifiers before 'do'
   43 |  do {             \
      |  ^~
Drivers/Linux/net/wireless/trace.h:3701:3: note: in expansion of macro 'NETDEV_ASSIGN'
 3701 |   NETDEV_ASSIGN;
      |   ^~~~~~~~~~~~~
Drivers/Linux/net/wireless/trace.h:46:4: error: expected declaration specifiers before 'while'
   46 |  } while (0)
      |    ^~~~~
Drivers/Linux/net/wireless/trace.h:3701:3: note: in expansion of macro 'NETDEV_ASSIGN'
 3701 |   NETDEV_ASSIGN;
      |   ^~~~~~~~~~~~~
Drivers/Linux/net/wireless/trace.h:21:42: error: expected declaration specifiers before 'do'
   21 | #define MAC_ASSIGN(entry_mac, given_mac) do {        \
      |                                          ^~
Drivers/Linux/net/wireless/trace.h:3702:3: note: in expansion of macro 'MAC_ASSIGN'
 3702 |   MAC_ASSIGN(peer, peer);
      |   ^~~~~~~~~~
Drivers/Linux/net/wireless/trace.h:26:4: error: expected declaration specifiers before 'while'
   26 |  } while (0)
      |    ^~~~~
Drivers/Linux/net/wireless/trace.h:3702:3: note: in expansion of macro 'MAC_ASSIGN'
 3702 |   MAC_ASSIGN(peer, peer);
      |   ^~~~~~~~~~
Drivers/Linux/net/wireless/trace.h:3703:3: error: expected declaration specifiers before '__entry'
 3703 |   __entry->oper = oper;
      |   ^~~~~~~
Drivers/Linux/net/wireless/trace.h:3704:3: error: expected declaration specifiers before '__entry'
 3704 |   __entry->reason_code = reason_code;
      |   ^~~~~~~
Drivers/Linux/net/wireless/trace.h:3705:2: error: expected declaration specifiers before ')' token
 3705 |  ),
      |  ^
Drivers/Linux/net/wireless/trace.h:3711:1: error: expected declaration specifiers before 'TRACE_EVENT'
 3711 | TRACE_EVENT(cfg80211_scan_done,
      | ^~~~~~~~~~~
Drivers/Linux/net/wireless/trace.h:3739:3: error: expected declaration specifiers before 'if'
 3739 |   if (info) {
      |   ^~
Drivers/Linux/net/wireless/trace.h:3744:2: error: expected declaration specifiers before ')' token
 3744 |  ),
      |  ^
Drivers/Linux/net/wireless/trace.h:3751:1: error: expected declaration specifiers before 'DECLARE_EVENT_CLASS'
 3751 | DECLARE_EVENT_CLASS(wiphy_id_evt,
      | ^~~~~~~~~~~~~~~~~~~
Drivers/Linux/net/wireless/trace.h:3760:3: error: expected declaration specifiers before '__entry'
 3760 |   __entry->id = id;
      |   ^~~~~~~
Drivers/Linux/net/wireless/trace.h:3761:2: error: expected declaration specifiers before ')' token
 3761 |  ),
      |  ^
Drivers/Linux/net/wireless/trace.h:3765:1: error: expected declaration specifiers before 'DEFINE_EVENT'
 3765 | DEFINE_EVENT(wiphy_id_evt, cfg80211_sched_scan_stopped,
      | ^~~~~~~~~~~~
Drivers/Linux/net/wireless/trace.h:3770:1: error: expected declaration specifiers before 'DEFINE_EVENT'
 3770 | DEFINE_EVENT(wiphy_id_evt, cfg80211_sched_scan_results,
      | ^~~~~~~~~~~~
Drivers/Linux/net/wireless/trace.h:3775:1: error: expected declaration specifiers before 'TRACE_EVENT'
 3775 | TRACE_EVENT(cfg80211_get_bss,
      | ^~~~~~~~~~~
Drivers/Linux/net/wireless/trace.h:123:2: error: expected declaration specifiers before 'do'
  123 |  do {         \
      |  ^~
Drivers/Linux/net/wireless/trace.h:3791:3: note: in expansion of macro 'CHAN_ASSIGN'
 3791 |   CHAN_ASSIGN(channel);
      |   ^~~~~~~~~~~
Drivers/Linux/net/wireless/trace.h:133:4: error: expected declaration specifiers before 'while'
  133 |  } while (0)
      |    ^~~~~
Drivers/Linux/net/wireless/trace.h:3791:3: note: in expansion of macro 'CHAN_ASSIGN'
 3791 |   CHAN_ASSIGN(channel);
      |   ^~~~~~~~~~~
Drivers/Linux/net/wireless/trace.h:21:42: error: expected declaration specifiers before 'do'
   21 | #define MAC_ASSIGN(entry_mac, given_mac) do {        \
      |                                          ^~
Drivers/Linux/net/wireless/trace.h:3792:3: note: in expansion of macro 'MAC_ASSIGN'
 3792 |   MAC_ASSIGN(bssid, bssid);
      |   ^~~~~~~~~~
Drivers/Linux/net/wireless/trace.h:26:4: error: expected declaration specifiers before 'while'
   26 |  } while (0)
      |    ^~~~~
Drivers/Linux/net/wireless/trace.h:3792:3: note: in expansion of macro 'MAC_ASSIGN'
 3792 |   MAC_ASSIGN(bssid, bssid);
      |   ^~~~~~~~~~
Drivers/Linux/net/wireless/trace.h:3793:3: error: expected declaration specifiers before 'memcpy'
 3793 |   memcpy(__get_dynamic_array(ssid), ssid, ssid_len);
      |   ^~~~~~
Drivers/Linux/net/wireless/trace.h:3794:3: error: expected declaration specifiers before '__entry'
 3794 |   __entry->bss_type = bss_type;
      |   ^~~~~~~
Drivers/Linux/net/wireless/trace.h:3795:3: error: expected declaration specifiers before '__entry'
 3795 |   __entry->privacy = privacy;
      |   ^~~~~~~
Drivers/Linux/net/wireless/trace.h:3796:2: error: expected declaration specifiers before ')' token
 3796 |  ),
      |  ^
Drivers/Linux/net/wireless/trace.h:3804:1: error: expected declaration specifiers before 'TRACE_EVENT'
 3804 | TRACE_EVENT(cfg80211_inform_bss_frame,
      | ^~~~~~~~~~~
Drivers/Linux/net/wireless/trace.h:123:2: error: expected declaration specifiers before 'do'
  123 |  do {         \
      |  ^~
Drivers/Linux/net/wireless/trace.h:3819:3: note: in expansion of macro 'CHAN_ASSIGN'
 3819 |   CHAN_ASSIGN(data->chan);
      |   ^~~~~~~~~~~
Drivers/Linux/net/wireless/trace.h:133:4: error: expected declaration specifiers before 'while'
  133 |  } while (0)
      |    ^~~~~
Drivers/Linux/net/wireless/trace.h:3819:3: note: in expansion of macro 'CHAN_ASSIGN'
 3819 |   CHAN_ASSIGN(data->chan);
      |   ^~~~~~~~~~~
Drivers/Linux/net/wireless/trace.h:3820:3: error: expected declaration specifiers before 'if'
 3820 |   if (mgmt)
      |   ^~
Drivers/Linux/net/wireless/trace.h:3822:3: error: expected declaration specifiers before '__entry'
 3822 |   __entry->signal = data->signal;
      |   ^~~~~~~
Drivers/Linux/net/wireless/trace.h:3823:3: error: expected declaration specifiers before '__entry'
 3823 |   __entry->ts_boottime = data->boottime_ns;
      |   ^~~~~~~
Drivers/Linux/net/wireless/trace.h:3824:3: error: expected declaration specifiers before '__entry'
 3824 |   __entry->parent_tsf = data->parent_tsf;
      |   ^~~~~~~
Drivers/Linux/net/wireless/trace.h:21:42: error: expected declaration specifiers before 'do'
   21 | #define MAC_ASSIGN(entry_mac, given_mac) do {        \
      |                                          ^~
Drivers/Linux/net/wireless/trace.h:3825:3: note: in expansion of macro 'MAC_ASSIGN'
 3825 |   MAC_ASSIGN(parent_bssid, data->parent_bssid);
      |   ^~~~~~~~~~
Drivers/Linux/net/wireless/trace.h:26:4: error: expected declaration specifiers before 'while'
   26 |  } while (0)
      |    ^~~~~
Drivers/Linux/net/wireless/trace.h:3825:3: note: in expansion of macro 'MAC_ASSIGN'
 3825 |   MAC_ASSIGN(parent_bssid, data->parent_bssid);
      |   ^~~~~~~~~~
Drivers/Linux/net/wireless/trace.h:3826:2: error: expected declaration specifiers before ')' token
 3826 |  ),
      |  ^
Drivers/Linux/net/wireless/trace.h:3835:1: error: expected declaration specifiers before 'DECLARE_EVENT_CLASS'
 3835 | DECLARE_EVENT_CLASS(cfg80211_bss_evt,
      | ^~~~~~~~~~~~~~~~~~~
Drivers/Linux/net/wireless/trace.h:26:4: error: expected declaration specifiers before 'while'
   26 |  } while (0)
      |    ^~~~~
Drivers/Linux/net/wireless/trace.h:3843:3: note: in expansion of macro 'MAC_ASSIGN'
 3843 |   MAC_ASSIGN(bssid, pub->bssid);
      |   ^~~~~~~~~~
Drivers/Linux/net/wireless/trace.h:123:2: error: expected declaration specifiers before 'do'
  123 |  do {         \
      |  ^~
Drivers/Linux/net/wireless/trace.h:3844:3: note: in expansion of macro 'CHAN_ASSIGN'
 3844 |   CHAN_ASSIGN(pub->channel);
      |   ^~~~~~~~~~~
Drivers/Linux/net/wireless/trace.h:133:4: error: expected declaration specifiers before 'while'
  133 |  } while (0)
      |    ^~~~~
Drivers/Linux/net/wireless/trace.h:3844:3: note: in expansion of macro 'CHAN_ASSIGN'
 3844 |   CHAN_ASSIGN(pub->channel);
      |   ^~~~~~~~~~~
Drivers/Linux/net/wireless/trace.h:3845:2: error: expected declaration specifiers before ')' token
 3845 |  ),
      |  ^
Drivers/Linux/net/wireless/trace.h:3849:1: error: expected declaration specifiers before 'DEFINE_EVENT'
 3849 | DEFINE_EVENT(cfg80211_bss_evt, cfg80211_return_bss,
      | ^~~~~~~~~~~~
Drivers/Linux/net/wireless/trace.h:3854:1: error: expected declaration specifiers before 'TRACE_EVENT'
 3854 | TRACE_EVENT(cfg80211_report_wowlan_wakeup,
      | ^~~~~~~~~~~
Drivers/Linux/net/wireless/trace.h:35:21: error: expected declaration specifiers before '(' token
   35 | #define WDEV_ASSIGN (__entry->id) = (!IS_ERR_OR_NULL(wdev) \
      |                     ^
Drivers/Linux/net/wireless/trace.h:3875:3: note: in expansion of macro 'WDEV_ASSIGN'
 3875 |   WDEV_ASSIGN;
      |   ^~~~~~~~~~~
Drivers/Linux/net/wireless/trace.h:3876:3: error: expected declaration specifiers before '__entry'
 3876 |   __entry->non_wireless = !wakeup;
      |   ^~~~~~~
Drivers/Linux/net/wireless/trace.h:3877:3: error: expected declaration specifiers before '__entry'
 3877 |   __entry->disconnect = wakeup ? wakeup->disconnect : false;
      |   ^~~~~~~
Drivers/Linux/net/wireless/trace.h:3878:3: error: expected declaration specifiers before '__entry'
 3878 |   __entry->magic_pkt = wakeup ? wakeup->magic_pkt : false;
      |   ^~~~~~~
Drivers/Linux/net/wireless/trace.h:3879:3: error: expected declaration specifiers before '__entry'
 3879 |   __entry->gtk_rekey_failure = wakeup ? wakeup->gtk_rekey_failure : false;
      |   ^~~~~~~
Drivers/Linux/net/wireless/trace.h:3880:3: error: expected declaration specifiers before '__entry'
 3880 |   __entry->eap_identity_req = wakeup ? wakeup->eap_identity_req : false;
      |   ^~~~~~~
Drivers/Linux/net/wireless/trace.h:3881:3: error: expected declaration specifiers before '__entry'
 3881 |   __entry->four_way_handshake = wakeup ? wakeup->four_way_handshake : false;
      |   ^~~~~~~
Drivers/Linux/net/wireless/trace.h:3882:3: error: expected declaration specifiers before '__entry'
 3882 |   __entry->rfkill_release = wakeup ? wakeup->rfkill_release : false;
      |   ^~~~~~~
Drivers/Linux/net/wireless/trace.h:3883:3: error: expected declaration specifiers before '__entry'
 3883 |   __entry->pattern_idx = wakeup ? wakeup->pattern_idx : false;
      |   ^~~~~~~
Drivers/Linux/net/wireless/trace.h:3884:3: error: expected declaration specifiers before '__entry'
 3884 |   __entry->packet_len = wakeup ? wakeup->packet_len : false;
      |   ^~~~~~~
Drivers/Linux/net/wireless/trace.h:3885:3: error: expected declaration specifiers before 'if'
 3885 |   if (wakeup && wakeup->packet && wakeup->packet_present_len)
      |   ^~
Drivers/Linux/net/wireless/trace.h:3888:2: error: expected declaration specifiers before ')' token
 3888 |  ),
      |  ^
Drivers/Linux/net/wireless/trace.h:3892:1: error: expected declaration specifiers before 'TRACE_EVENT'
 3892 | TRACE_EVENT(cfg80211_ft_event,
      | ^~~~~~~~~~~
Drivers/Linux/net/wireless/trace.h:43:2: error: expected declaration specifiers before 'do'
   43 |  do {             \
      |  ^~
Drivers/Linux/net/wireless/trace.h:3905:3: note: in expansion of macro 'NETDEV_ASSIGN'
 3905 |   NETDEV_ASSIGN;
      |   ^~~~~~~~~~~~~
Drivers/Linux/net/wireless/trace.h:46:4: error: expected declaration specifiers before 'while'
   46 |  } while (0)
      |    ^~~~~
Drivers/Linux/net/wireless/trace.h:3905:3: note: in expansion of macro 'NETDEV_ASSIGN'
 3905 |   NETDEV_ASSIGN;
      |   ^~~~~~~~~~~~~
Drivers/Linux/net/wireless/trace.h:3906:3: error: expected declaration specifiers before 'if'
 3906 |   if (ft_event->ies)
      |   ^~
Drivers/Linux/net/wireless/trace.h:21:42: error: expected declaration specifiers before 'do'
   21 | #define MAC_ASSIGN(entry_mac, given_mac) do {        \
      |                                          ^~
Drivers/Linux/net/wireless/trace.h:3909:3: note: in expansion of macro 'MAC_ASSIGN'
 3909 |   MAC_ASSIGN(target_ap, ft_event->target_ap);
      |   ^~~~~~~~~~
Drivers/Linux/net/wireless/trace.h:26:4: error: expected declaration specifiers before 'while'
   26 |  } while (0)
      |    ^~~~~
Drivers/Linux/net/wireless/trace.h:3909:3: note: in expansion of macro 'MAC_ASSIGN'
 3909 |   MAC_ASSIGN(target_ap, ft_event->target_ap);
      |   ^~~~~~~~~~
Drivers/Linux/net/wireless/trace.h:3910:3: error: expected declaration specifiers before 'if'
 3910 |   if (ft_event->ric_ies)
      |   ^~
Drivers/Linux/net/wireless/trace.h:3913:2: error: expected declaration specifiers before ')' token
 3913 |  ),
      |  ^
Drivers/Linux/net/wireless/trace.h:3918:1: error: expected declaration specifiers before 'TRACE_EVENT'
 3918 | TRACE_EVENT(cfg80211_stop_link,
      | ^~~~~~~~~~~
Drivers/Linux/net/wireless/trace.h:35:21: error: expected declaration specifiers before '(' token
   35 | #define WDEV_ASSIGN (__entry->id) = (!IS_ERR_OR_NULL(wdev) \
      |                     ^
Drivers/Linux/net/wireless/trace.h:3929:3: note: in expansion of macro 'WDEV_ASSIGN'
 3929 |   WDEV_ASSIGN;
      |   ^~~~~~~~~~~
Drivers/Linux/net/wireless/trace.h:3930:3: error: expected declaration specifiers before '__entry'
 3930 |   __entry->link_id = link_id;
      |   ^~~~~~~
Drivers/Linux/net/wireless/trace.h:3931:2: error: expected declaration specifiers before ')' token
 3931 |  ),
      |  ^
Drivers/Linux/net/wireless/trace.h:3936:1: error: expected declaration specifiers before 'TRACE_EVENT'
 3936 | TRACE_EVENT(cfg80211_pmsr_report,
      | ^~~~~~~~~~~
Drivers/Linux/net/wireless/trace.h:35:21: error: expected declaration specifiers before '(' token
   35 | #define WDEV_ASSIGN (__entry->id) = (!IS_ERR_OR_NULL(wdev) \
      |                     ^
Drivers/Linux/net/wireless/trace.h:3948:3: note: in expansion of macro 'WDEV_ASSIGN'
 3948 |   WDEV_ASSIGN;
      |   ^~~~~~~~~~~
Drivers/Linux/net/wireless/trace.h:3949:3: error: expected declaration specifiers before '__entry'
 3949 |   __entry->cookie = cookie;
      |   ^~~~~~~
Drivers/Linux/net/wireless/trace.h:21:42: error: expected declaration specifiers before 'do'
   21 | #define MAC_ASSIGN(entry_mac, given_mac) do {        \
      |                                          ^~
Drivers/Linux/net/wireless/trace.h:3950:3: note: in expansion of macro 'MAC_ASSIGN'
 3950 |   MAC_ASSIGN(addr, addr);
      |   ^~~~~~~~~~
Drivers/Linux/net/wireless/trace.h:26:4: error: expected declaration specifiers before 'while'
   26 |  } while (0)
      |    ^~~~~
Drivers/Linux/net/wireless/trace.h:3950:3: note: in expansion of macro 'MAC_ASSIGN'
 3950 |   MAC_ASSIGN(addr, addr);
      |   ^~~~~~~~~~
Drivers/Linux/net/wireless/trace.h:3951:2: error: expected declaration specifiers before ')' token
 3951 |  ),
      |  ^
Drivers/Linux/net/wireless/trace.h:3958:1: error: expected declaration specifiers before 'TRACE_EVENT'
 3958 | TRACE_EVENT(cfg80211_pmsr_complete,
      | ^~~~~~~~~~~
Drivers/Linux/net/wireless/trace.h:35:21: error: expected declaration specifiers before '(' token
   35 | #define WDEV_ASSIGN (__entry->id) = (!IS_ERR_OR_NULL(wdev) \
      |                     ^
Drivers/Linux/net/wireless/trace.h:3968:3: note: in expansion of macro 'WDEV_ASSIGN'
 3968 |   WDEV_ASSIGN;
      |   ^~~~~~~~~~~
Drivers/Linux/net/wireless/trace.h:3969:3: error: expected declaration specifiers before '__entry'
 3969 |   __entry->cookie = cookie;
      |   ^~~~~~~
Drivers/Linux/net/wireless/trace.h:3970:2: error: expected declaration specifiers before ')' token
 3970 |  ),
      |  ^
Drivers/Linux/net/wireless/trace.h:3976:1: error: expected declaration specifiers before 'TRACE_EVENT'
 3976 | TRACE_EVENT(cfg80211_update_owe_info_event,
      | ^~~~~~~~~~~
Drivers/Linux/net/wireless/trace.h:43:2: error: expected declaration specifiers before 'do'
   43 |  do {             \
      |  ^~
Drivers/Linux/net/wireless/trace.h:3990:3: note: in expansion of macro 'NETDEV_ASSIGN'
 3990 |   NETDEV_ASSIGN;
      |   ^~~~~~~~~~~~~
Drivers/Linux/net/wireless/trace.h:46:4: error: expected declaration specifiers before 'while'
   46 |  } while (0)
      |    ^~~~~
Drivers/Linux/net/wireless/trace.h:3990:3: note: in expansion of macro 'NETDEV_ASSIGN'
 3990 |   NETDEV_ASSIGN;
      |   ^~~~~~~~~~~~~
Drivers/Linux/net/wireless/trace.h:21:42: error: expected declaration specifiers before 'do'
   21 | #define MAC_ASSIGN(entry_mac, given_mac) do {        \
      |                                          ^~
Drivers/Linux/net/wireless/trace.h:3991:3: note: in expansion of macro 'MAC_ASSIGN'
 3991 |   MAC_ASSIGN(peer, owe_info->peer);
      |   ^~~~~~~~~~
Drivers/Linux/net/wireless/trace.h:26:4: error: expected declaration specifiers before 'while'
   26 |  } while (0)
      |    ^~~~~
Drivers/Linux/net/wireless/trace.h:3991:3: note: in expansion of macro 'MAC_ASSIGN'
 3991 |   MAC_ASSIGN(peer, owe_info->peer);
      |   ^~~~~~~~~~
Drivers/Linux/net/wireless/trace.h:3992:3: error: expected declaration specifiers before 'memcpy'
 3992 |   memcpy(__get_dynamic_array(ie), owe_info->ie,
      |   ^~~~~~
Drivers/Linux/net/wireless/trace.h:3994:3: error: expected declaration specifiers before '__entry'
 3994 |   __entry->assoc_link_id = owe_info->assoc_link_id;
      |   ^~~~~~~
Drivers/Linux/net/wireless/trace.h:21:42: error: expected declaration specifiers before 'do'
   21 | #define MAC_ASSIGN(entry_mac, given_mac) do {        \
      |                                          ^~
Drivers/Linux/net/wireless/trace.h:3995:3: note: in expansion of macro 'MAC_ASSIGN'
 3995 |   MAC_ASSIGN(peer_mld_addr, owe_info->peer_mld_addr);
      |   ^~~~~~~~~~
Drivers/Linux/net/wireless/trace.h:26:4: error: expected declaration specifiers before 'while'
   26 |  } while (0)
      |    ^~~~~
Drivers/Linux/net/wireless/trace.h:3995:3: note: in expansion of macro 'MAC_ASSIGN'
 3995 |   MAC_ASSIGN(peer_mld_addr, owe_info->peer_mld_addr);
      |   ^~~~~~~~~~
Drivers/Linux/net/wireless/trace.h:3996:2: error: expected declaration specifiers before ')' token
 3996 |  ),
      |  ^
Drivers/Linux/net/wireless/trace.h:4003:1: error: expected declaration specifiers before 'TRACE_EVENT'
 4003 | TRACE_EVENT(cfg80211_bss_color_notify,
      | ^~~~~~~~~~~
Drivers/Linux/net/wireless/trace.h:46:4: error: expected declaration specifiers before 'while'
   46 |  } while (0)
      |    ^~~~~
Drivers/Linux/net/wireless/trace.h:4015:3: note: in expansion of macro 'NETDEV_ASSIGN'
 4015 |   NETDEV_ASSIGN;
      |   ^~~~~~~~~~~~~
Drivers/Linux/net/wireless/trace.h:4016:3: error: expected declaration specifiers before '__entry'
 4016 |   __entry->cmd = cmd;
      |   ^~~~~~~
Drivers/Linux/net/wireless/trace.h:4017:3: error: expected declaration specifiers before '__entry'
 4017 |   __entry->count = count;
      |   ^~~~~~~
Drivers/Linux/net/wireless/trace.h:4018:3: error: expected declaration specifiers before '__entry'
 4018 |   __entry->color_bitmap = color_bitmap;
      |   ^~~~~~~
Drivers/Linux/net/wireless/trace.h:4019:2: error: expected declaration specifiers before ')' token
 4019 |  ),
      |  ^
Drivers/Linux/net/wireless/trace.h:4025:1: error: expected declaration specifiers before 'TRACE_EVENT'
 4025 | TRACE_EVENT(cfg80211_assoc_comeback,
      | ^~~~~~~~~~~
Drivers/Linux/net/wireless/trace.h:21:42: error: expected declaration specifiers before 'do'
   21 | #define MAC_ASSIGN(entry_mac, given_mac) do {        \
      |                                          ^~
Drivers/Linux/net/wireless/trace.h:4035:3: note: in expansion of macro 'MAC_ASSIGN'
 4035 |   MAC_ASSIGN(ap_addr, ap_addr);
      |   ^~~~~~~~~~
Drivers/Linux/net/wireless/trace.h:26:4: error: expected declaration specifiers before 'while'
   26 |  } while (0)
      |    ^~~~~
Drivers/Linux/net/wireless/trace.h:4035:3: note: in expansion of macro 'MAC_ASSIGN'
 4035 |   MAC_ASSIGN(ap_addr, ap_addr);
      |   ^~~~~~~~~~
Drivers/Linux/net/wireless/trace.h:4036:3: error: expected declaration specifiers before '__entry'
 4036 |   __entry->timeout = timeout;
      |   ^~~~~~~
Drivers/Linux/net/wireless/trace.h:4037:2: error: expected declaration specifiers before ')' token
 4037 |  ),
      |  ^
Drivers/Linux/net/wireless/trace.h:4042:1: error: expected declaration specifiers before 'DECLARE_EVENT_CLASS'
 4042 | DECLARE_EVENT_CLASS(link_station_add_mod,
      | ^~~~~~~~~~~~~~~~~~~
Drivers/Linux/net/wireless/trace.h:43:2: error: expected declaration specifiers before 'do'
   43 |  do {             \
      |  ^~
Drivers/Linux/net/wireless/trace.h:4064:3: note: in expansion of macro 'NETDEV_ASSIGN'
 4064 |   NETDEV_ASSIGN;
      |   ^~~~~~~~~~~~~
Drivers/Linux/net/wireless/trace.h:46:4: error: expected declaration specifiers before 'while'
   46 |  } while (0)
      |    ^~~~~
Drivers/Linux/net/wireless/trace.h:4064:3: note: in expansion of macro 'NETDEV_ASSIGN'
 4064 |   NETDEV_ASSIGN;
      |   ^~~~~~~~~~~~~
Drivers/Linux/net/wireless/trace.h:4065:3: error: expected declaration specifiers before 'memset'
 4065 |   memset(__entry->mld_mac, 0, 6);
      |   ^~~~~~
Drivers/Linux/net/wireless/trace.h:4066:3: error: expected declaration specifiers before 'memset'
 4066 |   memset(__entry->link_mac, 0, 6);
      |   ^~~~~~
Drivers/Linux/net/wireless/trace.h:4067:3: error: expected declaration specifiers before 'if'
 4067 |   if (params->mld_mac)
      |   ^~
Drivers/Linux/net/wireless/trace.h:4069:3: error: expected declaration specifiers before 'if'
 4069 |   if (params->link_mac)
      |   ^~
Drivers/Linux/net/wireless/trace.h:4071:3: error: expected declaration specifiers before '__entry'
 4071 |   __entry->link_id = params->link_id;
      |   ^~~~~~~
Drivers/Linux/net/wireless/trace.h:4072:3: error: expected declaration specifiers before 'if'
 4072 |   if (params->supported_rates && params->supported_rates_len)
      |   ^~
Drivers/Linux/net/wireless/trace.h:4076:3: error: expected declaration specifiers before 'memset'
 4076 |   memset(__entry->ht_capa, 0, sizeof(struct ieee80211_ht_cap));
      |   ^~~~~~
Drivers/Linux/net/wireless/trace.h:4077:3: error: expected declaration specifiers before 'if'
 4077 |   if (params->ht_capa)
      |   ^~
Drivers/Linux/net/wireless/trace.h:4080:3: error: expected declaration specifiers before 'memset'
 4080 |   memset(__entry->vht_capa, 0, sizeof(struct ieee80211_vht_cap));
      |   ^~~~~~
Drivers/Linux/net/wireless/trace.h:4081:3: error: expected declaration specifiers before 'if'
 4081 |   if (params->vht_capa)
      |   ^~
Drivers/Linux/net/wireless/trace.h:4084:3: error: expected declaration specifiers before '__entry'
 4084 |   __entry->opmode_notif = params->opmode_notif;
      |   ^~~~~~~
Drivers/Linux/net/wireless/trace.h:4085:3: error: expected declaration specifiers before '__entry'
 4085 |   __entry->opmode_notif_used = params->opmode_notif_used;
      |   ^~~~~~~
Drivers/Linux/net/wireless/trace.h:4086:3: error: expected declaration specifiers before 'if'
 4086 |   if (params->he_capa && params->he_capa_len)
      |   ^~
Drivers/Linux/net/wireless/trace.h:4089:3: error: expected declaration specifiers before 'memset'
 4089 |   memset(__entry->he_6ghz_capa, 0, sizeof(struct ieee80211_he_6ghz_capa));
      |   ^~~~~~
Drivers/Linux/net/wireless/trace.h:4090:3: error: expected declaration specifiers before 'if'
 4090 |   if (params->he_6ghz_capa)
      |   ^~
Drivers/Linux/net/wireless/trace.h:4093:3: error: expected declaration specifiers before 'if'
 4093 |   if (params->eht_capa && params->eht_capa_len)
      |   ^~
Drivers/Linux/net/wireless/trace.h:4096:2: error: expected declaration specifiers before ')' token
 4096 |  ),
      |  ^
Drivers/Linux/net/wireless/trace.h:4103:1: error: expected declaration specifiers before 'DEFINE_EVENT'
 4103 | DEFINE_EVENT(link_station_add_mod, rdev_add_link_station,
      | ^~~~~~~~~~~~
Drivers/Linux/net/wireless/trace.h:4109:1: error: expected declaration specifiers before 'DEFINE_EVENT'
 4109 | DEFINE_EVENT(link_station_add_mod, rdev_mod_link_station,
      | ^~~~~~~~~~~~
Drivers/Linux/net/wireless/trace.h:4115:1: error: expected declaration specifiers before 'TRACE_EVENT'
 4115 | TRACE_EVENT(cfg80211_links_removed,
      | ^~~~~~~~~~~
Drivers/Linux/net/wireless/trace.h:46:4: error: expected declaration specifiers before 'while'
   46 |  } while (0)
      |    ^~~~~
Drivers/Linux/net/wireless/trace.h:4123:3: note: in expansion of macro 'NETDEV_ASSIGN'
 4123 |   NETDEV_ASSIGN;
      |   ^~~~~~~~~~~~~
Drivers/Linux/net/wireless/trace.h:4124:3: error: expected declaration specifiers before '__entry'
 4124 |   __entry->link_mask = link_mask;
      |   ^~~~~~~
Drivers/Linux/net/wireless/trace.h:4125:2: error: expected declaration specifiers before ')' token
 4125 |  ),
      |  ^
Drivers/Linux/net/wireless/trace.h:4130:1: error: expected declaration specifiers before 'TRACE_EVENT'
 4130 | TRACE_EVENT(cfg80211_mlo_reconf_add_done,
      | ^~~~~~~~~~~
Drivers/Linux/net/wireless/trace.h:46:4: error: expected declaration specifiers before 'while'
   46 |  } while (0)
      |    ^~~~~
Drivers/Linux/net/wireless/trace.h:4141:3: note: in expansion of macro 'NETDEV_ASSIGN'
 4141 |   NETDEV_ASSIGN;
      |   ^~~~~~~~~~~~~
Drivers/Linux/net/wireless/trace.h:4142:3: error: expected declaration specifiers before '__entry'
 4142 |   __entry->link_mask = link_mask;
      |   ^~~~~~~
Drivers/Linux/net/wireless/trace.h:4143:3: error: expected declaration specifiers before 'memcpy'
 4143 |   memcpy(__get_dynamic_array(buf), buf, len);
      |   ^~~~~~
Drivers/Linux/net/wireless/trace.h:4144:3: error: expected declaration specifiers before '__entry'
 4144 |   __entry->driver_initiated = driver_initiated;
      |   ^~~~~~~
Drivers/Linux/net/wireless/trace.h:4145:2: error: expected declaration specifiers before ')' token
 4145 |  ),
      |  ^
Drivers/Linux/net/wireless/trace.h:4150:1: error: expected declaration specifiers before 'TRACE_EVENT'
 4150 | TRACE_EVENT(rdev_assoc_ml_reconf,
      | ^~~~~~~~~~~
Drivers/Linux/net/wireless/trace.h:43:2: error: expected declaration specifiers before 'do'
   43 |  do {             \
      |  ^~
Drivers/Linux/net/wireless/trace.h:4163:3: note: in expansion of macro 'NETDEV_ASSIGN'
 4163 |   NETDEV_ASSIGN;
      |   ^~~~~~~~~~~~~
Drivers/Linux/net/wireless/trace.h:46:4: error: expected declaration specifiers before 'while'
   46 |  } while (0)
      |    ^~~~~
Drivers/Linux/net/wireless/trace.h:4163:3: note: in expansion of macro 'NETDEV_ASSIGN'
 4163 |   NETDEV_ASSIGN;
      |   ^~~~~~~~~~~~~
Drivers/Linux/net/wireless/trace.h:4166:3: error: expected declaration specifiers before '__entry'
 4166 |   __entry->add_links = 0;
      |   ^~~~~~~
Drivers/Linux/net/wireless/trace.h:4167:3: error: expected declaration specifiers before '__entry'
 4167 |   __entry->rem_links = req->rem_links;
      |   ^~~~~~~
Drivers/Linux/net/wireless/trace.h:4168:3: error: expected declaration specifiers before 'for'
 4168 |   for (i = 0; i < IEEE80211_MLD_MAX_NUM_LINKS; i++)
      |   ^~~
Drivers/Linux/net/wireless/trace.h:4168:15: error: expected declaration specifiers before 'i'
 4168 |   for (i = 0; i < IEEE80211_MLD_MAX_NUM_LINKS; i++)
      |               ^
Drivers/Linux/net/wireless/trace.h:4168:48: error: expected declaration specifiers before 'i'
 4168 |   for (i = 0; i < IEEE80211_MLD_MAX_NUM_LINKS; i++)
      |                                                ^
Drivers/Linux/net/wireless/trace.h:4171:3: error: expected declaration specifiers before '__entry'
 4171 |   __entry->ext_mld_capa_ops = req->ext_mld_capa_ops;
      |   ^~~~~~~
Drivers/Linux/net/wireless/trace.h:4172:2: error: expected declaration specifiers before ')' token
 4172 |  ),
      |  ^
Drivers/Linux/net/wireless/trace.h:4178:1: error: expected declaration specifiers before 'TRACE_EVENT'
 4178 | TRACE_EVENT(cfg80211_epcs_changed,
      | ^~~~~~~~~~~
Drivers/Linux/net/wireless/trace.h:4187:3: error: expected declaration specifiers before '__entry'
 4187 |   __entry->enabled = enabled;
      |   ^~~~~~~
Drivers/Linux/net/wireless/trace.h:4188:2: error: expected declaration specifiers before ')' token
 4188 |  ),
      |  ^
Drivers/Linux/net/wireless/trace.h:4193:1: error: expected declaration specifiers before 'TRACE_EVENT'
 4193 | TRACE_EVENT(cfg80211_next_nan_dw_notif,
      | ^~~~~~~~~~~
Drivers/Linux/net/wireless/trace.h:123:2: error: expected declaration specifiers before 'do'
  123 |  do {         \
      |  ^~
Drivers/Linux/net/wireless/trace.h:4203:3: note: in expansion of macro 'CHAN_ASSIGN'
 4203 |   CHAN_ASSIGN(chan);
      |   ^~~~~~~~~~~
Drivers/Linux/net/wireless/trace.h:133:4: error: expected declaration specifiers before 'while'
  133 |  } while (0)
      |    ^~~~~
Drivers/Linux/net/wireless/trace.h:4203:3: note: in expansion of macro 'CHAN_ASSIGN'
 4203 |   CHAN_ASSIGN(chan);
      |   ^~~~~~~~~~~
Drivers/Linux/net/wireless/trace.h:4204:2: error: expected declaration specifiers before ')' token
 4204 |  ),
      |  ^
Drivers/Linux/net/wireless/trace.h:4209:1: error: expected declaration specifiers before 'TRACE_EVENT'
 4209 | TRACE_EVENT(cfg80211_nan_cluster_joined,
      | ^~~~~~~~~~~
Drivers/Linux/net/wireless/trace.h:21:42: error: expected declaration specifiers before 'do'
   21 | #define MAC_ASSIGN(entry_mac, given_mac) do {        \
      |                                          ^~
Drivers/Linux/net/wireless/trace.h:4221:3: note: in expansion of macro 'MAC_ASSIGN'
 4221 |   MAC_ASSIGN(cluster_id, cluster_id);
      |   ^~~~~~~~~~
Drivers/Linux/net/wireless/trace.h:26:4: error: expected declaration specifiers before 'while'
   26 |  } while (0)
      |    ^~~~~
Drivers/Linux/net/wireless/trace.h:4221:3: note: in expansion of macro 'MAC_ASSIGN'
 4221 |   MAC_ASSIGN(cluster_id, cluster_id);
      |   ^~~~~~~~~~
Drivers/Linux/net/wireless/trace.h:4222:3: error: expected declaration specifiers before '__entry'
 4222 |   __entry->new_cluster = new_cluster;
      |   ^~~~~~~
Drivers/Linux/net/wireless/trace.h:4223:2: error: expected declaration specifiers before ')' token
 4223 |  ),
      |  ^
In file included from Drivers/Linux/net/wireless/ap.c:11:
Drivers/Linux/net/wireless/rdev-ops.h:17:1: error: expected '=', ',', ';', 'asm' or '__attribute__' before '{' token
   17 | {
      | ^
Drivers/Linux/net/wireless/rdev-ops.h:26:1: error: expected '=', ',', ';', 'asm' or '__attribute__' before '{' token
   26 | {
      | ^
Drivers/Linux/net/wireless/rdev-ops.h:36:1: error: expected '=', ',', ';', 'asm' or '__attribute__' before '{' token
   36 | {
      | ^
Drivers/Linux/net/wireless/rdev-ops.h:47:1: error: expected '=', ',', ';', 'asm' or '__attribute__' before '{' token
   47 | {
      | ^
Drivers/Linux/net/wireless/rdev-ops.h:59:1: error: expected '=', ',', ';', 'asm' or '__attribute__' before '{' token
   59 | {
      | ^
Drivers/Linux/net/wireless/rdev-ops.h:71:1: error: expected '=', ',', ';', 'asm' or '__attribute__' before '{' token
   71 | {
      | ^
Drivers/Linux/net/wireless/rdev-ops.h:83:1: error: expected '=', ',', ';', 'asm' or '__attribute__' before '{' token
   83 | {
      | ^
Drivers/Linux/net/wireless/rdev-ops.h:98:1: error: expected '=', ',', ';', 'asm' or '__attribute__' before '{' token
   98 | {
      | ^
Drivers/Linux/net/wireless/rdev-ops.h:111:1: error: expected '=', ',', ';', 'asm' or '__attribute__' before '{' token
  111 | {
      | ^
Drivers/Linux/net/wireless/rdev-ops.h:125:1: error: expected '=', ',', ';', 'asm' or '__attribute__' before '{' token
  125 | {
      | ^
Drivers/Linux/net/wireless/rdev-ops.h:138:1: error: expected '=', ',', ';', 'asm' or '__attribute__' before '{' token
  138 | {
      | ^
Drivers/Linux/net/wireless/rdev-ops.h:152:1: error: expected '=', ',', ';', 'asm' or '__attribute__' before '{' token
  152 | {
      | ^
Drivers/Linux/net/wireless/rdev-ops.h:166:1: error: expected '=', ',', ';', 'asm' or '__attribute__' before '{' token
  166 | {
      | ^
Drivers/Linux/net/wireless/rdev-ops.h:177:1: error: expected '=', ',', ';', 'asm' or '__attribute__' before '{' token
  177 | {
      | ^
Drivers/Linux/net/wireless/rdev-ops.h:187:1: error: expected '=', ',', ';', 'asm' or '__attribute__' before '{' token
  187 | {
      | ^
Drivers/Linux/net/wireless/rdev-ops.h:198:1: error: expected '=', ',', ';', 'asm' or '__attribute__' before '{' token
  198 | {
      | ^
Drivers/Linux/net/wireless/rdev-ops.h:209:1: error: expected '=', ',', ';', 'asm' or '__attribute__' before '{' token
  209 | {
      | ^
Drivers/Linux/net/wireless/rdev-ops.h:220:1: error: expected '=', ',', ';', 'asm' or '__attribute__' before '{' token
  220 | {
      | ^
Drivers/Linux/net/wireless/rdev-ops.h:231:1: error: expected '=', ',', ';', 'asm' or '__attribute__' before '{' token
  231 | {
      | ^
Drivers/Linux/net/wireless/rdev-ops.h:242:1: error: expected '=', ',', ';', 'asm' or '__attribute__' before '{' token
  242 | {
      | ^
Drivers/Linux/net/wireless/rdev-ops.h:252:1: error: expected '=', ',', ';', 'asm' or '__attribute__' before '{' token
  252 | {
      | ^
Drivers/Linux/net/wireless/rdev-ops.h:262:1: error: expected '=', ',', ';', 'asm' or '__attribute__' before '{' token
  262 | {
      | ^
Drivers/Linux/net/wireless/rdev-ops.h:273:1: error: expected '=', ',', ';', 'asm' or '__attribute__' before '{' token
  273 | {
      | ^
Drivers/Linux/net/wireless/rdev-ops.h:284:1: error: expected '=', ',', ';', 'asm' or '__attribute__' before '{' token
  284 | {
      | ^
Drivers/Linux/net/wireless/rdev-ops.h:296:1: error: expected '=', ',', ';', 'asm' or '__attribute__' before '{' token
  296 | {
      | ^
Drivers/Linux/net/wireless/rdev-ops.h:309:1: error: expected '=', ',', ';', 'asm' or '__attribute__' before '{' token
  309 | {
      | ^
Drivers/Linux/net/wireless/rdev-ops.h:322:1: error: expected '=', ',', ';', 'asm' or '__attribute__' before '{' token
  322 | {
      | ^
Drivers/Linux/net/wireless/rdev-ops.h:334:1: error: expected '=', ',', ';', 'asm' or '__attribute__' before '{' token
  334 | {
      | ^
Drivers/Linux/net/wireless/rdev-ops.h:346:1: error: expected '=', ',', ';', 'asm' or '__attribute__' before '{' token
  346 | {
      | ^
Drivers/Linux/net/wireless/rdev-ops.h:358:1: error: expected '=', ',', ';', 'asm' or '__attribute__' before '{' token
  358 | {
      | ^
Drivers/Linux/net/wireless/rdev-ops.h:369:1: error: expected '=', ',', ';', 'asm' or '__attribute__' before '{' token
  369 | {
      | ^
Drivers/Linux/net/wireless/rdev-ops.h:380:1: error: expected '=', ',', ';', 'asm' or '__attribute__' before '{' token
  380 | {
      | ^
Drivers/Linux/net/wireless/rdev-ops.h:390:1: error: expected '=', ',', ';', 'asm' or '__attribute__' before '{' token
  390 | {
      | ^
Drivers/Linux/net/wireless/rdev-ops.h:402:1: error: expected '=', ',', ';', 'asm' or '__attribute__' before '{' token
  402 | {
      | ^
Drivers/Linux/net/wireless/rdev-ops.h:415:1: error: expected '=', ',', ';', 'asm' or '__attribute__' before '{' token
  415 | {
      | ^
Drivers/Linux/net/wireless/rdev-ops.h:426:1: error: expected '=', ',', ';', 'asm' or '__attribute__' before '{' token
  426 | {
      | ^
Drivers/Linux/net/wireless/rdev-ops.h:438:1: error: expected '=', ',', ';', 'asm' or '__attribute__' before '{' token
  438 | {
      | ^
Drivers/Linux/net/wireless/rdev-ops.h:450:1: error: expected '=', ',', ';', 'asm' or '__attribute__' before '{' token
  450 | {
      | ^
Drivers/Linux/net/wireless/rdev-ops.h:460:1: error: expected '=', ',', ';', 'asm' or '__attribute__' before '{' token
  460 | {
      | ^
Drivers/Linux/net/wireless/rdev-ops.h:474:1: error: expected '=', ',', ';', 'asm' or '__attribute__' before '{' token
  474 | {
      | ^
Drivers/Linux/net/wireless/rdev-ops.h:483:1: error: expected '=', ',', ';', 'asm' or '__attribute__' before '{' token
  483 | {
      | ^
Drivers/Linux/net/wireless/rdev-ops.h:494:1: error: expected '=', ',', ';', 'asm' or '__attribute__' before '{' token
  494 | {
      | ^
Drivers/Linux/net/wireless/rdev-ops.h:506:1: error: expected '=', ',', ';', 'asm' or '__attribute__' before '{' token
  506 | {
      | ^
Drivers/Linux/net/wireless/rdev-ops.h:517:1: error: expected '=', ',', ';', 'asm' or '__attribute__' before '{' token
  517 | {
      | ^
Drivers/Linux/net/wireless/rdev-ops.h:528:1: error: expected '=', ',', ';', 'asm' or '__attribute__' before '{' token
  528 | {
      | ^
Drivers/Linux/net/wireless/rdev-ops.h:540:1: error: expected '=', ',', ';', 'asm' or '__attribute__' before '{' token
  540 | {
      | ^
Drivers/Linux/net/wireless/rdev-ops.h:550:1: error: expected '=', ',', ';', 'asm' or '__attribute__' before '{' token
  550 | {
      | ^
Drivers/Linux/net/wireless/rdev-ops.h:561:1: error: expected '=', ',', ';', 'asm' or '__attribute__' before '{' token
  561 | {
      | ^
Drivers/Linux/net/wireless/rdev-ops.h:571:1: error: expected '=', ',', ';', 'asm' or '__attribute__' before '{' token
  571 | {
      | ^
Drivers/Linux/net/wireless/rdev-ops.h:582:1: error: expected '=', ',', ';', 'asm' or '__attribute__' before '{' token
  582 | {
      | ^
Drivers/Linux/net/wireless/rdev-ops.h:597:1: error: expected '=', ',', ';', 'asm' or '__attribute__' before '{' token
  597 | {
      | ^
Drivers/Linux/net/wireless/rdev-ops.h:609:1: error: expected '=', ',', ';', 'asm' or '__attribute__' before '{' token
  609 | {
      | ^
Drivers/Linux/net/wireless/rdev-ops.h:622:1: error: expected '=', ',', ';', 'asm' or '__attribute__' before '{' token
  622 | {
      | ^
Drivers/Linux/net/wireless/rdev-ops.h:634:1: error: expected '=', ',', ';', 'asm' or '__attribute__' before '{' token
  634 | {
      | ^
Drivers/Linux/net/wireless/rdev-ops.h:643:1: error: expected '=', ',', ';', 'asm' or '__attribute__' before '{' token
  643 | {
      | ^
Drivers/Linux/net/wireless/rdev-ops.h:680:1: error: expected '=', ',', ';', 'asm' or '__attribute__' before '{' token
  680 | {
      | ^
Drivers/Linux/net/wireless/rdev-ops.h:692:1: error: expected '=', ',', ';', 'asm' or '__attribute__' before '{' token
  692 | {
      | ^
Drivers/Linux/net/wireless/rdev-ops.h:706:1: error: expected '=', ',', ';', 'asm' or '__attribute__' before '{' token
  706 | {
      | ^
Drivers/Linux/net/wireless/rdev-ops.h:717:1: error: expected '=', ',', ';', 'asm' or '__attribute__' before '{' token
  717 | {
      | ^
Drivers/Linux/net/wireless/rdev-ops.h:727:1: error: expected '=', ',', ';', 'asm' or '__attribute__' before '{' token
  727 | {
      | ^
Drivers/Linux/net/wireless/rdev-ops.h:740:1: error: expected '=', ',', ';', 'asm' or '__attribute__' before '{' token
  740 | {
      | ^
Drivers/Linux/net/wireless/rdev-ops.h:752:1: error: expected '=', ',', ';', 'asm' or '__attribute__' before '{' token
  752 | {
      | ^
Drivers/Linux/net/wireless/rdev-ops.h:764:1: error: expected '=', ',', ';', 'asm' or '__attribute__' before '{' token
  764 | {
      | ^
Drivers/Linux/net/wireless/rdev-ops.h:778:1: error: expected '=', ',', ';', 'asm' or '__attribute__' before '{' token
  778 | {
      | ^
Drivers/Linux/net/wireless/rdev-ops.h:794:1: error: expected '=', ',', ';', 'asm' or '__attribute__' before '{' token
  794 | {
      | ^
Drivers/Linux/net/wireless/rdev-ops.h:805:1: error: expected '=', ',', ';', 'asm' or '__attribute__' before '{' token
  805 | {
      | ^
Drivers/Linux/net/wireless/rdev-ops.h:816:1: error: expected '=', ',', ';', 'asm' or '__attribute__' before '{' token
  816 | {
      | ^
Drivers/Linux/net/wireless/rdev-ops.h:829:1: error: expected '=', ',', ';', 'asm' or '__attribute__' before '{' token
  829 | {
      | ^
Drivers/Linux/net/wireless/rdev-ops.h:841:1: error: expected '=', ',', ';', 'asm' or '__attribute__' before '{' token
  841 | {
      | ^
Drivers/Linux/net/wireless/rdev-ops.h:854:1: error: expected '=', ',', ';', 'asm' or '__attribute__' before '{' token
  854 | {
      | ^
Drivers/Linux/net/wireless/rdev-ops.h:866:1: error: expected '=', ',', ';', 'asm' or '__attribute__' before '{' token
  866 | {
      | ^
Drivers/Linux/net/wireless/rdev-ops.h:876:1: error: expected '=', ',', ';', 'asm' or '__attribute__' before '{' token
  876 | {
      | ^
Drivers/Linux/net/wireless/rdev-ops.h:892:1: error: expected '=', ',', ';', 'asm' or '__attribute__' before '{' token
  892 | {
      | ^
Drivers/Linux/net/wireless/rdev-ops.h:902:1: error: expected '=', ',', ';', 'asm' or '__attribute__' before '{' token
  902 | {
      | ^
Drivers/Linux/net/wireless/rdev-ops.h:913:1: error: expected '=', ',', ';', 'asm' or '__attribute__' before '{' token
  913 | {
      | ^
Drivers/Linux/net/wireless/rdev-ops.h:927:1: error: expected '=', ',', ';', 'asm' or '__attribute__' before '{' token
  927 | {
      | ^
Drivers/Linux/net/wireless/rdev-ops.h:942:1: error: expected '=', ',', ';', 'asm' or '__attribute__' before '{' token
  942 | {
      | ^
Drivers/Linux/net/wireless/rdev-ops.h:953:1: error: expected '=', ',', ';', 'asm' or '__attribute__' before '{' token
  953 | {
      | ^
Drivers/Linux/net/wireless/rdev-ops.h:963:1: error: expected '=', ',', ';', 'asm' or '__attribute__' before '{' token
  963 | {
      | ^
Drivers/Linux/net/wireless/rdev-ops.h:976:1: error: expected '=', ',', ';', 'asm' or '__attribute__' before '{' token
  976 | {
      | ^
Drivers/Linux/net/wireless/rdev-ops.h:988:1: error: expected '=', ',', ';', 'asm' or '__attribute__' before '{' token
  988 | {
      | ^
Drivers/Linux/net/wireless/rdev-ops.h:999:1: error: expected '=', ',', ';', 'asm' or '__attribute__' before '{' token
  999 | {
      | ^
Drivers/Linux/net/wireless/rdev-ops.h:1008:1: error: expected '=', ',', ';', 'asm' or '__attribute__' before '{' token
 1008 | {
      | ^
Drivers/Linux/net/wireless/rdev-ops.h:1019:1: error: expected '=', ',', ';', 'asm' or '__attribute__' before '{' token
 1019 | {
      | ^
Drivers/Linux/net/wireless/rdev-ops.h:1029:1: error: expected '=', ',', ';', 'asm' or '__attribute__' before '{' token
 1029 | {
      | ^
Drivers/Linux/net/wireless/rdev-ops.h:1040:1: error: expected '=', ',', ';', 'asm' or '__attribute__' before '{' token
 1040 | {
      | ^
Drivers/Linux/net/wireless/rdev-ops.h:1050:1: error: expected '=', ',', ';', 'asm' or '__attribute__' before '{' token
 1050 | {
      | ^
Drivers/Linux/net/wireless/rdev-ops.h:1066:1: error: expected '=', ',', ';', 'asm' or '__attribute__' before '{' token
 1066 | {
      | ^
Drivers/Linux/net/wireless/rdev-ops.h:1078:1: error: expected '=', ',', ';', 'asm' or '__attribute__' before '{' token
 1078 | {
      | ^
Drivers/Linux/net/wireless/rdev-ops.h:1091:1: error: expected '=', ',', ';', 'asm' or '__attribute__' before '{' token
 1091 | {
      | ^
Drivers/Linux/net/wireless/rdev-ops.h:1103:1: error: expected '=', ',', ';', 'asm' or '__attribute__' before '{' token
 1103 | {
      | ^
Drivers/Linux/net/wireless/rdev-ops.h:1112:1: error: expected '=', ',', ';', 'asm' or '__attribute__' before '{' token
 1112 | {
      | ^
Drivers/Linux/net/wireless/rdev-ops.h:1124:1: error: expected '=', ',', ';', 'asm' or '__attribute__' before '{' token
 1124 | {
      | ^
Drivers/Linux/net/wireless/rdev-ops.h:1141:1: error: expected '=', ',', ';', 'asm' or '__attribute__' before '{' token
 1141 | {
      | ^
Drivers/Linux/net/wireless/rdev-ops.h:1155:1: error: expected '=', ',', ';', 'asm' or '__attribute__' before '{' token
 1155 | {
      | ^
Drivers/Linux/net/wireless/rdev-ops.h:1171:1: error: expected '=', ',', ';', 'asm' or '__attribute__' before '{' token
 1171 | {
      | ^
Drivers/Linux/net/wireless/rdev-ops.h:1186:1: error: expected '=', ',', ';', 'asm' or '__attribute__' before '{' token
 1186 | {
      | ^
Drivers/Linux/net/wireless/rdev-ops.h:1200:1: error: expected '=', ',', ';', 'asm' or '__attribute__' before '{' token
 1200 | {
      | ^
Drivers/Linux/net/wireless/rdev-ops.h:1211:1: error: expected '=', ',', ';', 'asm' or '__attribute__' before '{' token
 1211 | {
      | ^
Drivers/Linux/net/wireless/rdev-ops.h:1227:1: error: expected '=', ',', ';', 'asm' or '__attribute__' before '{' token
 1227 | {
      | ^
Drivers/Linux/net/wireless/rdev-ops.h:1238:1: error: expected '=', ',', ';', 'asm' or '__attribute__' before '{' token
 1238 | {
      | ^
Drivers/Linux/net/wireless/rdev-ops.h:1251:1: error: expected '=', ',', ';', 'asm' or '__attribute__' before '{' token
 1251 | {
      | ^
Drivers/Linux/net/wireless/rdev-ops.h:1264:1: error: expected '=', ',', ';', 'asm' or '__attribute__' before '{' token
 1264 | {
      | ^
Drivers/Linux/net/wireless/rdev-ops.h:1276:1: error: expected '=', ',', ';', 'asm' or '__attribute__' before '{' token
 1276 | {
      | ^
Drivers/Linux/net/wireless/rdev-ops.h:1290:1: error: expected '=', ',', ';', 'asm' or '__attribute__' before '{' token
 1290 | {
      | ^
Drivers/Linux/net/wireless/rdev-ops.h:1304:1: error: expected '=', ',', ';', 'asm' or '__attribute__' before '{' token
 1304 | {
      | ^
Drivers/Linux/net/wireless/rdev-ops.h:1319:1: error: expected '=', ',', ';', 'asm' or '__attribute__' before '{' token
 1319 | {
      | ^
Drivers/Linux/net/wireless/rdev-ops.h:1333:1: error: expected '=', ',', ';', 'asm' or '__attribute__' before '{' token
 1333 | {
      | ^
Drivers/Linux/net/wireless/rdev-ops.h:1343:1: error: expected '=', ',', ';', 'asm' or '__attribute__' before '{' token
 1343 | {
      | ^
Drivers/Linux/net/wireless/rdev-ops.h:1357:1: error: expected '=', ',', ';', 'asm' or '__attribute__' before '{' token
 1357 | {
      | ^
Drivers/Linux/net/wireless/rdev-ops.h:1369:1: error: expected '=', ',', ';', 'asm' or '__attribute__' before '{' token
 1369 | {
      | ^
Drivers/Linux/net/wireless/rdev-ops.h:1381:1: error: expected '=', ',', ';', 'asm' or '__attribute__' before '{' token
 1381 | {
      | ^
Drivers/Linux/net/wireless/rdev-ops.h:1392:1: error: expected '=', ',', ';', 'asm' or '__attribute__' before '{' token
 1392 | {
      | ^
Drivers/Linux/net/wireless/rdev-ops.h:1405:1: error: expected '=', ',', ';', 'asm' or '__attribute__' before '{' token
 1405 | {
      | ^
Drivers/Linux/net/wireless/rdev-ops.h:1418:1: error: expected '=', ',', ';', 'asm' or '__attribute__' before '{' token
 1418 | {
      | ^
Drivers/Linux/net/wireless/rdev-ops.h:1432:1: error: expected '=', ',', ';', 'asm' or '__attribute__' before '{' token
 1432 | {
      | ^
Drivers/Linux/net/wireless/rdev-ops.h:1448:1: error: expected '=', ',', ';', 'asm' or '__attribute__' before '{' token
 1448 | {
      | ^
Drivers/Linux/net/wireless/rdev-ops.h:1463:1: error: expected '=', ',', ';', 'asm' or '__attribute__' before '{' token
 1463 | {
      | ^
Drivers/Linux/net/wireless/rdev-ops.h:1474:1: error: expected '=', ',', ';', 'asm' or '__attribute__' before '{' token
 1474 | {
      | ^
Drivers/Linux/net/wireless/rdev-ops.h:1488:1: error: expected '=', ',', ';', 'asm' or '__attribute__' before '{' token
 1488 | {
      | ^
Drivers/Linux/net/wireless/rdev-ops.h:1502:1: error: expected '=', ',', ';', 'asm' or '__attribute__' before '{' token
 1502 | {
      | ^
Drivers/Linux/net/wireless/rdev-ops.h:1516:1: error: expected '=', ',', ';', 'asm' or '__attribute__' before '{' token
 1516 | {
      | ^
Drivers/Linux/net/wireless/rdev-ops.h:1532:1: error: expected '=', ',', ';', 'asm' or '__attribute__' before '{' token
 1532 | {
      | ^
Drivers/Linux/net/wireless/rdev-ops.h:1547:1: error: expected '=', ',', ';', 'asm' or '__attribute__' before '{' token
 1547 | {
      | ^
Drivers/Linux/net/wireless/rdev-ops.h:1560:1: error: expected '=', ',', ';', 'asm' or '__attribute__' before '{' token
 1560 | {
      | ^
Drivers/Linux/net/wireless/rdev-ops.h:1575:1: error: expected '=', ',', ';', 'asm' or '__attribute__' before '{' token
 1575 | {
      | ^
Drivers/Linux/net/wireless/ap.c:17:1: error: expected '=', ',', ';', 'asm' or '__attribute__' before '{' token
   17 | {
      | ^
Drivers/Linux/net/wireless/ap.c:58:1: error: expected '=', ',', ';', 'asm' or '__attribute__' before '{' token
   58 | {
      | ^
In file included from Drivers/Linux/net/wireless/ap.c:8:
Drivers/Linux/include/net/cfg80211.h:6423:20: error: old-style parameter declarations in prototyped function definition
 6423 | static inline void wiphy_lock(struct wiphy *wiphy)
      |                    ^~~~~~~~~~
Drivers/Linux/net/wireless/ap.c:74: error: expected '{' at end of input
   74 | }
      | 
In file included from Drivers/Linux/net/wireless/ap.c:8:
Drivers/Linux/include/net/cfg80211.h:6423:45: warning: unused parameter 'wiphy' [-Wunused-parameter]
 6423 | static inline void wiphy_lock(struct wiphy *wiphy)
      |                               ~~~~~~~~~~~~~~^~~~~
make: *** [Makefile:82: build/wireless/ap.o] Error 1
